-- phpMyAdmin SQL Dump
-- version 4.4.7
-- http://www.phpmyadmin.net
--
-- Host: localhost
-- Generation Time: 2017-05-31 10:50:22
-- 服务器版本： 5.6.23-log
-- PHP Version: 5.6.9

SET SQL_MODE = "NO_AUTO_VALUE_ON_ZERO";
SET time_zone = "+00:00";


/*!40101 SET @OLD_CHARACTER_SET_CLIENT=@@CHARACTER_SET_CLIENT */;
/*!40101 SET @OLD_CHARACTER_SET_RESULTS=@@CHARACTER_SET_RESULTS */;
/*!40101 SET @OLD_COLLATION_CONNECTION=@@COLLATION_CONNECTION */;
/*!40101 SET NAMES utf8 */;

--
-- Database: `92ws`
--

-- --------------------------------------------------------

--
-- 表的结构 `thank_access`
--

CREATE TABLE IF NOT EXISTS `thank_access` (
  `uid` mediumint(8) unsigned NOT NULL DEFAULT '0' COMMENT '用户id',
  `role_id` mediumint(8) unsigned NOT NULL DEFAULT '0' COMMENT '角色id'
) ENGINE=InnoDB DEFAULT CHARSET=utf8 COMMENT='角色权限明细表';

--
-- 转存表中的数据 `thank_access`
--

INSERT INTO `thank_access` (`uid`, `role_id`) VALUES
(1, 1),
(2, 2),
(4, 1),
(4, 2);

-- --------------------------------------------------------

--
-- 表的结构 `thank_agent`
--

CREATE TABLE IF NOT EXISTS `thank_agent` (
  `id` int(11) unsigned NOT NULL COMMENT 'ID',
  `member_id` int(11) unsigned NOT NULL DEFAULT '0' COMMENT '管理会员ID',
  `truename` varchar(50) NOT NULL DEFAULT '' COMMENT '姓名',
  `wechat` varchar(50) NOT NULL DEFAULT '' COMMENT '微信号',
  `phone` varchar(50) NOT NULL DEFAULT '' COMMENT '手机号码',
  `grade` tinyint(1) unsigned NOT NULL DEFAULT '0' COMMENT '代理级别',
  `remain_amount` decimal(10,2) unsigned NOT NULL DEFAULT '0.00' COMMENT '代理余款',
  `status` tinyint(1) unsigned NOT NULL DEFAULT '0' COMMENT '0停用1启用',
  `isdel` tinyint(1) NOT NULL DEFAULT '0' COMMENT '是否删除',
  `remark` varchar(1000) NOT NULL DEFAULT '' COMMENT '备注',
  `update_time` int(11) unsigned NOT NULL DEFAULT '0' COMMENT '更新时间',
  `create_time` int(11) unsigned NOT NULL DEFAULT '0' COMMENT '创建时间'
) ENGINE=InnoDB AUTO_INCREMENT=114 DEFAULT CHARSET=utf8 COMMENT='代理表';

--
-- 转存表中的数据 `thank_agent`
--

INSERT INTO `thank_agent` (`id`, `member_id`, `truename`, `wechat`, `phone`, `grade`, `remain_amount`, `status`, `isdel`, `remark`, `update_time`, `create_time`) VALUES
(1, 10000, '张三', '', '', 2, '2.00', 1, 1, '', 1467629133, 1467629133),
(2, 10000, '李四', '', '', 5, '0.00', 1, 1, '', 1467640759, 1467640759),
(3, 10000, '王五', '', '', 4, '0.00', 1, 1, '', 1467640766, 1467640766),
(4, 10000, '张飞', '', '', 3, '1200.00', 1, 1, '', 1467640771, 1467640771),
(5, 10000, '张三丰', '', '', 2, '0.00', 1, 1, '', 1467640793, 1467640793),
(6, 10004, '张三', '', '', 33, '0.00', 1, 0, '', 1468300790, 1468300240),
(7, 10004, '李四', '', '', 34, '0.00', 1, 0, '', 1468300363, 1468300363),
(8, 10004, '赵六', '', '', 32, '0.00', 1, 0, '', 1468300836, 1468300836),
(9, 10004, '周七', '', '', 31, '100.00', 1, 0, '', 1468300919, 1468300919),
(10, 10004, '王八', '', '', 30, '15.00', 1, 0, '', 1468301003, 1468301003),
(11, 10004, '钱九', '', '15555555567', 29, '99.00', 1, 0, '', 1468303555, 1468301040),
(12, 10000, '徐燕萍', '', '15356842219', 3, '0.00', 1, 0, '', 1468501588, 1468501588),
(13, 10000, '骆娟羽', '', '15296068690', 3, '0.00', 1, 0, '', 1468501648, 1468501648),
(14, 10000, '耿玉莲', '', '13662267816', 3, '0.00', 1, 0, '', 1468501799, 1468501799),
(15, 10000, '张红霞', '', '13866805016', 2, '0.00', 1, 0, '', 1468501869, 1468501869),
(16, 10000, '曹永靖', '', '13708270136', 2, '0.00', 1, 0, '', 1468501922, 1468501922),
(17, 10000, '雍少珍', '', '13625502323', 4, '0.00', 1, 0, '', 1470130605, 1468502018),
(18, 10000, '王妹婷', '', '18289807653', 2, '0.00', 1, 1, '', 1468502116, 1468502116),
(19, 10000, '牛颖', '', '13584875707', 3, '0.00', 1, 0, '', 1468502200, 1468502200),
(20, 10000, '杨菊', '', '13628711284', 4, '0.00', 1, 0, '', 1468502283, 1468502283),
(21, 10000, '冉霞娥', '', '15250830873', 3, '0.00', 1, 0, '', 1468502337, 1468502337),
(22, 10000, '莫茵茵', '', '18776987179', 3, '0.00', 1, 0, '', 1468502378, 1468502378),
(23, 10000, '果果', '', '13955781444', 4, '0.00', 1, 0, '', 1469344891, 1468502437),
(24, 10000, '朱渝', '', '15198590586', 4, '0.00', 1, 0, '', 1472270310, 1468502478),
(25, 10000, '孙秀', '', '18337673102', 3, '0.00', 1, 0, '', 1468502529, 1468502529),
(26, 10000, '梁春玉', '', '13899362037', 4, '0.00', 1, 0, '', 1476257460, 1468502584),
(27, 10000, '汪微', '', '13998889590', 4, '0.00', 1, 0, '', 1468502678, 1468502678),
(28, 10000, '彭晓倩', '', '13307663381', 3, '0.00', 1, 0, '', 1468502715, 1468502715),
(29, 10000, '荆海玲', '', '15033260585', 3, '0.00', 1, 0, '', 1468502764, 1468502764),
(30, 10000, '廖世炼', '', '15766095595', 3, '0.00', 1, 0, '', 1468502820, 1468502820),
(31, 10000, '黄海欢', '', '15289860481', 3, '0.00', 1, 1, '', 1468502911, 1468502911),
(32, 10000, '牛孝英', '', '15895705498', 5, '0.00', 1, 0, '', 1468502965, 1468502965),
(33, 10000, '黄贝贝', '', '18608979607', 3, '0.00', 1, 0, '', 1469345996, 1468503003),
(34, 10000, '冯玉林', '', '13399503444', 4, '0.00', 1, 0, '', 1468503053, 1468503053),
(35, 10000, '于琴', '', '18816105688', 3, '0.00', 1, 0, '', 1468503087, 1468503087),
(36, 10000, '孙丽', '', '13971868205', 3, '0.00', 1, 0, '', 1468503147, 1468503147),
(37, 10000, '陆仁云', '', '13686048146', 3, '0.00', 1, 0, '', 1468503190, 1468503190),
(38, 10000, '杨辉燕', '', '18127328360', 3, '0.00', 1, 0, '', 1468503226, 1468503226),
(39, 10000, '候夏卉', '', '18434073619', 4, '0.00', 1, 0, '', 1468503287, 1468503287),
(40, 10000, '李梦霞', '', '13879539320', 5, '0.00', 1, 0, '', 1468503329, 1468503329),
(41, 10008, '测试', '', '', 53, '0.00', 1, 0, '', 1468824810, 1468824810),
(42, 10000, '洪格尔', '', '18247953933', 1, '0.00', 1, 0, '', 1468836110, 1468836110),
(43, 10000, '唐佳', '', '15085389419', 4, '0.00', 1, 0, '', 1470639136, 1469001104),
(44, 10000, '卢慧英', '', '15591630678', 3, '0.00', 1, 0, '', 1469110326, 1469110326),
(45, 10000, '魏美玲', '', '15808063851', 3, '0.00', 1, 0, '', 1470761660, 1469110487),
(46, 10000, '郝丹', '', '13843271275', 3, '0.00', 1, 0, '', 1469536730, 1469110649),
(47, 10000, '赵月元', '', '13428025293', 4, '0.00', 1, 0, '', 1471487057, 1469173489),
(48, 10000, '王涛', '', '18298341879', 3, '0.00', 1, 0, '', 1469452481, 1469452481),
(49, 10000, '甘娇', '', '15872084154', 3, '0.00', 1, 0, '', 1469592474, 1469592474),
(50, 10000, '刘洪香', '', '15026323213', 3, '0.00', 1, 0, '', 1472030329, 1469676025),
(51, 10000, '吕文', '', '13505467673', 4, '0.00', 1, 0, '', 1469786449, 1469786449),
(52, 10000, '周德仙', '', '13759271278', 3, '0.00', 1, 0, '', 1473685442, 1469875844),
(53, 10000, '潘高云', '', '18601319327', 4, '0.00', 1, 0, '', 1471447799, 1470037767),
(54, 10000, '刘镯', '', '13613712927', 3, '0.00', 1, 0, '', 1470212359, 1470212359),
(55, 10000, '黎小姐', '', '85261266602', 3, '0.00', 1, 0, '', 1470225045, 1470225045),
(56, 10000, '曹芬', '', '13560409155', 2, '0.00', 1, 0, '', 1470295739, 1470295739),
(57, 10000, '吴雯玲', '', '15139627175', 3, '0.00', 1, 0, '', 1470320872, 1470320872),
(58, 10000, '庞光耘', '', '18976834819', 2, '0.00', 1, 0, '', 1470449492, 1470449492),
(59, 10000, '姜悦', '', '15141965576', 2, '0.00', 1, 0, '', 1471318971, 1471318971),
(60, 10000, '高锦珠', '', '15208998017', 3, '0.00', 1, 0, '', 1474020540, 1471792488),
(61, 10000, '石岩', '', '17733788306', 3, '0.00', 1, 0, '', 1472018632, 1472018632),
(62, 10000, '钱红菊', '', '18039688320', 1, '0.00', 1, 0, '', 1472743809, 1472743809),
(63, 10000, '兰翔', '', '13117905289', 3, '0.00', 1, 0, '', 1472964522, 1472964522),
(64, 10000, '甄贝贝', '', '18020549953', 4, '0.00', 1, 0, '', 1473220980, 1473220980),
(65, 10000, '徐朵', '', '15256986043', 2, '0.00', 1, 0, '', 1473313377, 1473313377),
(66, 10000, '陈芳芳', '', '15111563431', 3, '0.00', 1, 0, '', 1473353449, 1473353449),
(67, 10000, '刘畅', '', '15940711558', 3, '0.00', 1, 0, '', 1474511380, 1474511380),
(68, 10000, '杨淑娟', '', '15229562726', 1, '0.00', 1, 0, '', 1474860601, 1474860601),
(69, 10000, '陈巍巍', '', '13588995566', 1, '0.00', 1, 0, '', 1474941547, 1474941547),
(70, 10000, '张红英', '', '13646291819', 1, '0.00', 1, 0, '', 1475044514, 1475044514),
(71, 10000, '洪媚珍', '', '13516569642', 2, '0.00', 1, 0, '', 1475130422, 1475130422),
(72, 10000, '舒丹', '', '13322280777', 1, '0.00', 1, 0, '', 1475225341, 1475225341),
(73, 10000, '文小红', '', '13765965508', 2, '0.00', 1, 0, '', 1491793722, 1476027746),
(74, 10000, '孟仁米', '', '15112789545', 4, '0.00', 1, 0, '', 1493189485, 1476027891),
(75, 10000, '孙燕', '', '18654973260', 4, '0.00', 1, 0, '', 1478358099, 1476780161),
(76, 10000, '李芳', '', '18152229477', 3, '0.00', 1, 0, '', 1477236629, 1477236629),
(77, 10000, '张蓓', '', '18791316354', 4, '0.00', 1, 0, '', 1483759424, 1477236863),
(78, 10000, '雯欣', '', '15221219170', 3, '0.00', 1, 0, '', 1477237190, 1477237190),
(79, 10000, '杨胜召', '', '13160693935', 2, '0.00', 1, 0, '', 1477373653, 1477373653),
(80, 10000, '罗建梅', '', '18476235710', 3, '0.00', 1, 0, '', 1486958068, 1477550950),
(81, 10000, '李静', '', '15939039657', 2, '0.00', 1, 0, '', 1477754918, 1477754918),
(82, 10000, '张露心', '', '13867758403', 3, '0.00', 1, 0, '', 1482238387, 1478948244),
(83, 10000, '马海芳', '', '18194107756', 3, '0.00', 1, 1, '', 1479117785, 1479117785),
(84, 10000, '张旭兰', '', '13393227620', 1, '0.00', 1, 0, '', 1480060016, 1480060016),
(85, 10000, '农泽雄', '', '15278155680', 2, '0.00', 1, 0, '', 1480321757, 1480321757),
(86, 10000, '苏小芬', '', '18784024894', 3, '0.00', 1, 0, '', 1482238581, 1480589483),
(87, 10000, '周晏红', '', '15971049939', 3, '0.00', 1, 0, '', 1481114923, 1481114923),
(88, 10000, '林静', '', '18856685951', 1, '0.00', 1, 0, '', 1481278389, 1481278389),
(89, 10000, '种位位', '', '15922181578', 4, '0.00', 1, 0, '', 1482238025, 1482238025),
(90, 10000, '王辉', '', '18736048585', 2, '0.00', 1, 0, '', 1482727601, 1482727601),
(91, 10000, '鄢虹', '', '18382003393', 1, '0.00', 1, 0, '', 1482816720, 1482816720),
(92, 10000, '刘学敬', '', '15106838168', 2, '0.00', 1, 0, '', 1482892812, 1482892812),
(93, 10000, '李杰', '', '13965932305', 1, '0.00', 1, 0, '', 1483602238, 1483602238),
(94, 10000, '杜旭红', '', '13717646062', 1, '0.00', 1, 0, '', 1483690987, 1483690987),
(95, 10000, '彭晓可', '', '15836993481', 2, '0.00', 1, 0, '', 1484031228, 1484031228),
(96, 10000, '杜洋', '', '18275520277', 1, '0.00', 1, 0, '', 1484105676, 1484105676),
(97, 10000, '赵丽', '', '18340601680', 3, '0.00', 1, 0, '', 1486300661, 1486300661),
(98, 10000, '苏振兰', '', '17740363436', 3, '0.00', 1, 0, '', 1486300953, 1486300953),
(99, 10000, '郑永春', '', '15768591102', 3, '0.00', 1, 0, '', 1486301151, 1486301151),
(100, 10000, '桑小倩', '', '13698592810', 3, '0.00', 1, 0, '', 1486371358, 1486371358),
(101, 10000, '豹黎娇', '', '18789911303', 3, '0.00', 1, 0, '', 1486711972, 1486711972),
(102, 10000, '马梦平', '', '15343926660', 2, '0.00', 1, 0, '', 1487308637, 1487308637),
(103, 10000, '严婉铭', '', '15931863381', 2, '0.00', 1, 0, '', 1487737396, 1487737396),
(104, 10000, '陈娟娟', '', '13662085436', 2, '0.00', 1, 0, '', 1488255314, 1488255314),
(105, 10000, '曾辉', '', '15807476352', 1, '0.00', 1, 0, '', 1489389405, 1489389405),
(106, 10000, '张玉霞', '', '15349029499', 2, '0.00', 1, 0, '', 1490856596, 1490856596),
(107, 10000, '陈海华', '', '15091947314', 4, '0.00', 1, 0, '', 1491815361, 1491812997),
(108, 10000, '薛菲菲', '', '15937202617', 1, '0.00', 1, 0, '', 1492137426, 1492137426),
(109, 10000, '梁小霞', '', '13347557013', 3, '0.00', 1, 0, '', 1494736572, 1492752593),
(110, 10000, '杨春梅', '', '15133423979', 3, '0.00', 1, 0, '', 1495686240, 1493882212),
(111, 10000, '王燕婷', '', '18789582630', 3, '0.00', 1, 0, '', 1494489996, 1494489996),
(112, 10000, '姚玉', '', '18356079077', 1, '0.00', 1, 0, '', 1494736829, 1494736829),
(113, 10000, '任淑霞', '', '13944729627', 2, '0.00', 1, 0, '', 1495869070, 1495869070);

-- --------------------------------------------------------

--
-- 表的结构 `thank_agent_extend`
--

CREATE TABLE IF NOT EXISTS `thank_agent_extend` (
  `id` int(11) unsigned NOT NULL COMMENT 'ID',
  `member_id` int(11) unsigned NOT NULL DEFAULT '0' COMMENT '会员id',
  `agent_id` int(11) unsigned NOT NULL DEFAULT '0' COMMENT '管理代理id',
  `name` varchar(50) NOT NULL DEFAULT '' COMMENT '收货人姓名',
  `phone` varchar(50) NOT NULL DEFAULT '' COMMENT '收货人号码',
  `province_id` int(11) unsigned NOT NULL DEFAULT '0' COMMENT '省份ID',
  `city_id` int(11) unsigned NOT NULL DEFAULT '0' COMMENT '城市ID',
  `address` varchar(200) NOT NULL DEFAULT '' COMMENT '详细地址',
  `isdel` tinyint(1) NOT NULL DEFAULT '0' COMMENT '是否删除',
  `remark` varchar(1000) NOT NULL DEFAULT '' COMMENT '备注',
  `status` tinyint(1) unsigned NOT NULL DEFAULT '0' COMMENT '状态',
  `update_time` int(11) unsigned NOT NULL DEFAULT '0' COMMENT '更新时间',
  `create_time` int(11) unsigned NOT NULL DEFAULT '0' COMMENT '创建时间'
) ENGINE=InnoDB AUTO_INCREMENT=119 DEFAULT CHARSET=utf8 COMMENT='代理地址表';

--
-- 转存表中的数据 `thank_agent_extend`
--

INSERT INTO `thank_agent_extend` (`id`, `member_id`, `agent_id`, `name`, `phone`, `province_id`, `city_id`, `address`, `isdel`, `remark`, `status`, `update_time`, `create_time`) VALUES
(1, 10000, 4, '张飞1', '1111111111', 2, 37, '11111111', 0, '', 1, 1467688138, 1467688138),
(2, 10000, 4, '张飞2', '222222222222', 2, 37, '3333333333', 0, '', 1, 1467688153, 1467688153),
(3, 10000, 4, '张飞3', '11111111', 4, 51, '3333333333333', 0, '', 1, 1467688168, 1467688168),
(4, 10000, 3, '王五22', '222222', 6, 74, '333333333', 0, '', 1, 1467697431, 1467697431),
(5, 10000, 4, '张飞4', '12121', 12, 145, '', 0, '', 1, 1467726156, 1467726156),
(6, 10004, 7, '李四', '15555555555', 1, 36, '天安门', 0, '', 1, 1468300686, 1468300686),
(7, 10004, 6, '张三', '15555555555', 2, 37, '天津小区', 0, '', 1, 1468300728, 1468300728),
(8, 10004, 8, '赵六', '15555555555', 3, 38, '石家庄小区', 0, '', 1, 1468300858, 1468300858),
(9, 10004, 9, '周七', '15555555555', 9, 108, '浦东小区', 0, '', 1, 1468300946, 1468300946),
(10, 10004, 10, '王八', '15555555555', 10, 112, '常州小区', 0, '', 1, 1468301020, 1468301020),
(11, 10004, 11, '钱九', '15555555555', 4, 49, '太原小区', 0, '', 1, 1468301063, 1468301063),
(12, 10004, 8, '赵六222', '18888888888', 12, 147, '九华山', 0, '九华山', 1, 1468417398, 1468417398),
(13, 10000, 12, '徐燕萍', '15356842219', 11, 123, '鄞州区洞桥镇中心幼儿园文卫园', 0, '', 1, 1468501621, 1468501621),
(14, 10000, 13, '骆娟羽', '15296068690', 20, 349, '南丹县百舜建材诚千佳御品家具城', 0, '', 1, 1468501774, 1468501774),
(15, 10000, 14, '耿玉莲', '13662267816', 19, 237, '龙岗区黄阁坑看守所', 0, '', 1, 1468501840, 1468501840),
(16, 10000, 15, '张红霞', '13866805016', 12, 147, '青阳县丁桥镇丁圩服装厂', 0, '', 1, 1468501902, 1468501902),
(17, 10000, 16, '曹永靖', '13708270136', 23, 302, '嘉陵区玉屏公园售票处', 0, '', 1, 1468501949, 1468501949),
(18, 10000, 17, '雍少珍', '13625502323', 12, 350, '良种厂一队13号', 0, '', 1, 1483772651, 1468502090),
(19, 10000, 18, '王妹婷', '18289807653', 21, 281, '博厚镇政府', 0, '', 1, 1468502174, 1468502174),
(20, 10000, 19, '牛颖', '13584875707', 10, 113, '虎丘区华枫路斯坦雷电气有限公司150-70a', 0, '', 1, 1468502237, 1468502237),
(21, 10000, 20, '杨菊', '13628711284', 10, 115, '新浦区海昌路海南小区33号楼（众兴园1号2单元302室）', 0, '', 1, 1468502308, 1468502308),
(22, 10000, 21, '冉霞娥', '15250830873', 10, 110, '宜兴县芳桥镇新龙眼小区3栋401室', 0, '', 1, 1468502364, 1468502364),
(23, 10000, 22, '莫茵茵', '18776987179', 20, 257, '青秀区建政路南八里8号', 0, '', 1, 1468502406, 1468502406),
(24, 10000, 23, '果果', '13955781444', 12, 144, '墉桥区东昌路小海岛', 0, '', 1, 1468502461, 1468502461),
(25, 10000, 24, '朱渝', '15198590586', 25, 0, '昭通市昭阳区珠泉路42号附8号', 0, '', 1, 1486626304, 1468502507),
(26, 10000, 25, '孙秀', '18337673102', 16, 201, '淮滨县芦集乡张楼三队', 0, '', 1, 1468502563, 1468502563),
(27, 10000, 26, '梁春玉', '13899362037', 31, 351, '8区40栋4单元1001室', 0, '', 1, 1468502656, 1468502656),
(28, 10000, 27, '汪微', '13998889590', 6, 72, '沈河区团结路103-2号5-4-1', 0, '', 1, 1468502700, 1468502700),
(29, 10000, 28, '彭晓倩', '13307663381', 21, 276, '礼记镇万礼街', 0, '', 1, 1468502746, 1468502746),
(30, 10000, 29, '荆海玲', '15033260585', 3, 43, '定兴县北南才乡北南才村', 0, '', 1, 1468502800, 1468502800),
(31, 10000, 30, '廖世炼', '15766095595', 19, 352, '林头镇那关管区那关村', 0, '', 1, 1468502889, 1468502889),
(32, 10000, 31, '黄海欢', '15289860481', 21, 270, '秀英区科技大道向荣村357号', 0, '', 1, 1468502949, 1468502949),
(33, 10000, 32, '牛孝英', '15895705498', 10, 118, '都区大会堂南路17号108室', 0, '', 1, 1468502988, 1468502988),
(34, 10000, 33, '黄贝贝', '18389631902', 21, 270, '陵水县英州镇天仔中学', 0, '', 1, 1472224135, 1468503029),
(35, 10000, 34, '冯玉林', '13399503444', 12, 350, '天聚山庄一幢（电话不通就放门口花店）', 0, '', 1, 1468503072, 1468503072),
(36, 10000, 35, '于琴', '18816105688', 15, 171, '恒台县新城镇王家店兴隆知味园', 0, '', 1, 1468503125, 1468503125),
(37, 10000, 36, '孙丽', '13971868205', 17, 210, '沙洋县洪岭大道南7号海怡苑8栋301室', 0, '', 1, 1468503177, 1468503177),
(38, 10000, 37, '陆仁云', '13659616849', 20, 0, '凭祥市友谊镇礼茶村下礼屯37号', 0, '', 1, 1486958313, 1468503211),
(39, 10000, 38, '杨辉燕', '18127328360', 19, 243, '化州市鉴江开发区向阳路恒运网吧', 0, '', 1, 1468503269, 1468503269),
(40, 10000, 39, '候夏卉', '18434073619', 4, 58, '尧都区刘村镇南村迎宾路南四巷3号', 0, '', 1, 1468503311, 1468503311),
(41, 10000, 40, '李梦霞', '13879539320', 14, 353, '小港镇北荣村', 0, '', 1, 1468503403, 1468503403),
(42, 10008, 41, '测试', '15555555555', 13, 149, '42235235', 0, '', 1, 1468824974, 1468824974),
(43, 10000, 42, '洪格尔', '18247953933', 5, 70, '锡林浩特市贝子庙西200米路南白音敖包图蒙餐', 0, '', 1, 1468836285, 1468836285),
(44, 10000, 43, '唐佳', '15085389419', 24, 319, '威宁县哲觉镇中通快递点', 0, '', 1, 1470994773, 1469001175),
(45, 10000, 44, '卢慧英', '15591630678', 27, 338, '洋县北环路巩家槽路口千艺发艺', 0, '', 1, 1469110419, 1469110419),
(46, 10000, 45, '魏美玲', '15808063851', 22, 291, '丰都县水天坪携港都市工业园区1栋12-1', 0, '', 1, 1469110591, 1469110591),
(47, 10000, 46, '郝丹', '13843271275', 7, 354, '白石山镇老郝家食品商店', 0, '', 1, 1469110757, 1469110757),
(48, 10000, 47, '赵月元', '13428025293', 19, 245, '惠阳区镇隆镇长龙创毅兴对面小店', 0, '', 1, 1476082225, 1469173572),
(49, 10000, 48, '王涛', '18298341879', 28, 339, '城关区甘肃中医药大学', 0, '', 1, 1469452603, 1469452603),
(50, 10000, 49, '甘娇', '15872084154', 17, 214, '咸安区汀泗桥镇派出所对面怡景佳园', 0, '', 1, 1469594414, 1469594414),
(51, 10000, 50, '刘洪香', '15026323213', 31, 0, '喀什地区喀什市多来特巴格乡安泰小区12号楼', 0, '', 1, 1472030487, 1469676198),
(52, 10000, 51, '吕文', '13505467673', 15, 173, '山东省东营市东营区文汇街道淄博路天城花园门口西30米中国体育彩票', 0, '', 1, 1469786654, 1469786654),
(53, 10000, 52, '周德仙', '13759271278', 25, 0, '西双版纳 州景洪市花伴里2栋', 0, '', 1, 1469875936, 1469875909),
(54, 10000, 53, '潘高云', '18601319327', 1, 36, '海淀区巨山路78号院-2北方福瑞汽车销售有限公司', 0, '', 1, 1470295595, 1470037887),
(55, 10000, 54, '刘镯', '13613712927', 16, 186, '金水区园田路8号鸿鑫公寓4号楼2单元', 0, '', 1, 1470212630, 1470212630),
(56, 10000, 55, '黎小姐', '85261266602', 33, 0, '新界荃湾楊屋道168国际信通中心1103室', 0, '', 1, 1470226304, 1470226304),
(57, 10000, 56, '曹芬', '13560409155', 19, 0, '佛山市南海桂城东二中心大街10号', 0, '', 1, 1470295865, 1470295865),
(58, 10000, 57, '吴雯玲', '15139627175', 16, 203, '正阳县慎水乡刘桂村', 0, '', 1, 1470320924, 1470320924),
(59, 10000, 58, '庞光耘', '18976834819', 21, 274, '加积镇朝阳区', 0, '', 1, 1470449558, 1470449558),
(60, 10000, 59, '姜悦', '15141965576', 6, 85, '建昌县大屯镇', 0, '', 1, 1471319045, 1471319045),
(61, 10000, 60, '高锦珠', '15208998017', 21, 270, '琼山区国兴街道文坛路2号海南工商职业学院', 0, '', 1, 1474020521, 1471792553),
(62, 10000, 61, '石岩', '17733788306', 3, 46, '南皮县德信商厦', 0, '', 1, 1472018701, 1472018701),
(63, 10000, 62, '钱红菊', '18039688320', 10, 0, '太仓市花园二村23号', 0, '', 1, 1472743856, 1472743856),
(64, 10000, 43, '唐佳', '18485824969', 24, 0, '都匀市开发区龙山大道黔南民族师范学院学生宿舍7栋', 0, '', 1, 1472804764, 1472804764),
(65, 10000, 63, '兰翔', '13117905289', 14, 162, '江西工程学院第三校区', 0, '', 1, 1472964569, 1472964569),
(66, 10000, 64, '甄贝贝', '18020549953', 10, 0, '邳州市陈楼镇', 0, '', 1, 1473221046, 1473221046),
(67, 10000, 65, '徐朵', '15256986043', 10, 112, '新北区小河镇青城加油站对面常澄物流广州沈阳专线', 0, '', 1, 1473313544, 1473313544),
(68, 10000, 66, '陈芳芳', '15111563431', 18, 221, '开福区四方坪街道才子佳苑G栋一单元410005', 0, '', 1, 1473353562, 1473353562),
(69, 10000, 67, '刘畅', '15940711558', 6, 80, '渤海大街西21号交通银行转核算中心', 0, '', 1, 1474511453, 1474511453),
(70, 10000, 68, '杨淑娟', '15229562726', 27, 0, '汉中市勉县和平路精英网吧', 0, '', 1, 1474860713, 1474860713),
(71, 10000, 69, '陈巍巍', '13588995566', 11, 122, '萧山区风情大道239号风情雅苑1幢1201室', 0, '', 1, 1474941676, 1474941676),
(72, 10000, 70, '张红英', '13646291819', 10, 114, '启东市汇龙镇长龙二村D村1208室', 0, '', 1, 1475044594, 1475044594),
(73, 10000, 71, '洪媚珍', '13516569642', 19, 240, '顺德区新隆村钟灵巷9巷8号', 0, '', 1, 1475130596, 1475130596),
(74, 10000, 72, '舒丹', '13322280777', 6, 73, '甘井子区周水子街道甘井子区第五郡佳林园10号楼1单元1层3号', 0, '', 1, 1475225467, 1475225467),
(75, 10000, 73, '文小红', '13765965508', 24, 315, '务川自治县水利局家属院5幢1单元', 0, '', 1, 1491793757, 1476027817),
(76, 10000, 74, '孟仁米', '13650003347', 19, 251, '塘厦镇新太阳城工业区106栋', 0, '', 1, 1488871710, 1476027930),
(77, 10000, 40, '李梦霞', '13879539320', 14, 158, '青山湖区上海路街道火炬二路罗万下万村191号', 0, '', 1, 1476326134, 1476326001),
(78, 10000, 75, '孙燕', '18654973260', 15, 181, '兰山区金雀山路与商城路交汇西南角山村老公鸡', 0, '', 1, 1476780339, 1476780339),
(79, 10000, 76, '李芳', '18152229477', 28, 0, '定西市渭源县清源镇中药菜市场对面院内西09号', 0, '', 1, 1477236749, 1477236749),
(80, 10000, 77, '张蓓', '18791316354', 27, 0, '韩城市中环广场汇福苑小区', 0, '', 1, 1487659569, 1477236982),
(81, 10000, 78, '雯欣', '15221219170', 9, 108, '闸北区共和新路1700弄7号103室', 0, '', 1, 1477237276, 1477237276),
(82, 10000, 80, '罗建梅', '18476235710', 19, 248, '源城区高塘工业园恒福陶瓷', 0, '', 1, 1477551033, 1477551033),
(83, 10000, 81, '李静', '15939039657', 16, 186, '高新区金菊街格力生活区', 0, '', 1, 1477754958, 1477754958),
(84, 10000, 82, '张露心', '13867758403', 11, 124, '泰顺县雅阳镇', 0, '', 1, 1478948300, 1478948300),
(85, 10000, 83, '马海芳', '18194107756', 28, 0, '甘南藏族自治州合作市当周街道合码路甘肃民族师范学院', 0, '', 1, 1479118142, 1479118142),
(86, 10000, 84, '张旭兰', '13393227620', 3, 0, '定州市杨家庄乡石板村', 0, '', 1, 1480060112, 1480060112),
(87, 10000, 85, '农泽雄', '15278155680', 20, 269, '宁明县明江镇百泉村', 0, '', 1, 1480321826, 1480321826),
(88, 10000, 86, '苏小芬', '18784024894', 23, 297, '涪城区三里三社', 0, '', 1, 1480589680, 1480589680),
(89, 10000, 87, '周晏红', '15971049939', 17, 208, '谷城县城关镇锅底湖村二组', 0, '', 1, 1481115038, 1481115038),
(90, 10000, 88, '林静', '18856685951', 12, 147, '青阳县蓉城镇木镇路97号明珠商店', 0, '', 1, 1481278453, 1481278453),
(91, 10000, 89, '种位位', '15922181578', 2, 37, '天津市红桥区芥园道米兰水西园16号2门602', 0, '', 1, 1482238067, 1482238067),
(92, 10000, 90, '王辉', '18736048585', 3, 47, '经济技术开发区麻营小区8号楼4单元102室', 0, '', 1, 1482727672, 1482727672),
(93, 10000, 91, '鄢虹', '18382003393', 23, 292, '高新区天府大道天府三街新希望国际B座517', 0, '', 1, 1482816847, 1482816847),
(94, 10000, 92, '刘学敬', '15106838168', 15, 183, '冠县桑阿镇白佛头村', 0, '', 1, 1482892908, 1482892908),
(95, 10000, 93, '李杰', '13965932305', 12, 147, '青阳县蓉城镇蓉西南路62号JJ化妆美甲纹绣美容（有意思背后的河边上，台球室隔壁）', 0, '', 1, 1483602427, 1483602427),
(96, 10000, 94, '杜旭红', '13717646062', 1, 36, '顺义区石槽镇下西市村金龙电动车行', 0, '', 1, 1483691067, 1483691067),
(97, 10000, 95, '彭晓可', '15836993481', 16, 189, '新华区曙光街街道大李庄天天鲜超市附近', 0, '', 1, 1484031456, 1484031456),
(98, 10000, 96, '杜洋', '18275520277', 24, 315, '播州区鸭溪镇鸭中路', 0, '', 1, 1484105800, 1484105800),
(99, 10000, 97, '赵丽', '18340601680', 6, 80, '鲅鱼圈区辽宁营口仙人岛能源化工区中小企业工业园营口瑞洋实业有限公司', 0, '', 1, 1486300891, 1486300891),
(100, 10000, 98, '苏振兰', '17740363436', 3, 46, '青县清州镇乌牛庄村', 0, '', 1, 1486301090, 1486301090),
(101, 10000, 99, '郑永春', '15768591102', 21, 270, '龙华区坡博西村338号', 0, '', 1, 1486301240, 1486301240),
(102, 10000, 100, '桑小倩', '13698592810', 24, 314, '盘县响水镇上汤章村十组', 0, '', 1, 1486371436, 1486371436),
(103, 10000, 101, '豹黎娇', '18789911303', 21, 0, '澄迈县家家旺超市', 0, '', 1, 1486712031, 1486712031),
(104, 10000, 102, '马梦平', '15343926660', 16, 195, '华龙区黄河路与长庆路交叉口银座商城一楼名表', 0, '', 1, 1487308724, 1487308724),
(105, 10000, 103, '严婉铭', '15931863381', 1, 36, '房山区窦店镇白草洼现代管理大学', 0, '', 1, 1487737512, 1487737512),
(106, 10000, 104, '陈娟娟', '13662085436', 2, 37, '蓟县下仓镇大杨各庄村1区3排71号', 0, '', 1, 1488255411, 1488255411),
(107, 10000, 45, '魏美玲', '15808063851', 19, 237, '宝安区西乡鹤洲东区四巷六号', 0, '', 1, 1488769153, 1488769153),
(108, 10000, 105, '曾辉', '15807476352', 19, 235, '增城区新塘镇长岗村金中山博雅幼儿园', 0, '', 1, 1489389605, 1489389605),
(109, 10000, 106, '张玉霞', '15349029499', 28, 0, '舟曲县城关镇舟林嘉苑', 0, '', 1, 1490856685, 1490856685),
(110, 10000, 73, '文小红', '13765965508', 9, 108, '杨浦区殷行街道民星路270号游子宾馆315号房间', 0, '', 1, 1491793934, 1491793934),
(111, 10000, 107, '陈海华', '15091947314', 21, 0, '陵水黎族自治县椰林镇陵水中学', 0, '', 1, 1491815407, 1491813165),
(112, 10000, 108, '薛菲菲', '15937202617', 16, 190, '滑县老店镇芦外村西头', 0, '', 1, 1492137528, 1492137528),
(113, 10000, 109, '梁小霞', '13347557013', 20, 265, '博白县东平镇', 0, '', 1, 1492752652, 1492752652),
(114, 10000, 110, '杨文俊', '15030368477', 3, 44, '蔚县南留庄镇邮局', 0, '', 1, 1493882273, 1493882273),
(115, 10000, 111, '王燕婷', '18789582630', 21, 271, '海棠湾区藤桥镇糖厂大门', 0, '', 1, 1494490070, 1494490070),
(116, 10000, 112, '姚玉', '18356079077', 11, 123, '江北区洪塘街道长兴路盛世嘉苑小区6幢65号307室', 0, '', 1, 1494736898, 1494736898),
(117, 10000, 110, '杨春梅', '15133423979', 3, 47, '大厂县潮白河工业园区工业二路金诺阳光玻璃', 0, '', 1, 1495686465, 1495686391),
(118, 10000, 113, '任淑霞', '13944729627', 7, 0, '敦化市陈大娘酱料炸串店', 0, '', 1, 1495869429, 1495869429);

-- --------------------------------------------------------

--
-- 表的结构 `thank_area`
--

CREATE TABLE IF NOT EXISTS `thank_area` (
  `id` int(11) unsigned NOT NULL COMMENT 'ID',
  `province_id` int(11) NOT NULL DEFAULT '0' COMMENT '省份id',
  `city_id` int(11) unsigned NOT NULL DEFAULT '0' COMMENT '城市ID',
  `name` varchar(50) NOT NULL DEFAULT '' COMMENT '区域板块名称',
  `letter` varchar(20) NOT NULL DEFAULT '' COMMENT '城市拼音',
  `seo` varchar(20) NOT NULL DEFAULT '' COMMENT '城市seo关键字',
  `mapx` varchar(50) NOT NULL DEFAULT '' COMMENT '地图纬度',
  `mapy` varchar(50) NOT NULL DEFAULT '' COMMENT '地图经度',
  `ishot` tinyint(1) unsigned NOT NULL DEFAULT '0' COMMENT '是否热门',
  `remark` varchar(1000) NOT NULL DEFAULT '' COMMENT '备注',
  `status` tinyint(1) unsigned NOT NULL DEFAULT '0' COMMENT '是否显示',
  `listorder` int(11) unsigned NOT NULL DEFAULT '0' COMMENT '排序字段',
  `update_time` int(11) unsigned NOT NULL DEFAULT '0' COMMENT '更新时间',
  `create_time` int(11) unsigned NOT NULL DEFAULT '0' COMMENT '创建时间'
) ENGINE=InnoDB AUTO_INCREMENT=3 DEFAULT CHARSET=utf8 COMMENT='区域板块表';

--
-- 转存表中的数据 `thank_area`
--

INSERT INTO `thank_area` (`id`, `province_id`, `city_id`, `name`, `letter`, `seo`, `mapx`, `mapy`, `ishot`, `remark`, `status`, `listorder`, `update_time`, `create_time`) VALUES
(2, 1, 36, '啊啊发', '', '', '', '', 0, '', 1, 0, 1467371074, 1467371074);

-- --------------------------------------------------------

--
-- 表的结构 `thank_category`
--

CREATE TABLE IF NOT EXISTS `thank_category` (
  `id` int(11) unsigned NOT NULL COMMENT 'ID',
  `parentid` int(11) unsigned NOT NULL DEFAULT '0' COMMENT '父分类ID',
  `name` varchar(50) NOT NULL DEFAULT '' COMMENT '分类名称',
  `remark` varchar(1000) NOT NULL DEFAULT '' COMMENT '备注',
  `status` tinyint(1) unsigned NOT NULL DEFAULT '0' COMMENT '是否启用',
  `listorder` int(11) unsigned NOT NULL DEFAULT '0' COMMENT '排序字段',
  `update_time` int(11) unsigned NOT NULL DEFAULT '0' COMMENT '更新时间',
  `create_time` int(11) unsigned NOT NULL DEFAULT '0' COMMENT '创建时间'
) ENGINE=InnoDB AUTO_INCREMENT=7 DEFAULT CHARSET=utf8 COMMENT='文章分类表';

--
-- 转存表中的数据 `thank_category`
--

INSERT INTO `thank_category` (`id`, `parentid`, `name`, `remark`, `status`, `listorder`, `update_time`, `create_time`) VALUES
(1, 0, '文章分类', '', 1, 2, 1438140622, 1438140622),
(3, 0, '资讯分类', '4324324', 1, 0, 1438140693, 1438140693),
(4, 3, '测试', '3242345', 1, 0, 1438140699, 1438140699),
(5, 1, 'ceshi 2', '', 1, 0, 1440040774, 1440040774),
(6, 1, 'ceshi3', '', 1, 0, 1440040784, 1440040784);

-- --------------------------------------------------------

--
-- 表的结构 `thank_city`
--

CREATE TABLE IF NOT EXISTS `thank_city` (
  `id` int(11) unsigned NOT NULL COMMENT 'ID',
  `parentid` varchar(50) NOT NULL DEFAULT '' COMMENT '所属省份',
  `name` varchar(50) NOT NULL DEFAULT '' COMMENT '城市名称',
  `letter` varchar(20) NOT NULL COMMENT '城市首字母',
  `seo` varchar(20) NOT NULL DEFAULT '' COMMENT '城市缩写',
  `remark` varchar(255) NOT NULL DEFAULT '' COMMENT '备注',
  `ishot` tinyint(1) unsigned NOT NULL DEFAULT '0' COMMENT '是否热门',
  `status` tinyint(1) unsigned NOT NULL DEFAULT '0' COMMENT '是否显示',
  `listorder` int(11) unsigned NOT NULL DEFAULT '0' COMMENT '排序字段',
  `update_time` int(11) unsigned NOT NULL DEFAULT '0' COMMENT '更新时间',
  `create_time` int(11) unsigned NOT NULL DEFAULT '0' COMMENT '创建时间'
) ENGINE=InnoDB AUTO_INCREMENT=355 DEFAULT CHARSET=utf8 COMMENT='站点城市表';

--
-- 转存表中的数据 `thank_city`
--

INSERT INTO `thank_city` (`id`, `parentid`, `name`, `letter`, `seo`, `remark`, `ishot`, `status`, `listorder`, `update_time`, `create_time`) VALUES
(1, '0', '北京', 'bj', 'beijing', '', 0, 1, 0, 1467354837, 1467354837),
(2, '0', '天津', 'tj', 'tianjing', '', 0, 1, 0, 1467354853, 1467354853),
(3, '0', '河北省', 'hb', 'hebei', '', 0, 1, 0, 1467354870, 1467354870),
(4, '0', '山西省', 'sx', 'shanxi', '', 0, 1, 0, 1467354888, 1467354888),
(5, '0', '内蒙古自治区', 'nmg', 'neimenggu', '', 0, 1, 0, 1467354931, 1467354931),
(6, '0', '辽宁省', 'ln', 'liaoning', '', 0, 1, 0, 1467354963, 1467354963),
(7, '0', '吉林省', 'jl', 'jilin', '', 0, 1, 0, 1467354984, 1467354984),
(8, '0', '黑龙江省', 'hlj', 'heilongjiang', '', 0, 1, 0, 1467355006, 1467355006),
(9, '0', '上海', 'sh', 'shanghai', '', 0, 1, 0, 1467355020, 1467355020),
(10, '0', '江苏省', 'js', 'jiangsu', '', 0, 1, 0, 1467355036, 1467355036),
(11, '0', '浙江省', 'zj', 'zhejiang', '', 0, 1, 0, 1467355049, 1467355049),
(12, '0', '安徽省', 'ah', 'anhui', '', 0, 1, 0, 1467355064, 1467355064),
(13, '0', '福建省', 'fj', 'fujian', '', 0, 1, 0, 1467355080, 1467355080),
(14, '0', '江西省', 'jx', 'jiangxi', '', 0, 1, 0, 1467355100, 1467355100),
(15, '0', '山东省', 'sd', 'shandong', '', 0, 1, 0, 1467355117, 1467355117),
(16, '0', '河南省', 'hn', 'henan', '', 0, 1, 0, 1467355129, 1467355129),
(17, '0', '湖北省', 'hb', 'hubei', '', 0, 1, 0, 1467355143, 1467355143),
(18, '0', '湖南省', 'hb', 'hubei', '', 0, 1, 0, 1467355161, 1467355161),
(19, '0', '广东省', 'gd', 'guangdong', '', 0, 1, 0, 1467355174, 1467355174),
(20, '0', '广西壮族自治区', 'gxzz', 'guangxizhuangzu', '', 0, 1, 0, 1467355222, 1467355222),
(21, '0', '海南省', 'hn', 'hainan', '', 0, 1, 0, 1467355236, 1467355236),
(22, '0', '重庆', 'cq', 'chongqing', '', 0, 1, 0, 1467355249, 1467355249),
(23, '0', '四川省', 'sc', 'sichuan', '', 0, 1, 0, 1467355269, 1467355269),
(24, '0', '贵州省', 'gz', 'guizhou', '', 0, 1, 0, 1467355292, 1467355292),
(25, '0', '云南省', 'yn', 'yunnan', '', 0, 1, 0, 1467355308, 1467355308),
(26, '0', '西藏自治区', 'xz', 'xizang', '', 0, 1, 0, 1467355326, 1467355326),
(27, '0', '陕西省', 'sx', 'shanxi', '', 0, 1, 0, 1467355354, 1467355354),
(28, '0', '甘肃省', 'gs', 'gansu', '', 0, 1, 0, 1467355370, 1467355370),
(29, '0', '青海省', 'qh', 'qinghai', '', 0, 1, 0, 1467355385, 1467355385),
(30, '0', '宁夏回族自治区', 'nx', 'ningxia', '', 0, 1, 0, 1467355405, 1467355405),
(31, '0', '新疆维吾尔自治区', 'xj', 'xinjiang', '', 0, 1, 0, 1467355427, 1467355427),
(32, '0', '台湾', 'tw', 'taiwan', '', 0, 1, 0, 1467355441, 1467355441),
(33, '0', '香港特别行政区', 'xg', 'xianggang', '', 0, 1, 0, 1467355474, 1467355474),
(34, '0', '澳门特别行政区', 'am', 'aomen', '', 0, 1, 0, 1467355489, 1467355489),
(35, '0', '海外', 'hw', 'haiwai', '', 0, 1, 0, 1467355500, 1467355500),
(36, '1', '北京市', 'bj', 'beijing', '', 0, 1, 0, 1467355579, 1467355579),
(37, '2', '天津市', 'tj', 'tianjing', '', 0, 1, 0, 1467355613, 1467355613),
(38, '3', '石家庄市', 'sjz', 'shijiazhuang', '', 0, 1, 0, 1467355643, 1467355643),
(39, '3', '唐山市', 'ts', 'tangshan', '', 0, 1, 0, 1467355659, 1467355659),
(40, '3', '秦皇岛', 'qhd', 'qinhuangdao', '', 0, 1, 0, 1467355680, 1467355680),
(41, '3', '邯郸市', 'hd', 'handan', '', 0, 1, 0, 1467355697, 1467355697),
(42, '3', '邢台市', 'xt', 'xingtai', '', 0, 1, 0, 1467355716, 1467355716),
(43, '3', '保定市', 'bd', 'baoding', '', 0, 1, 0, 1467355833, 1467355833),
(44, '3', '张家口市', 'zjk', 'zhangjiakou', '', 0, 1, 0, 1467355853, 1467355853),
(45, '3', '承德市', 'cd', 'chengde', '', 0, 1, 0, 1467355921, 1467355913),
(46, '3', '沧州市', 'cz', 'cangzhou', '', 0, 1, 0, 1467356013, 1467356013),
(47, '3', '廊坊市', 'lf', 'langfang', '', 0, 1, 0, 1467356058, 1467356058),
(48, '3', '衡水市', 'hs', 'hengshui', '', 0, 1, 0, 1467356075, 1467356075),
(49, '4', '太原市', 'ty', 'taiyuan', '', 0, 1, 0, 1467356107, 1467356107),
(50, '4', '大同市', 'dt', 'datong', '', 0, 1, 0, 1467356152, 1467356152),
(51, '4', '阳泉市', 'yq', 'yangquan', '', 0, 1, 0, 1467356170, 1467356170),
(52, '4', '长治市', 'cz', 'changzhi', '', 0, 1, 0, 1467356185, 1467356185),
(53, '4', '晋城市', 'jc', 'yangquan', '', 0, 1, 0, 1467356207, 1467356207),
(54, '4', '朔州市', 'sz', 'shuzhou', '', 0, 1, 0, 1467356250, 1467356250),
(55, '0', '晋中市', 'jz', 'jinzhong', '', 0, 1, 0, 1467356267, 1467356267),
(56, '4', '运城市', 'yc', 'yuncheng', '', 0, 1, 0, 1467356287, 1467356287),
(57, '4', '忻州市', 'xz', 'xinzhou', '', 0, 1, 0, 1467356307, 1467356307),
(58, '4', '临汾市', 'lf', 'linfen', '', 0, 1, 0, 1467356324, 1467356324),
(59, '4', '吕梁市', 'll', 'lvliang', '', 0, 1, 0, 1467356347, 1467356347),
(60, '5', '呼和浩特市', 'hhht', 'huhehaote', '', 0, 1, 0, 1467356394, 1467356394),
(61, '5', '包头市', 'bt', 'baotou', '', 0, 1, 0, 1467356408, 1467356408),
(62, '5', '乌海市', 'wh', 'wuhai', '', 0, 1, 0, 1467356421, 1467356421),
(63, '5', '赤峰市', 'cf', 'chifeng', '', 0, 1, 0, 1467356436, 1467356436),
(64, '5', '通辽市', 'tl', 'tongliao', '', 0, 1, 0, 1467356475, 1467356475),
(65, '5', '鄂尔多斯市', 'eeds', 'eerduosi', '', 0, 1, 0, 1467356498, 1467356498),
(66, '5', '呼伦贝尔市', 'hlbe', 'hulunbeier', '', 0, 1, 0, 1467356516, 1467356516),
(67, '5', '巴彦淖尔市', 'byze', 'bayannaoer', '', 0, 1, 0, 1467356549, 1467356549),
(68, '5', '乌兰察布市', 'wlcb', 'wulanchabu', '', 0, 1, 0, 1467356575, 1467356575),
(69, '5', '兴安盟', 'xam', 'xinganmeng', '', 0, 1, 0, 1467356615, 1467356615),
(70, '5', '锡林郭勒盟', 'xlglm', 'xilinguolemeng', '', 0, 1, 0, 1467356644, 1467356644),
(71, '5', '阿拉善盟', 'alsm', 'alashanmeng', '', 0, 1, 0, 1467356660, 1467356660),
(72, '6', '沈阳市', 'sy', 'shenyang', '', 0, 1, 0, 1467356684, 1467356684),
(73, '6', '大连市', 'dl', 'dalianshi', '', 0, 1, 0, 1467356700, 1467356700),
(74, '6', '鞍山市', 'as', 'anshan', '', 0, 1, 0, 1467356713, 1467356713),
(75, '6', '抚顺市', 'fs', 'fushun', '', 0, 1, 0, 1467356727, 1467356727),
(76, '6', '本溪市', 'bx', 'benxi', '', 0, 1, 0, 1467356747, 1467356747),
(77, '6', '丹东市', 'dd', 'dandong', '', 0, 1, 0, 1467356780, 1467356780),
(78, '6', '锦州市', 'jz', 'jinzhou', '', 0, 1, 0, 1467356793, 1467356793),
(79, '6', '阜新市', 'fx', 'fuxin', '', 0, 1, 0, 1467356810, 1467356810),
(80, '6', '营口市', 'yk', 'yingkou', '', 0, 1, 0, 1467356831, 1467356831),
(81, '6', '辽阳市', 'ly', 'liaoyang', '', 0, 1, 0, 1467356845, 1467356845),
(82, '6', '盘锦市', 'pj', 'panjin', '', 0, 1, 0, 1467356864, 1467356864),
(83, '6', '铁岭市', 'tl', 'tieling', '', 0, 1, 0, 1467356880, 1467356880),
(84, '6', '朝阳市', 'cy', 'chaoyang', '', 0, 1, 0, 1467356893, 1467356893),
(85, '6', '葫芦岛市', 'hld', 'huludao', '', 0, 1, 0, 1467356909, 1467356909),
(86, '7', '长春市', 'cc', 'changchun', '', 0, 1, 0, 1467356936, 1467356936),
(87, '7', '吉林市', 'jl', 'jilin', '', 0, 1, 0, 1467357035, 1467357035),
(88, '7', '四平市', 'sp', 'siping', '', 0, 1, 0, 1467357056, 1467357056),
(89, '7', '辽源市', 'ly', 'liaoyuan', '', 0, 1, 0, 1467357080, 1467357080),
(90, '7', '通化市', '', '', '', 0, 1, 0, 1467357225, 1467357225),
(91, '7', '白山市', '', '', '', 0, 1, 0, 1467357241, 1467357241),
(92, '7', '松原市', '', '', '', 0, 1, 0, 1467357253, 1467357253),
(93, '7', '白城市', '', '', '', 0, 1, 0, 1467357267, 1467357267),
(94, '7', '延边朝鲜族自治区', '', '', '', 0, 1, 0, 1467357286, 1467357286),
(95, '8', '哈尔滨市', '', '', '', 0, 1, 0, 1467357302, 1467357302),
(96, '8', '齐齐哈尔市', '', '', '', 0, 1, 0, 1467357310, 1467357310),
(97, '8', '鸡西市', '', '', '', 0, 1, 0, 1467357321, 1467357321),
(98, '8', '鹤岗市', '', '', '', 0, 1, 0, 1467357334, 1467357334),
(99, '8', '双鸭山市', '', '', '', 0, 1, 0, 1467357344, 1467357344),
(100, '8', '大庆市', '', '', '', 0, 1, 0, 1467357350, 1467357350),
(101, '8', '伊春市', '', '', '', 0, 1, 0, 1467357359, 1467357359),
(102, '8', '佳木斯市', '', '', '', 0, 1, 0, 1467357373, 1467357373),
(103, '8', '七台河市', '', '', '', 0, 1, 0, 1467357381, 1467357381),
(104, '8', '牡丹江市', '', '', '', 0, 1, 0, 1467357397, 1467357397),
(105, '8', '黑河市', '', '', '', 0, 1, 0, 1467357406, 1467357406),
(106, '8', '绥化市', '', '', '', 0, 1, 0, 1467357421, 1467357421),
(107, '8', '大兴安岭市', '', '', '', 0, 1, 0, 1467357432, 1467357432),
(108, '9', '上海市', '', '', '', 0, 1, 0, 1467357442, 1467357442),
(109, '10', '南京市', '', '', '', 0, 1, 0, 1467357449, 1467357449),
(110, '10', '无锡市', '', '', '', 0, 1, 0, 1467357456, 1467357456),
(111, '10', '徐州市', '', '', '', 0, 1, 0, 1467357466, 1467357466),
(112, '10', '常州市', '', '', '', 0, 1, 0, 1467357473, 1467357473),
(113, '10', '苏州市', '', '', '', 0, 1, 0, 1467357480, 1467357480),
(114, '10', '南通市', '', '', '', 0, 1, 0, 1467357487, 1467357487),
(115, '10', '连云港市', '', '', '', 0, 1, 0, 1467357497, 1467357497),
(116, '10', '淮安市', '', '', '', 0, 1, 0, 1467357503, 1467357503),
(117, '10', '盐城市', '', '', '', 0, 1, 0, 1467357510, 1467357510),
(118, '10', '扬州市', '', '', '', 0, 1, 0, 1467357521, 1467357521),
(119, '10', '镇江市', '', '', '', 0, 1, 0, 1467357531, 1467357531),
(120, '10', '泰州市', '', '', '', 0, 1, 0, 1467357542, 1467357542),
(121, '10', '宿迁市', '', '', '', 0, 1, 0, 1467357549, 1467357549),
(122, '11', '杭州市', '', '', '', 0, 1, 0, 1467357571, 1467357559),
(123, '11', '宁波市', '', '', '', 0, 1, 0, 1467357580, 1467357580),
(124, '11', '温州市', '', '', '', 0, 1, 0, 1467357588, 1467357588),
(125, '11', '嘉兴市', '', '', '', 0, 1, 0, 1467357597, 1467357597),
(126, '11', '湖州市', '', '', '', 0, 1, 0, 1467357606, 1467357606),
(127, '11', '绍兴市', '', '', '', 0, 1, 0, 1467357614, 1467357614),
(128, '11', '金华市', '', '', '', 0, 1, 0, 1467357623, 1467357623),
(129, '11', '衢州市', '', '', '', 0, 1, 0, 1467357681, 1467357681),
(130, '11', '舟山市', '', '', '', 0, 1, 0, 1467357690, 1467357690),
(131, '11', '台州市', '', '', '', 0, 1, 0, 1467357699, 1467357699),
(132, '11', '丽水市', '', '', '', 0, 1, 0, 1467357709, 1467357709),
(133, '12', '合肥市', '', '', '', 0, 1, 0, 1467357717, 1467357717),
(134, '12', '芜湖市', '', '', '', 0, 1, 0, 1467357723, 1467357723),
(135, '12', '蚌埠市', '', '', '', 0, 1, 0, 1467357731, 1467357731),
(136, '12', '淮南市', '', '', '', 0, 1, 0, 1467357738, 1467357738),
(137, '12', '马鞍山市', '', '', '', 0, 1, 0, 1467357747, 1467357747),
(138, '12', '淮北市', '', '', '', 0, 1, 0, 1467357756, 1467357756),
(139, '12', '铜陵市', '', '', '', 0, 1, 0, 1467357765, 1467357765),
(140, '12', '安庆市', '', '', '', 0, 1, 0, 1467357782, 1467357782),
(141, '12', '黄山市', '', '', '', 0, 1, 0, 1467357791, 1467357791),
(142, '12', '滁州市', '', '', '', 0, 1, 0, 1467357796, 1467357796),
(143, '12', '阜阳市', '', '', '', 0, 1, 0, 1467357817, 1467357817),
(144, '12', '宿州市', '', '', '', 0, 1, 0, 1467357827, 1467357827),
(145, '12', '六安市', '', '', '', 0, 1, 0, 1467357838, 1467357838),
(146, '12', '亳州市', '', '', '', 0, 1, 0, 1467357848, 1467357848),
(147, '12', '池州市', '', '', '', 0, 1, 0, 1467357855, 1467357855),
(148, '12', '宣城市', '', '', '', 0, 1, 0, 1467357861, 1467357861),
(149, '13', '福州市', '', '', '', 0, 1, 0, 1467357870, 1467357870),
(150, '13', '厦门市', '', '', '', 0, 1, 0, 1467357877, 1467357877),
(151, '13', '莆田市', '', '', '', 0, 1, 0, 1467357896, 1467357896),
(152, '13', '三明市', '', '', '', 0, 1, 0, 1467357903, 1467357903),
(153, '13', '泉州市', '', '', '', 0, 1, 0, 1467357915, 1467357915),
(154, '13', '漳州市', '', '', '', 0, 1, 0, 1467357926, 1467357926),
(155, '13', '南平市', '', '', '', 0, 1, 0, 1467357934, 1467357934),
(156, '13', '龙岩市', '', '', '', 0, 1, 0, 1467358074, 1467358074),
(157, '13', '宁德市', '', '', '', 0, 1, 0, 1467358083, 1467358083),
(158, '14', '南昌市', '', '', '', 0, 1, 0, 1467358094, 1467358094),
(159, '14', '景德镇市', '', '', '', 0, 1, 0, 1467358104, 1467358104),
(160, '14', '萍乡市', '', '', '', 0, 1, 0, 1467358118, 1467358118),
(161, '14', '九江市', '', '', '', 0, 1, 0, 1467358125, 1467358125),
(162, '14', '新余市', '', '', '', 0, 1, 0, 1467358134, 1467358134),
(163, '14', '鹰潭市', '', '', '', 0, 1, 0, 1467358147, 1467358147),
(164, '14', '赣州市', '', '', '', 0, 1, 0, 1467358153, 1467358153),
(165, '14', '吉安市', '', '', '', 0, 1, 0, 1467358170, 1467358170),
(166, '14', '宜春市', '', '', '', 0, 1, 0, 1467358179, 1467358179),
(167, '14', '抚州市', '', '', '', 0, 1, 0, 1467358188, 1467358188),
(168, '14', '上饶市', '', '', '', 0, 1, 0, 1467365862, 1467365862),
(169, '15', '济南市', '', '', '', 0, 1, 0, 1467365907, 1467365907),
(170, '15', '青岛市', '', '', '', 0, 1, 0, 1467365915, 1467365915),
(171, '15', '淄博市', '', '', '', 0, 1, 0, 1467365927, 1467365927),
(172, '15', '枣庄市', '', '', '', 0, 1, 0, 1467365936, 1467365936),
(173, '15', '东营市', '', '', '', 0, 1, 0, 1467365951, 1467365951),
(174, '15', '烟台市', '', '', '', 0, 1, 0, 1467365967, 1467365967),
(175, '15', '濉坊市', '', '', '', 0, 1, 0, 1467366002, 1467366002),
(176, '15', '济宁市', '', '', '', 0, 1, 0, 1467366012, 1467366012),
(177, '15', '泰安市', '', '', '', 0, 1, 0, 1467366083, 1467366083),
(178, '15', '威海市', '', '', '', 0, 1, 0, 1467366091, 1467366091),
(179, '15', '日照市', '', '', '', 0, 1, 0, 1467366101, 1467366101),
(180, '15', '莱芜市', '', '', '', 0, 1, 0, 1467366116, 1467366116),
(181, '15', '临沂市', '', '', '', 0, 1, 0, 1467366168, 1467366168),
(182, '15', '德州市', '', '', '', 0, 1, 0, 1467366176, 1467366176),
(183, '15', '聊城市', '', '', '', 0, 1, 0, 1467366199, 1467366199),
(184, '15', '滨州市', '', '', '', 0, 1, 0, 1467366207, 1467366207),
(185, '15', '菏泽市', '', '', '', 0, 1, 0, 1467366224, 1467366224),
(186, '16', '郑州市', '', '', '', 0, 1, 0, 1467366253, 1467366253),
(187, '16', '开封市', '', '', '', 0, 1, 0, 1467366262, 1467366262),
(188, '16', '洛阳市', '', '', '', 0, 1, 0, 1467366270, 1467366270),
(189, '16', '平顶山市', '', '', '', 0, 1, 0, 1467366285, 1467366285),
(190, '16', '安阳市', '', '', '', 0, 1, 0, 1467366293, 1467366293),
(191, '16', '鹤壁市', '', '', '', 0, 1, 0, 1467366301, 1467366301),
(192, '16', '新乡市', '', '', '', 0, 1, 0, 1467366309, 1467366309),
(193, '16', '焦作市', '', '', '', 0, 1, 0, 1467366317, 1467366317),
(194, '16', '济源市', '', '', '', 0, 1, 0, 1467366325, 1467366325),
(195, '16', '濮阳市', '', '', '', 0, 1, 0, 1467366340, 1467366340),
(196, '16', '许昌市', '', '', '', 0, 1, 0, 1467366347, 1467366347),
(197, '16', '漯河市', '', '', '', 0, 1, 0, 1467366356, 1467366356),
(198, '16', '三门峡市', '', '', '', 0, 1, 0, 1467366374, 1467366374),
(199, '16', '南阳市', '', '', '', 0, 1, 0, 1467366380, 1467366380),
(200, '16', '商丘市', '', '', '', 0, 1, 0, 1467366390, 1467366390),
(201, '16', '信阳市', '', '', '', 0, 1, 0, 1467366399, 1467366399),
(202, '16', '周口市', '', '', '', 0, 1, 0, 1467366409, 1467366409),
(203, '16', '驻马店市', '', '', '', 0, 1, 0, 1467366421, 1467366421),
(204, '17', '武汉市', '', '', '', 0, 1, 0, 1467366434, 1467366434),
(205, '17', '黄石市', '', '', '', 0, 1, 0, 1467366444, 1467366444),
(206, '17', '十堰市', '', '', '', 0, 1, 0, 1467366466, 1467366466),
(207, '17', '宜昌市', '', '', '', 0, 1, 0, 1467366476, 1467366476),
(208, '17', '襄阳市', '', '', '', 0, 1, 0, 1467366484, 1467366484),
(209, '17', '鄂州市', '', '', '', 0, 1, 0, 1467366492, 1467366492),
(210, '17', '荆门市', '', '', '', 0, 1, 0, 1467366501, 1467366501),
(211, '17', '孝感市', '', '', '', 0, 1, 0, 1467366515, 1467366515),
(212, '17', '荆州市', '', '', '', 0, 1, 0, 1467366527, 1467366527),
(213, '17', '黄冈市', '', '', '', 0, 1, 0, 1467366535, 1467366535),
(214, '17', '咸宁市', '', '', '', 0, 1, 0, 1467366561, 1467366561),
(215, '17', '随州市', '', '', '', 0, 1, 0, 1467366570, 1467366570),
(216, '17', '恩施土家族苗族自治州', '', '', '', 0, 1, 0, 1467366588, 1467366588),
(217, '17', '仙桃市', '', '', '', 0, 1, 0, 1467366599, 1467366599),
(218, '17', '潜江市', '', '', '', 0, 1, 0, 1467366609, 1467366609),
(219, '17', '天门市', '', '', '', 0, 1, 0, 1467366624, 1467366624),
(220, '17', '神农架林区', '', '', '', 0, 1, 0, 1467366639, 1467366639),
(221, '18', '长沙市', '', '', '', 0, 1, 0, 1467366652, 1467366652),
(222, '18', '株洲市', '', '', '', 0, 1, 0, 1467366664, 1467366664),
(223, '18', '湘潭市', '', '', '', 0, 1, 0, 1467366674, 1467366674),
(224, '18', '衡阳市', '', '', '', 0, 1, 0, 1467366687, 1467366687),
(225, '18', '邵阳市', '', '', '', 0, 1, 0, 1467366692, 1467366692),
(226, '18', '岳阳市', '', '', '', 0, 1, 0, 1467366702, 1467366702),
(227, '18', '常德市', '', '', '', 0, 1, 0, 1467366709, 1467366709),
(228, '18', '张家界市', '', '', '', 0, 1, 0, 1467366717, 1467366717),
(229, '18', '益阳市', '', '', '', 0, 1, 0, 1467366724, 1467366724),
(230, '18', '郴州市', '', '', '', 0, 1, 0, 1467366757, 1467366757),
(231, '18', '永州市', '', '', '', 0, 1, 0, 1467366764, 1467366764),
(232, '18', '怀化市', '', '', '', 0, 1, 0, 1467366776, 1467366776),
(233, '18', '娄底市', '', '', '', 0, 1, 0, 1467366785, 1467366785),
(234, '18', '湘西土家族苗族自治州', '', '', '', 0, 1, 0, 1467366803, 1467366803),
(235, '19', '广州市', '', '', '', 0, 1, 0, 1467366816, 1467366816),
(236, '19', '韶关市', '', '', '', 0, 1, 0, 1467366828, 1467366828),
(237, '19', '深圳市', '', '', '', 0, 1, 0, 1467366838, 1467366838),
(238, '19', '珠海市', '', '', '', 0, 1, 0, 1467366848, 1467366848),
(239, '19', '汕头市', '', '', '', 0, 1, 0, 1467366855, 1467366855),
(240, '19', '佛山市', '', '', '', 0, 1, 0, 1467366863, 1467366863),
(241, '19', '江门市', '', '', '', 0, 1, 0, 1467366873, 1467366873),
(242, '19', '湛江市', '', '', '', 0, 1, 0, 1467366895, 1467366895),
(243, '19', '茂名市', '', '', '', 0, 1, 0, 1467366904, 1467366904),
(244, '19', '肇庆市', '', '', '', 0, 1, 0, 1467366916, 1467366916),
(245, '19', '惠州市', '', '', '', 0, 1, 0, 1467366925, 1467366925),
(246, '19', '梅州市', '', '', '', 0, 1, 0, 1467366937, 1467366937),
(247, '19', '汕尾市', '', '', '', 0, 1, 0, 1467366943, 1467366943),
(248, '19', '河源市', '', '', '', 0, 1, 0, 1467366950, 1467366950),
(249, '19', '阳江市', '', '', '', 0, 1, 0, 1467366960, 1467366960),
(250, '19', '清远市', '', '', '', 0, 1, 0, 1467366967, 1467366967),
(251, '19', '东莞市', '', '', '', 0, 1, 0, 1467366975, 1467366975),
(252, '19', '中山市', '', '', '', 0, 1, 0, 1467366992, 1467366992),
(253, '19', '东沙群岛', '', '', '', 0, 1, 0, 1467367003, 1467367003),
(254, '19', '潮州市', '', '', '', 0, 1, 0, 1467367013, 1467367013),
(255, '19', '揭阳市', '', '', '', 0, 1, 0, 1467367019, 1467367019),
(256, '19', '云浮市', '', '', '', 0, 1, 0, 1467367026, 1467367026),
(257, '20', '南宁市', '', '', '', 0, 1, 0, 1467367038, 1467367038),
(258, '20', '柳州市', '', '', '', 0, 1, 0, 1467367049, 1467367049),
(259, '20', '桂林市', '', '', '', 0, 1, 0, 1467367327, 1467367327),
(260, '20', '梧州市', '', '', '', 0, 1, 0, 1467367335, 1467367335),
(261, '20', '北海市', '', '', '', 0, 1, 0, 1467367340, 1467367340),
(262, '20', '防城港', '', '', '', 0, 1, 0, 1467367363, 1467367363),
(263, '20', '钦州市', '', '', '', 0, 1, 0, 1467367377, 1467367377),
(264, '20', '贵港市', '', '', '', 0, 1, 0, 1467367389, 1467367389),
(265, '20', '玉林市', '', '', '', 0, 1, 0, 1467367410, 1467367410),
(266, '20', '百色市', '', '', '', 0, 1, 0, 1467367938, 1467367938),
(267, '20', '贺州市', '', '', '', 0, 1, 0, 1467367946, 1467367946),
(268, '20', '来宾市', '', '', '', 0, 1, 0, 1467367955, 1467367955),
(269, '20', '崇左市', '', '', '', 0, 1, 0, 1467367977, 1467367977),
(270, '21', '海口市', '', '', '', 0, 1, 0, 1467368000, 1467368000),
(271, '21', '三亚市', '', '', '', 0, 1, 0, 1467368007, 1467368007),
(272, '21', '三沙市', '', '', '', 0, 1, 0, 1467368014, 1467368014),
(273, '21', '五指山市', '', '', '', 0, 1, 0, 1467368021, 1467368021),
(274, '21', '琼海市', '', '', '', 0, 1, 0, 1467368035, 1467368035),
(275, '21', '文昌市', '', '', '', 0, 1, 0, 1467368041, 1467368041),
(276, '21', '万宁市', '', '', '', 0, 1, 0, 1467368049, 1467368049),
(277, '21', '东方市', '', '', '', 0, 1, 0, 1467368056, 1467368056),
(278, '21', '定安县', '', '', '', 0, 1, 0, 1467368067, 1467368067),
(279, '21', '屯昌县', '', '', '', 0, 1, 0, 1467368078, 1467368078),
(280, '21', '澄迈县', '', '', '', 0, 1, 0, 1467368094, 1467368094),
(281, '21', '临高县', '', '', '', 0, 1, 0, 1467368105, 1467368105),
(282, '21', '白沙黎族自治县', '', '', '', 0, 1, 0, 1467368125, 1467368125),
(283, '21', '昌江黎族自治县', '', '', '', 0, 1, 0, 1467368134, 1467368134),
(284, '21', '乐东黎族自治县', '', '', '', 0, 1, 0, 1467368152, 1467368152),
(285, '21', '陵水黎族自治县', '', '', '', 0, 1, 0, 1467368957, 1467368957),
(286, '21', '保亭黎族苗族自治县', '', '', '', 0, 1, 0, 1467369007, 1467369007),
(287, '21', '琼中黎族苗族自治县', '', '', '', 0, 1, 0, 1467369023, 1467369023),
(288, '21', '西沙群岛', '', '', '', 0, 1, 0, 1467369053, 1467369053),
(289, '21', '南沙群岛', '', '', '', 0, 1, 0, 1467369061, 1467369061),
(290, '21', '中沙群岛的岛礁', '', '', '', 0, 1, 0, 1467369074, 1467369074),
(291, '22', '重庆市', '', '', '', 0, 1, 0, 1467369101, 1467369101),
(292, '23', '成都市', '', '', '', 0, 1, 0, 1467369117, 1467369117),
(293, '23', '自贡市', '', '', '', 0, 1, 0, 1467369126, 1467369126),
(294, '23', '攀枝花市', '', '', '', 0, 1, 0, 1467369144, 1467369144),
(295, '23', '泸州市', '', '', '', 0, 1, 0, 1467369156, 1467369156),
(296, '23', '德阳市', '', '', '', 0, 1, 0, 1467369171, 1467369171),
(297, '23', '绵阳市', '', '', '', 0, 1, 0, 1467369179, 1467369179),
(298, '23', '广元市', '', '', '', 0, 1, 0, 1467369195, 1467369195),
(299, '23', '遂宁市', '', '', '', 0, 1, 0, 1467369204, 1467369204),
(300, '23', '内江市', '', '', '', 0, 1, 0, 1467369216, 1467369216),
(301, '23', '乐山市', '', '', '', 0, 1, 0, 1467369224, 1467369224),
(302, '23', '南充市', '', '', '', 0, 1, 0, 1467369236, 1467369236),
(303, '23', '眉山市', '', '', '', 0, 1, 0, 1467369250, 1467369250),
(304, '23', '宜宾市', '', '', '', 0, 1, 0, 1467369275, 1467369275),
(305, '23', '广安市', '', '', '', 0, 1, 0, 1467369300, 1467369300),
(306, '23', '达州市', '', '', '', 0, 1, 0, 1467369312, 1467369312),
(307, '23', '雅安市', '', '', '', 0, 1, 0, 1467369321, 1467369321),
(308, '23', '巴中市', '', '', '', 0, 1, 0, 1467369333, 1467369333),
(309, '23', '资阳市', '', '', '', 0, 1, 0, 1467369358, 1467369358),
(310, '23', '阿坝藏族羌族自治州', '', '', '', 0, 1, 0, 1467369372, 1467369372),
(311, '23', '甘孜藏族自治州', '', '', '', 0, 1, 0, 1467369419, 1467369419),
(312, '23', '凉山彝族自治州', '', '', '', 0, 1, 0, 1467369461, 1467369461),
(313, '24', '贵阳市', '', '', '', 0, 1, 0, 1467369481, 1467369481),
(314, '24', '六盘水市', '', '', '', 0, 1, 0, 1467369492, 1467369492),
(315, '24', '遵义市', '', '', '', 0, 1, 0, 1467369505, 1467369505),
(316, '24', '安顺市', '', '', '', 0, 1, 0, 1467369514, 1467369514),
(317, '24', '铜仁市', '', '', '', 0, 1, 0, 1467369523, 1467369523),
(318, '24', '黔西南布衣族苗族自治州', '', '', '', 0, 1, 0, 1467369553, 1467369553),
(319, '24', '毕节市', '', '', '', 0, 1, 0, 1467369572, 1467369572),
(320, '24', '黔东南苗族侗族自治州', '', '', '', 0, 1, 0, 1467369641, 1467369641),
(321, '24', '黔南布衣族苗族自治州', '', '', '', 0, 1, 0, 1467369673, 1467369673),
(322, '25', '昆明市', '', '', '', 0, 1, 0, 1467369701, 1467369686),
(323, '25', '曲靖市', '', '', '', 0, 1, 0, 1467369707, 1467369707),
(324, '25', '玉溪市', '', '', '', 0, 1, 0, 1467369713, 1467369713),
(325, '25', '保山市', '', '', '', 0, 1, 0, 1467369719, 1467369719),
(326, '25', '邵通市', '', '', '', 0, 1, 0, 1467369724, 1467369724),
(327, '25', '丽江市', '', '', '', 0, 1, 0, 1467369730, 1467369730),
(328, '25', '普洱市', '', '', '', 0, 1, 0, 1467369736, 1467369736),
(329, '25', '临沧市', '', '', '', 0, 1, 0, 1467369742, 1467369742),
(330, '26', '拉萨市', '', '', '', 0, 1, 0, 1467369791, 1467369757),
(331, '26', '昌都市', '', '', '', 0, 1, 0, 1467369787, 1467369766),
(332, '27', '西安市', '', '', '', 0, 1, 0, 1467369811, 1467369811),
(333, '27', '铜川市', '', '', '', 0, 1, 0, 1467369876, 1467369876),
(334, '27', '宝鸡市', '', '', '', 0, 1, 0, 1467369881, 1467369881),
(335, '27', '咸阳市', '', '', '', 0, 1, 0, 1467369886, 1467369886),
(336, '27', '渭南市', '', '', '', 0, 1, 0, 1467369891, 1467369891),
(337, '27', '延安市', '', '', '', 0, 1, 0, 1467369897, 1467369897),
(338, '27', '汉中市', '', '', '', 0, 1, 0, 1467369903, 1467369903),
(339, '28', '兰州市', '', '', '', 0, 1, 0, 1467369921, 1467369921),
(340, '29', '西宁市', '', '', '', 0, 1, 0, 1467369931, 1467369931),
(341, '30', '银川市', '', '', '', 0, 1, 0, 1467369949, 1467369949),
(342, '31', '乌鲁木齐市', '', '', '', 0, 1, 0, 1467369962, 1467369962),
(343, '32', '台北市', '', '', '', 0, 1, 0, 1467369974, 1467369974),
(344, '32', '高雄市', '', '', '', 0, 1, 0, 1467369980, 1467369980),
(345, '33', '九龙', '', '', '', 0, 1, 0, 1467369996, 1467369996),
(346, '33', '香港岛', '', '', '', 0, 1, 0, 1467370010, 1467370002),
(347, '34', '澳门半岛', '', '', '', 0, 1, 0, 1467370022, 1467370022),
(348, '35', '海外', '', '', '', 0, 1, 0, 1467370033, 1467370033),
(349, '20', '河池市', '', '', '', 0, 1, 0, 1468501740, 1468501740),
(350, '12', '天长市', '', '', '', 0, 1, 0, 1468502060, 1468502060),
(351, '31', '哈密石油基地', '', '', '', 0, 1, 0, 1468502631, 1468502631),
(352, '19', '电白县', '', '', '', 0, 1, 0, 1468502866, 1468502866),
(353, '14', '丰城市', '', '', '', 0, 1, 0, 1468503374, 1468503374),
(354, '7', '蛟河市', '', '', '', 0, 1, 0, 1469110720, 1469110720);

-- --------------------------------------------------------

--
-- 表的结构 `thank_comment`
--

CREATE TABLE IF NOT EXISTS `thank_comment` (
  `id` int(11) unsigned NOT NULL COMMENT 'ID',
  `belong` tinyint(1) unsigned NOT NULL DEFAULT '0' COMMENT '评论所属',
  `belong_id` int(11) unsigned NOT NULL DEFAULT '0' COMMENT '所属ID',
  `name` varchar(50) NOT NULL DEFAULT '' COMMENT '用户名昵称',
  `email` varchar(50) NOT NULL DEFAULT '' COMMENT '邮箱',
  `phone` varchar(50) NOT NULL DEFAULT '' COMMENT '手机号码',
  `content` text NOT NULL COMMENT '内容',
  `status` tinyint(1) unsigned NOT NULL DEFAULT '0' COMMENT '是否审核',
  `update_time` int(11) unsigned NOT NULL DEFAULT '0' COMMENT '更新时间',
  `create_time` int(11) unsigned NOT NULL DEFAULT '0' COMMENT '创建时间'
) ENGINE=InnoDB DEFAULT CHARSET=utf8 COMMENT='评论管理表';

-- --------------------------------------------------------

--
-- 表的结构 `thank_content`
--

CREATE TABLE IF NOT EXISTS `thank_content` (
  `id` int(11) unsigned NOT NULL COMMENT 'ID',
  `member_id` int(11) NOT NULL DEFAULT '0' COMMENT '会员id',
  `category` int(11) NOT NULL COMMENT '分类',
  `title` varchar(255) NOT NULL DEFAULT '' COMMENT '标题',
  `short_title` varchar(255) NOT NULL DEFAULT '' COMMENT '短标题',
  `keywords` varchar(255) NOT NULL DEFAULT '' COMMENT '关键字',
  `source` varchar(500) NOT NULL DEFAULT '' COMMENT '来源',
  `excerpt` varchar(3000) NOT NULL DEFAULT '' COMMENT '摘要',
  `content` text NOT NULL COMMENT '内容',
  `thumb` varchar(255) NOT NULL DEFAULT '' COMMENT '缩略图',
  `isphoto` tinyint(1) NOT NULL DEFAULT '0' COMMENT '是否为图库',
  `photos` text NOT NULL COMMENT '图库',
  `istop` tinyint(1) unsigned NOT NULL DEFAULT '0' COMMENT '是否置顶',
  `ishot` tinyint(1) unsigned NOT NULL DEFAULT '0' COMMENT '是否热',
  `isrecom` tinyint(1) unsigned NOT NULL DEFAULT '0' COMMENT '是否推荐',
  `status` tinyint(1) unsigned NOT NULL DEFAULT '0' COMMENT '是否审核',
  `listorder` int(11) unsigned NOT NULL DEFAULT '0' COMMENT '排序字段',
  `hits` int(11) unsigned NOT NULL DEFAULT '0' COMMENT '点击率',
  `post_time` int(11) unsigned NOT NULL DEFAULT '0' COMMENT '发布时间',
  `post_member` int(11) NOT NULL,
  `update_time` int(11) unsigned NOT NULL DEFAULT '0' COMMENT '更新时间',
  `create_time` int(11) unsigned NOT NULL DEFAULT '0' COMMENT '创建时间'
) ENGINE=InnoDB AUTO_INCREMENT=5 DEFAULT CHARSET=utf8 COMMENT='文章分类表';

--
-- 转存表中的数据 `thank_content`
--

INSERT INTO `thank_content` (`id`, `member_id`, `category`, `title`, `short_title`, `keywords`, `source`, `excerpt`, `content`, `thumb`, `isphoto`, `photos`, `istop`, `ishot`, `isrecom`, `status`, `listorder`, `hits`, `post_time`, `post_member`, `update_time`, `create_time`) VALUES
(4, 0, 4, '54354353', '534534', '5345435', '43534', '534543', '534543', '', 0, '[]', 0, 0, 0, 0, 0, 0, 1465976940, 0, 1465976985, 1465976985);

-- --------------------------------------------------------

--
-- 表的结构 `thank_express`
--

CREATE TABLE IF NOT EXISTS `thank_express` (
  `id` int(11) unsigned NOT NULL COMMENT 'ID',
  `name` varchar(100) NOT NULL DEFAULT '' COMMENT '快递名称',
  `status` tinyint(1) unsigned DEFAULT '0' COMMENT '0停用1启用',
  `update_time` int(11) unsigned NOT NULL DEFAULT '0' COMMENT '更新时间',
  `create_time` int(11) unsigned NOT NULL DEFAULT '0' COMMENT '创建时间'
) ENGINE=InnoDB AUTO_INCREMENT=14 DEFAULT CHARSET=utf8 COMMENT='快递公司表';

--
-- 转存表中的数据 `thank_express`
--

INSERT INTO `thank_express` (`id`, `name`, `status`, `update_time`, `create_time`) VALUES
(1, '圆通快递', 1, 1467354443, 1467354443),
(2, '韵达快递', 1, 1467354450, 1467354450),
(3, '顺丰快递', 1, 1467354462, 1467354462),
(4, '中国邮政', 1, 1467354470, 1467354470),
(5, '申通快递', 1, 1467354479, 1467354479),
(6, '中通快递', 1, 1467354490, 1467354490),
(7, '优速快递', 1, 1467354505, 1467354505),
(8, '德邦物流', 1, 1467354513, 1467354513),
(9, '国通快递', 1, 1467354524, 1467354524),
(10, '天天快递', 1, 1467354532, 1467354532),
(11, '全峰快递', 1, 1467354542, 1467354542),
(12, '百世汇通', 1, 1467354562, 1467354562),
(13, '其他', 1, 1467354715, 1467354715);

-- --------------------------------------------------------

--
-- 表的结构 `thank_feedback`
--

CREATE TABLE IF NOT EXISTS `thank_feedback` (
  `id` int(11) unsigned NOT NULL COMMENT 'ID',
  `member_id` int(11) unsigned NOT NULL DEFAULT '0' COMMENT '会员ID',
  `category` tinyint(1) unsigned NOT NULL DEFAULT '0' COMMENT '回复分类0:问题反馈1需求提交',
  `picture` varchar(1000) NOT NULL DEFAULT '' COMMENT '图片',
  `content` varchar(3000) NOT NULL DEFAULT '' COMMENT '反馈内容',
  `feedback` varchar(3000) NOT NULL DEFAULT '' COMMENT '回复内容',
  `username` varchar(100) NOT NULL DEFAULT '' COMMENT '回复用户',
  `status` tinyint(1) unsigned NOT NULL DEFAULT '0' COMMENT '是否处理',
  `update_time` int(11) unsigned NOT NULL DEFAULT '0' COMMENT '更新时间',
  `create_time` int(11) unsigned NOT NULL DEFAULT '0' COMMENT '创建时间'
) ENGINE=InnoDB AUTO_INCREMENT=3 DEFAULT CHARSET=utf8 COMMENT='意见反馈表';

--
-- 转存表中的数据 `thank_feedback`
--

INSERT INTO `thank_feedback` (`id`, `member_id`, `category`, `picture`, `content`, `feedback`, `username`, `status`, `update_time`, `create_time`) VALUES
(1, 10000, 1, '', '432424', '45435345435435345435345435345345', '421', 1, 1467120703, 412),
(2, 10000, 1, 'http://img.92ws.cn/201606282144179673.jpg,http://img.92ws.cn/201606282144171412.jpg', 'qewreqwrewq', '4534545', 'ztao', 1, 1467121547, 1467121460);

-- --------------------------------------------------------

--
-- 表的结构 `thank_grade`
--

CREATE TABLE IF NOT EXISTS `thank_grade` (
  `id` int(11) unsigned NOT NULL COMMENT 'ID',
  `member_id` int(11) unsigned NOT NULL DEFAULT '0' COMMENT '会员ID',
  `title` varchar(100) NOT NULL DEFAULT '' COMMENT '代理级别名称',
  `status` tinyint(1) unsigned NOT NULL DEFAULT '0' COMMENT '0停用1启用',
  `isdel` tinyint(1) NOT NULL DEFAULT '0' COMMENT '是否删除',
  `listorder` int(11) unsigned NOT NULL DEFAULT '0' COMMENT '排序',
  `remark` varchar(1000) NOT NULL DEFAULT '' COMMENT '备注',
  `update_time` int(11) unsigned NOT NULL DEFAULT '0' COMMENT '更新时间',
  `create_time` int(11) unsigned NOT NULL DEFAULT '0' COMMENT '创建时间'
) ENGINE=InnoDB AUTO_INCREMENT=85 DEFAULT CHARSET=utf8 COMMENT='代理级别表';

--
-- 转存表中的数据 `thank_grade`
--

INSERT INTO `thank_grade` (`id`, `member_id`, `title`, `status`, `isdel`, `listorder`, `remark`, `update_time`, `create_time`) VALUES
(1, 10000, '微商价', 1, 0, 0, '', 1467637153, 1467615943),
(2, 10000, '一级代理', 1, 0, 0, '', 1467615949, 1467615949),
(3, 10000, '官方合伙人', 1, 0, 0, '', 1467637218, 1467615959),
(4, 10000, '全国总代', 1, 0, 0, '', 1467615974, 1467615974),
(5, 10000, '大区总司令', 1, 0, 0, '', 1467615983, 1467615983),
(6, 10000, '执行主席', 1, 0, 0, '', 1467615993, 1467615993),
(7, 10000, '副总裁', 1, 0, 0, '', 1467616000, 1467616000),
(29, 10004, '微商价', 1, 0, 0, '', 1468294723, 1468294723),
(30, 10004, '一级代理', 1, 0, 0, '', 1468294723, 1468294723),
(31, 10004, '官方合伙人', 1, 0, 0, '', 1468294723, 1468294723),
(32, 10004, '全国总代', 1, 0, 0, '', 1468294723, 1468294723),
(33, 10004, '大区总司令', 1, 0, 0, '', 1468294723, 1468294723),
(34, 10004, '执行主席', 1, 0, 0, '', 1468294723, 1468294723),
(35, 10004, '副总裁', 1, 0, 0, '', 1468294723, 1468294723),
(36, 10005, '微商价', 1, 0, 0, '', 1468417744, 1468417744),
(37, 10005, '一级代理', 1, 0, 0, '', 1468417744, 1468417744),
(38, 10005, '官方合伙人', 1, 0, 0, '', 1468417744, 1468417744),
(39, 10005, '全国总代', 1, 0, 0, '', 1468417744, 1468417744),
(40, 10005, '大区总司令', 1, 0, 0, '', 1468417744, 1468417744),
(41, 10005, '执行主席', 1, 0, 0, '', 1468417744, 1468417744),
(42, 10005, '副总裁', 1, 0, 0, '', 1468417744, 1468417744),
(43, 10006, '微商价', 1, 0, 0, '', 1468417846, 1468417846),
(44, 10006, '一级代理', 1, 0, 0, '', 1468417846, 1468417846),
(45, 10006, '官方合伙人', 1, 0, 0, '', 1468417846, 1468417846),
(46, 10006, '全国总代', 1, 0, 0, '', 1468417846, 1468417846),
(47, 10006, '大区总司令', 1, 0, 0, '', 1468417846, 1468417846),
(48, 10006, '执行主席', 1, 0, 0, '', 1468417846, 1468417846),
(49, 10006, '副总裁', 1, 0, 0, '', 1468417846, 1468417846),
(50, 10008, '微商价', 1, 0, 0, '', 1468824640, 1468824640),
(51, 10008, '一级代理', 1, 0, 0, '', 1468824640, 1468824640),
(52, 10008, '官方合伙人', 1, 0, 0, '', 1468824640, 1468824640),
(53, 10008, '全国总代', 1, 0, 0, '', 1468824640, 1468824640),
(54, 10008, '大区总司令', 1, 0, 0, '', 1468824640, 1468824640),
(55, 10008, '执行主席', 1, 0, 0, '', 1468824640, 1468824640),
(56, 10008, '副总裁', 1, 0, 0, '', 1468824640, 1468824640),
(57, 10009, '微商价', 1, 0, 0, '', 1468847741, 1468847741),
(58, 10009, '一级代理', 1, 0, 0, '', 1468847741, 1468847741),
(59, 10009, '官方合伙人', 1, 0, 0, '', 1468847741, 1468847741),
(60, 10009, '全国总代', 1, 0, 0, '', 1468847741, 1468847741),
(61, 10009, '大区总司令', 1, 0, 0, '', 1468847741, 1468847741),
(62, 10009, '执行主席', 1, 0, 0, '', 1468847741, 1468847741),
(63, 10009, '副总裁', 1, 0, 0, '', 1468847741, 1468847741),
(64, 10011, '微商价', 1, 0, 0, '', 1469591209, 1469591209),
(65, 10011, '一级代理', 1, 0, 0, '', 1469591209, 1469591209),
(66, 10011, '官方合伙人', 1, 0, 0, '', 1469591209, 1469591209),
(67, 10011, '全国总代', 1, 0, 0, '', 1469591209, 1469591209),
(68, 10011, '大区总司令', 1, 0, 0, '', 1469591209, 1469591209),
(69, 10011, '执行主席', 1, 0, 0, '', 1469591209, 1469591209),
(70, 10011, '副总裁', 1, 0, 0, '', 1469591209, 1469591209),
(71, 10012, '微商价', 1, 0, 0, '', 1469591244, 1469591244),
(72, 10012, '一级代理', 1, 0, 0, '', 1469591244, 1469591244),
(73, 10012, '官方合伙人', 1, 0, 0, '', 1469591244, 1469591244),
(74, 10012, '全国总代', 1, 0, 0, '', 1469591244, 1469591244),
(75, 10012, '大区总司令', 1, 0, 0, '', 1469591244, 1469591244),
(76, 10012, '执行主席', 1, 0, 0, '', 1469591244, 1469591244),
(77, 10012, '副总裁', 1, 0, 0, '', 1469591244, 1469591244),
(78, 10013, '微商价', 1, 0, 0, '', 1477323968, 1477323968),
(79, 10013, '一级代理', 1, 0, 0, '', 1477323968, 1477323968),
(80, 10013, '官方合伙人', 1, 0, 0, '', 1477323968, 1477323968),
(81, 10013, '全国总代', 1, 0, 0, '', 1477323968, 1477323968),
(82, 10013, '大区总司令', 1, 0, 0, '', 1477323968, 1477323968),
(83, 10013, '执行主席', 1, 0, 0, '', 1477323968, 1477323968),
(84, 10013, '副总裁', 1, 0, 0, '', 1477323968, 1477323968);

-- --------------------------------------------------------

--
-- 表的结构 `thank_loginlog`
--

CREATE TABLE IF NOT EXISTS `thank_loginlog` (
  `id` int(11) NOT NULL COMMENT '日志ID',
  `username` varchar(50) NOT NULL DEFAULT '' COMMENT '登录帐号',
  `logintime` int(10) NOT NULL DEFAULT '0' COMMENT '登录时间戳',
  `loginip` varchar(50) NOT NULL DEFAULT '' COMMENT '登录IP',
  `status` tinyint(1) NOT NULL DEFAULT '0' COMMENT '状态,1为登录成功，0为登录失败',
  `password` varchar(50) NOT NULL DEFAULT '' COMMENT '尝试错误密码',
  `info` varchar(1000) NOT NULL DEFAULT '' COMMENT '其他说明'
) ENGINE=InnoDB AUTO_INCREMENT=99 DEFAULT CHARSET=utf8 COMMENT='后台登陆日志表';

--
-- 转存表中的数据 `thank_loginlog`
--

INSERT INTO `thank_loginlog` (`id`, `username`, `logintime`, `loginip`, `status`, `password`, `info`) VALUES
(44, 'ztao', 1465970028, '127.0.0.1', 1, '密码保密', '用户名登录'),
(45, 'ztao', 1465984681, '127.0.0.1', 1, '密码保密', '用户名登录'),
(46, 'ztao', 1466586209, '127.0.0.1', 1, '密码保密', '用户名登录'),
(47, 'ztao', 1466746296, '192.168.80.1', 1, '密码保密', '用户名登录'),
(48, 'ztao8@qq.com', 1466751004, '192.168.80.1', 0, '423423', '用户名登录'),
(49, 'ztao668@sina.com', 1466751010, '192.168.80.1', 0, '43424', '用户名登录'),
(50, 'ztao8@qq.com', 1466751057, '192.168.80.1', 0, '4234', '用户名登录'),
(51, 'ztao8@qq.com', 1466751183, '192.168.80.1', 0, 'Z23542', '用户名登录'),
(52, 'ztao8@qq.com', 1466751252, '192.168.80.1', 1, '密码保密', '用户名登录'),
(53, 'ztao8@qq.com', 1466751312, '192.168.80.1', 0, '4234', '用户名登录'),
(54, 'ztao', 1466838639, '127.0.0.1', 1, '密码保密', '用户名登录'),
(55, 'ztao', 1466913146, '127.0.0.1', 1, '密码保密', '用户名登录'),
(56, 'ztao', 1467117661, '127.0.0.1', 1, '密码保密', '用户名登录'),
(57, 'ztao', 1467353656, '192.168.80.1', 1, '密码保密', '用户名登录'),
(58, 'admin', 1468214819, '192.168.80.1', 0, 'ztao', '用户名登录'),
(59, 'ztao', 1468214826, '192.168.80.1', 1, '密码保密', '用户名登录'),
(60, 'ztao', 1468396106, '192.168.80.1', 1, '密码保密', '用户名登录'),
(61, 'ztao', 1468501714, '114.111.166.5', 1, '密码保密', '用户名登录'),
(62, 'ztao', 1468821235, '116.228.88.119', 1, '密码保密', '用户名登录'),
(63, 'ztao', 1468821447, '116.228.88.119', 1, '密码保密', '用户名登录'),
(64, 'ztao', 1468826323, '116.228.88.119', 1, '密码保密', '用户名登录'),
(65, 'ztao', 1468836626, '116.228.88.119', 1, '密码保密', '用户名登录'),
(66, 'ztao', 1468848023, '114.111.166.5', 1, '密码保密', '用户名登录'),
(67, 'ztao', 1468892135, '116.228.88.119', 1, '密码保密', '用户名登录'),
(68, 'ztao', 1468910548, '116.228.88.119', 1, '密码保密', '用户名登录'),
(69, 'ztao', 1468923339, '116.228.88.119', 1, '密码保密', '用户名登录'),
(70, 'ztao', 1468937613, '114.111.166.5', 1, '密码保密', '用户名登录'),
(71, 'ztao', 1468984795, '116.228.88.119', 1, '密码保密', '用户名登录'),
(72, 'ztao', 1469080621, '116.228.88.119', 1, '密码保密', '用户名登录'),
(73, 'ztao', 1469089482, '116.228.88.119', 1, '密码保密', '用户名登录'),
(74, 'ztao', 1469110688, '114.111.166.5', 1, '密码保密', '用户名登录'),
(75, 'ztao', 1469244030, '183.167.211.5', 1, '密码保密', '用户名登录'),
(76, 'ztao', 1469411613, '116.228.88.119', 1, '密码保密', '用户名登录'),
(77, 'ztao', 1469590047, '116.228.88.119', 1, '密码保密', '用户名登录'),
(78, 'ztao', 1469591295, '116.228.88.119', 1, '密码保密', '用户名登录'),
(79, 'admin', 1469591411, '116.228.88.119', 1, '密码保密', '用户名登录'),
(80, 'ztao', 1469591437, '116.228.88.119', 1, '密码保密', '用户名登录'),
(81, 'admin', 1469591475, '116.228.88.119', 1, '密码保密', '用户名登录'),
(82, 'admin', 1469591486, '116.228.88.119', 0, 'zt123456343', '用户名登录'),
(83, 'ztao', 1469591548, '116.228.88.119', 1, '密码保密', '用户名登录'),
(84, 'ztao', 1469591578, '116.228.88.119', 1, '密码保密', '用户名登录'),
(85, 'admin', 1469591593, '116.228.88.119', 0, 'zt123456', '用户名登录'),
(86, 'ztao', 1469626811, '183.167.211.6', 1, '密码保密', '用户名登录'),
(87, 'ztao', 1469673726, '116.228.88.119', 1, '密码保密', '用户名登录'),
(88, 'ztao', 1469954812, '114.111.166.5', 1, '密码保密', '用户名登录'),
(89, 'ztao', 1470037443, '116.228.88.119', 1, '密码保密', '用户名登录'),
(90, 'ztao', 1470373424, '116.228.88.119', 1, '密码保密', '用户名登录'),
(91, 'admin', 1471491315, '211.144.206.242', 0, 'Ztao159753', '用户名登录'),
(92, 'admin', 1471491322, '211.144.206.242', 0, 'Ztao159753', '用户名登录'),
(93, 'ztao', 1471491338, '211.144.206.242', 1, '密码保密', '用户名登录'),
(94, 'ztao', 1474126660, '183.167.211.66', 1, '密码保密', '用户名登录'),
(95, 'admin', 1479198865, '116.228.88.119', 0, 'Ztao159753', '用户名登录'),
(96, 'ztao', 1479198877, '116.228.88.119', 1, '密码保密', '用户名登录'),
(97, 'ztao', 1484275173, '116.228.88.119', 1, '密码保密', '用户名登录'),
(98, 'ztao', 1486704140, '116.228.88.119', 1, '密码保密', '用户名登录');

-- --------------------------------------------------------

--
-- 表的结构 `thank_member`
--

CREATE TABLE IF NOT EXISTS `thank_member` (
  `id` int(11) unsigned NOT NULL COMMENT 'ID',
  `email` varchar(100) NOT NULL DEFAULT '' COMMENT '登陆邮箱',
  `password` varchar(50) NOT NULL DEFAULT '' COMMENT '密码',
  `remain_amount` decimal(10,2) NOT NULL DEFAULT '0.00' COMMENT '存上家的余款',
  `grade` int(11) unsigned NOT NULL DEFAULT '0' COMMENT '级别',
  `alipay_account` varchar(255) NOT NULL DEFAULT '' COMMENT '支付宝账号',
  `phone` varchar(50) NOT NULL DEFAULT '' COMMENT '手机号码',
  `amount` decimal(10,2) unsigned NOT NULL DEFAULT '0.00' COMMENT '账户余额',
  `cash` decimal(10,2) unsigned NOT NULL DEFAULT '0.00' COMMENT '现金卷',
  `verify` varchar(50) NOT NULL DEFAULT '' COMMENT '证验码',
  `nickname` varchar(50) NOT NULL DEFAULT '' COMMENT '会员名称',
  `truename` varchar(50) NOT NULL DEFAULT '' COMMENT '真实姓名',
  `sex` tinyint(1) unsigned NOT NULL DEFAULT '0' COMMENT '性别0:保密1:男2:女',
  `age` tinyint(11) unsigned NOT NULL DEFAULT '0' COMMENT '年龄',
  `card` varchar(50) NOT NULL DEFAULT '' COMMENT '身份证',
  `company` varchar(255) NOT NULL DEFAULT '' COMMENT '公司',
  `website` varchar(255) NOT NULL DEFAULT '' COMMENT '公司网址',
  `last_login_time` int(11) unsigned NOT NULL DEFAULT '0' COMMENT '上次登录时间',
  `last_login_ip` varchar(50) NOT NULL DEFAULT '' COMMENT '上次登录IP',
  `remark` varchar(1000) NOT NULL DEFAULT '' COMMENT '备注',
  `avatar` varchar(255) NOT NULL DEFAULT '' COMMENT '头像',
  `recom_id` int(11) unsigned NOT NULL DEFAULT '0' COMMENT '推荐人ID',
  `is_init` tinyint(1) NOT NULL DEFAULT '0' COMMENT '是否同步',
  `status` tinyint(1) unsigned NOT NULL DEFAULT '0' COMMENT '是否启用',
  `update_time` int(11) unsigned NOT NULL DEFAULT '0' COMMENT '更新时间',
  `create_time` int(11) unsigned NOT NULL DEFAULT '0' COMMENT '创建时间'
) ENGINE=InnoDB AUTO_INCREMENT=10014 DEFAULT CHARSET=utf8 COMMENT='会员表';

--
-- 转存表中的数据 `thank_member`
--

INSERT INTO `thank_member` (`id`, `email`, `password`, `remain_amount`, `grade`, `alipay_account`, `phone`, `amount`, `cash`, `verify`, `nickname`, `truename`, `sex`, `age`, `card`, `company`, `website`, `last_login_time`, `last_login_ip`, `remark`, `avatar`, `recom_id`, `is_init`, `status`, `update_time`, `create_time`) VALUES
(10000, 'ztao8@qq.com', '56bd2298c22ea371befdfa0c2890ad59', '0.00', 6, 'ztao668@sina.com', '18656687900', '10000.00', '100.00', 'M8z0Gk', '', '张涛', 0, 0, '', '', '', 1495686037, '112.64.216.105', '', 'http://img.92ws.cn/201610151503103090.JPG', 0, 1, 1, 1466746327, 1437643453),
(10002, 'ztao668@sina.com', 'fbc97fcc6ccc58a31ddcacc28892c7d7', '0.00', 0, '', '', '0.00', '0.00', 'eb1jlq', '', '', 0, 0, '', '', '', 0, '', '', '', 0, 0, 0, 1466746348, 1466746348),
(10003, 'ztao58@qq.com', '834255ab7ddd004ffa25a7ef8c338396', '0.00', 0, '', '', '0.00', '0.00', 'ujLkU3', '', '', 0, 0, '', '', '', 0, '', '', '', 0, 0, 0, 1466761101, 1466761101),
(10004, 'demo@qq.com', '98170222468de7ec1e1d72118b1b614b', '0.00', 35, '5458@sina.com', '', '0.00', '0.00', 'YHaE4u', '', '', 0, 0, '', '', '', 1495873738, '180.168.107.138', '', '', 0, 1, 1, 1468290991, 1468290991),
(10005, 'demo2@qq.com', '99852e8830b1fa79797ad8a2d69e460a', '0.00', 0, '', '', '0.00', '0.00', 'OkouvQ', '', '', 0, 0, '', '', '', 1468417639, '127.0.0.1', '', '', 0, 1, 1, 1468417627, 1468417627),
(10006, 'demo3@qq.com', '7817f7c9f774c2d8a8ea70132a8f0596', '0.00', 0, '', '', '0.00', '0.00', 'A0eQio', '', '', 0, 0, '', '', '', 1468417839, '127.0.0.1', '', '', 0, 1, 1, 1468417828, 1468417828),
(10007, 'demo44@qq.com', 'ec6fdb503beb1db037117717318da975', '0.00', 0, '', '', '0.00', '0.00', '0esBCM', '', '', 0, 0, '', '', '', 0, '', '', '', 0, 0, 1, 1468824567, 1468824567),
(10008, 'demo11@qq.com', '38b67056b8df80fa5c0315c488d5480d', '0.00', 56, '', '', '0.00', '0.00', 'Tlx9Kk', '', '', 0, 0, '', '', '', 1468824594, '116.228.88.119', '', '', 0, 1, 1, 1468824590, 1468824590),
(10009, 'demo33@qq.com', '07ba036c641201418c6b87775bbd668a', '0.00', 0, '', '', '0.00', '0.00', 'DqQAdq', '', '', 0, 0, '', '', '', 1468847733, '114.111.166.5', '', '', 0, 1, 1, 1468847729, 1468847729),
(10010, 't3st@t3st.com', '793a5fdd4a915a93855bc58bfda4de25', '0.00', 0, '', '', '0.00', '0.00', 'prod3p', '', '', 0, 0, '', '', '', 1469531633, '182.50.124.75', '', '', 0, 0, 1, 1469531633, 1469531633),
(10011, 'demo66@qq.com', 'de2183c5ddf88d2652ed6c2ee4dde984', '0.00', 0, '', '', '0.00', '0.00', 'PKIhmf', '', '', 0, 0, '', '', '', 1469590983, '116.228.88.119', '', '', 0, 1, 1, 1469590887, 1469590887),
(10012, 'demo88@qq.com', 'f453f5f4e8721595a11b5b7535de19c6', '0.00', 0, '', '', '0.00', '0.00', 'CGd0w5', '', '', 0, 0, '', '', '', 1469591243, '116.228.88.119', '', '', 0, 1, 1, 1469591243, 1469591243),
(10013, '162172173@qq.com', '09843bece9af08e72b52c46a7494832a', '0.00', 0, '', '', '0.00', '0.00', 'OY1M5j', '', '', 0, 0, '', '', '', 1477323968, '122.245.170.202', '', '', 0, 1, 1, 1477323968, 1477323968);

-- --------------------------------------------------------

--
-- 表的结构 `thank_member_config`
--

CREATE TABLE IF NOT EXISTS `thank_member_config` (
  `member_id` int(11) unsigned NOT NULL DEFAULT '0' COMMENT '会员ID',
  `template` tinyint(1) unsigned NOT NULL DEFAULT '0' COMMENT '默认模板'
) ENGINE=InnoDB DEFAULT CHARSET=utf8 COMMENT='会员配置表';

-- --------------------------------------------------------

--
-- 表的结构 `thank_member_limit`
--

CREATE TABLE IF NOT EXISTS `thank_member_limit` (
  `limit_type` tinyint(1) unsigned NOT NULL DEFAULT '0' COMMENT '类型0:黑名单1:白名单',
  `member_id` int(11) unsigned NOT NULL DEFAULT '0' COMMENT '会员ID',
  `create_time` int(11) unsigned NOT NULL DEFAULT '0' COMMENT '创建时间'
) ENGINE=InnoDB DEFAULT CHARSET=utf8 COMMENT='黑白名单表';

--
-- 转存表中的数据 `thank_member_limit`
--

INSERT INTO `thank_member_limit` (`limit_type`, `member_id`, `create_time`) VALUES
(0, 10000, 1463987274);

-- --------------------------------------------------------

--
-- 表的结构 `thank_member_loginlog`
--

CREATE TABLE IF NOT EXISTS `thank_member_loginlog` (
  `id` int(11) NOT NULL COMMENT '日志ID',
  `username` varchar(50) NOT NULL DEFAULT '' COMMENT '登录帐号',
  `logintime` int(10) NOT NULL DEFAULT '0' COMMENT '登录时间戳',
  `loginip` varchar(50) NOT NULL DEFAULT '' COMMENT '登录IP',
  `status` tinyint(1) NOT NULL DEFAULT '0' COMMENT '状态,1为登录成功，0为登录失败',
  `password` varchar(50) NOT NULL DEFAULT '' COMMENT '尝试错误密码',
  `info` varchar(1000) NOT NULL DEFAULT '' COMMENT '其他说明'
) ENGINE=InnoDB AUTO_INCREMENT=327 DEFAULT CHARSET=utf8 COMMENT='后台登陆日志表';

--
-- 转存表中的数据 `thank_member_loginlog`
--

INSERT INTO `thank_member_loginlog` (`id`, `username`, `logintime`, `loginip`, `status`, `password`, `info`) VALUES
(6, 'ztao8@qq.com', 1466752173, '192.168.80.1', 1, '密码保密', '邮箱登录'),
(7, 'ztao8@qq.com', 1466756011, '192.168.80.1', 1, '密码保密', '邮箱登录'),
(8, 'ztao8@qq.com', 1466756398, '192.168.80.1', 1, '密码保密', '邮箱登录'),
(9, 'ztao8@qq.com', 1466763904, '192.168.80.1', 1, '密码保密', '邮箱登录'),
(10, 'ztao8@qq.com', 1466763963, '192.168.80.1', 1, '密码保密', '邮箱登录'),
(11, 'ztao8@qq.com', 1466764884, '192.168.80.1', 1, '密码保密', '邮箱登录'),
(12, 'ztao8@qq.com', 1466773956, '127.0.0.1', 1, '密码保密', '邮箱登录'),
(13, 'ztao8@qq.com', 1466779253, '127.0.0.1', 1, '密码保密', '邮箱登录'),
(14, 'ztao8@qq.com', 1466825735, '127.0.0.1', 1, '密码保密', '邮箱登录'),
(15, 'ztao8@qq.com', 1466832251, '127.0.0.1', 1, '密码保密', '邮箱登录'),
(16, 'ztao8@qq.com', 1466832876, '127.0.0.1', 1, '密码保密', '邮箱登录'),
(17, 'ztao8@qq.com', 1466845049, '127.0.0.1', 1, '密码保密', '邮箱登录'),
(18, 'ztao8@qq.com', 1466900953, '127.0.0.1', 1, '密码保密', '邮箱登录'),
(19, 'ztao8@qq.com', 1467029147, '127.0.0.1', 1, '密码保密', '邮箱登录'),
(20, 'ztao8@qq.com', 1467032231, '127.0.0.1', 1, '密码保密', '邮箱登录'),
(21, 'ztao8@qq.com', 1467032853, '127.0.0.1', 1, '密码保密', '邮箱登录'),
(22, 'ztao8@qq.com', 1467033108, '127.0.0.1', 1, '密码保密', '邮箱登录'),
(23, 'ztao8@qq.com', 1467033506, '127.0.0.1', 1, '密码保密', '邮箱登录'),
(24, 'ztao8@qq.com', 1467033734, '127.0.0.1', 1, '密码保密', '邮箱登录'),
(25, 'ztao8@qq.com', 1467034383, '127.0.0.1', 1, '密码保密', '邮箱登录'),
(26, 'ztao8@qq.com', 1467035876, '127.0.0.1', 1, '密码保密', '邮箱登录'),
(27, 'ztao8@qq.com', 1467045059, '127.0.0.1', 1, '密码保密', '邮箱登录'),
(28, 'ztao8@qq.com', 1467116786, '127.0.0.1', 1, '密码保密', '邮箱登录'),
(29, 'ztao8@qq.com', 1467122981, '127.0.0.1', 1, '密码保密', '邮箱登录'),
(30, 'ztao8@qq.com', 1467217546, '127.0.0.1', 1, '密码保密', '邮箱登录'),
(31, 'ztao8@qq.com', 1467340003, '192.168.80.1', 1, '密码保密', '邮箱登录'),
(32, 'ztao8@qq.com', 1467614188, '192.168.80.1', 1, '密码保密', '邮箱登录'),
(33, 'ztao8@qq.com', 1467616656, '192.168.80.1', 1, '密码保密', '邮箱登录'),
(34, 'ztao8@qq.com', 1467616707, '192.168.80.1', 1, '密码保密', '邮箱登录'),
(35, 'ztao8@qq.com', 1467619864, '192.168.80.1', 1, '密码保密', '邮箱登录'),
(36, 'ztao8@qq.com', 1467636808, '127.0.0.1', 1, '密码保密', '邮箱登录'),
(37, 'ztao8@qq.com', 1467647439, '127.0.0.1', 1, '密码保密', '邮箱登录'),
(38, 'ztao8@qq.com', 1467648941, '127.0.0.1', 1, '密码保密', '邮箱登录'),
(39, 'ztao8@qq.com', 1467686826, '192.168.80.1', 1, '密码保密', '邮箱登录'),
(40, 'ztao8@qq.com', 1467695246, '192.168.80.1', 1, '密码保密', '邮箱登录'),
(41, 'ztao8@qq.com', 1467723487, '127.0.0.1', 1, '密码保密', '邮箱登录'),
(42, 'ztao8@qq.com', 1467814623, '127.0.0.1', 1, '密码保密', '邮箱登录'),
(43, 'ztao8@qq.com', 1468036973, '127.0.0.1', 1, '密码保密', '邮箱登录'),
(44, 'ztao8@qq.com', 1468213846, '192.168.80.1', 1, '密码保密', '邮箱登录'),
(45, 'ztao8@qq.com', 1468289503, '192.168.80.1', 1, '密码保密', '邮箱登录'),
(46, 'ztao8@qq.com', 1468289536, '192.168.80.1', 1, '密码保密', '邮箱登录'),
(47, 'ztao8@qq.com', 1468289538, '192.168.80.1', 1, '密码保密', '邮箱登录'),
(48, 'ztao8@qq.com', 1468289550, '192.168.80.1', 1, '密码保密', '邮箱登录'),
(49, 'ztao8@qq.com', 1468289568, '192.168.80.1', 1, '密码保密', '邮箱登录'),
(50, 'ztao8@qq.com', 1468289588, '192.168.80.1', 1, '密码保密', '邮箱登录'),
(51, 'ztao8@qq.com', 1468289604, '192.168.80.1', 1, '密码保密', '邮箱登录'),
(52, 'ztao8@qq.com', 1468289624, '192.168.80.1', 1, '密码保密', '邮箱登录'),
(53, 'ztao8@qq.com', 1468289645, '192.168.80.1', 1, '密码保密', '邮箱登录'),
(54, 'ztao8@qq.com', 1468289731, '192.168.80.1', 1, '密码保密', '邮箱登录'),
(55, 'ztao8@qq.com', 1468289742, '192.168.80.1', 1, '密码保密', '邮箱登录'),
(56, 'ztao8@qq.com', 1468289758, '192.168.80.1', 1, '密码保密', '邮箱登录'),
(57, 'ztao8@qq.com', 1468289768, '192.168.80.1', 1, '密码保密', '邮箱登录'),
(58, 'ztao8@qq.com', 1468289784, '192.168.80.1', 1, '密码保密', '邮箱登录'),
(59, 'ztao8@qq.com', 1468289814, '192.168.80.1', 1, '密码保密', '邮箱登录'),
(60, 'ztao8@qq.com', 1468289838, '192.168.80.1', 1, '密码保密', '邮箱登录'),
(61, 'ztao8@qq.com', 1468289863, '192.168.80.1', 1, '密码保密', '邮箱登录'),
(62, 'ztao8@qq.com', 1468289867, '192.168.80.1', 1, '密码保密', '邮箱登录'),
(63, 'ztao8@qq.com', 1468289912, '192.168.80.1', 1, '密码保密', '邮箱登录'),
(64, 'ztao8@qq.com', 1468289933, '192.168.80.1', 1, '密码保密', '邮箱登录'),
(65, 'ztao8@qq.com', 1468289937, '192.168.80.1', 1, '密码保密', '邮箱登录'),
(66, 'ztao8@qq.com', 1468289939, '192.168.80.1', 1, '密码保密', '邮箱登录'),
(67, 'ztao8@qq.com', 1468289952, '192.168.80.1', 1, '密码保密', '邮箱登录'),
(68, 'ztao8@qq.com', 1468289957, '192.168.80.1', 1, '密码保密', '邮箱登录'),
(69, 'ztao8@qq.com', 1468290023, '192.168.80.1', 1, '密码保密', '邮箱登录'),
(70, 'ztao8@qq.com', 1468290069, '192.168.80.1', 1, '密码保密', '邮箱登录'),
(71, 'ztao8@qq.com', 1468290076, '192.168.80.1', 1, '密码保密', '邮箱登录'),
(72, 'demo@qq.com', 1468291056, '192.168.80.1', 1, '密码保密', '邮箱登录'),
(73, 'demo@qq.com', 1468304810, '192.168.80.1', 1, '密码保密', '邮箱登录'),
(74, 'ztao8@qq.com', 1468388240, '192.168.80.1', 1, '密码保密', '邮箱登录'),
(75, 'demo@qq.com', 1468388275, '192.168.80.1', 1, '密码保密', '邮箱登录'),
(76, 'demo@qq.com', 1468388320, '192.168.80.1', 1, '密码保密', '邮箱登录'),
(77, 'ztao8@qq.com', 1468403462, '192.168.80.1', 1, '密码保密', '邮箱登录'),
(78, 'demo@qq.com', 1468403561, '192.168.80.1', 1, '密码保密', '邮箱登录'),
(79, 'ztao8@qq.com', 1468414415, '127.0.0.1', 1, '密码保密', '邮箱登录'),
(80, 'demo@qq.com', 1468414432, '127.0.0.1', 1, '密码保密', '邮箱登录'),
(81, 'demo@qq.com', 1468416735, '127.0.0.1', 1, '密码保密', '邮箱登录'),
(82, 'demo2@qq.com', 1468417639, '127.0.0.1', 1, '密码保密', '邮箱登录'),
(83, 'demo3@qq.com', 1468417839, '127.0.0.1', 1, '密码保密', '邮箱登录'),
(84, 'demo@qq.com', 1468475141, '192.168.80.1', 1, '密码保密', '邮箱登录'),
(85, 'ztao8@qq.com', 1468479037, '192.168.80.1', 1, '密码保密', '邮箱登录'),
(86, 'ztao8@qq.com', 1468479085, '192.168.80.1', 1, '密码保密', '邮箱登录'),
(87, 'demo@qq.com', 1468479095, '192.168.80.1', 1, '密码保密', '邮箱登录'),
(88, 'demo@qq.com', 1468479466, '116.228.88.119', 1, '密码保密', '邮箱登录'),
(89, 'ztao8@qq.com', 1468500623, '114.111.166.5', 1, '密码保密', '邮箱登录'),
(90, 'demo@qq.com', 1468500780, '114.111.166.5', 1, '密码保密', '邮箱登录'),
(91, 'ztao8@qq.com', 1468501399, '114.111.166.5', 1, '密码保密', '邮箱登录'),
(92, 'ztao8@qq.com', 1468505118, '114.111.166.5', 1, '密码保密', '邮箱登录'),
(93, 'ztao8@qq.com', 1468505319, '114.111.166.5', 1, '密码保密', '邮箱登录'),
(94, 'ztao8@qq.com', 1468505476, '114.111.166.5', 1, '密码保密', '邮箱登录'),
(95, 'ztao8@qq.com', 1468505630, '58.215.136.8', 1, '密码保密', '邮箱登录'),
(96, 'demo@qq.com', 1468505902, '114.111.166.5', 1, '密码保密', '邮箱登录'),
(97, 'demo@qq.com', 1468505941, '114.111.166.5', 1, '密码保密', '邮箱登录'),
(98, 'ztao8@qq.com', 1468506634, '114.111.166.5', 1, '密码保密', '邮箱登录'),
(99, 'ztao8@qq.com', 1468506913, '114.111.166.5', 1, '密码保密', '邮箱登录'),
(100, 'demo@qq.com', 1468547145, '116.228.88.119', 1, '密码保密', '邮箱登录'),
(101, 'demo@qq.com', 1468549319, '116.228.88.119', 1, '密码保密', '邮箱登录'),
(102, 'demo@qq.com', 1468632462, '114.111.166.5', 1, '密码保密', '邮箱登录'),
(103, 'demo@qq.com', 1468806539, '116.228.88.119', 1, '密码保密', '邮箱登录'),
(104, 'demo@qq.com', 1468807329, '116.228.88.119', 1, '密码保密', '邮箱登录'),
(105, 'demo@qq.com', 1468809644, '116.228.88.119', 1, '密码保密', '邮箱登录'),
(106, 'demo@qq.com', 1468811901, '116.228.88.119', 1, '密码保密', '邮箱登录'),
(107, 'demo@qq.com', 1468824112, '116.228.88.119', 1, '密码保密', '邮箱登录'),
(108, 'demo@qq.com', 1468824528, '116.228.88.119', 1, '密码保密', '邮箱登录'),
(109, 'demo11@qq.com', 1468824594, '116.228.88.119', 1, '密码保密', '邮箱登录'),
(110, 'demo@qq.com', 1468830716, '116.228.88.119', 1, '密码保密', '邮箱登录'),
(111, 'ztao8@qq.com', 1468831019, '116.228.88.119', 1, '密码保密', '邮箱登录'),
(112, 'ztao8@qq.com', 1468832407, '114.111.166.5', 1, '密码保密', '邮箱登录'),
(113, 'demo@qq.com', 1468839384, '116.228.88.119', 1, '密码保密', '邮箱登录'),
(114, 'ztao8@qq.com', 1468839603, '116.228.88.119', 1, '密码保密', '邮箱登录'),
(115, 'demo@qq.com', 1468847610, '114.111.166.5', 1, '密码保密', '邮箱登录'),
(116, 'demo33@qq.com', 1468847733, '114.111.166.5', 1, '密码保密', '邮箱登录'),
(117, 'demo@qq.com', 1468847786, '114.111.166.5', 1, '密码保密', '邮箱登录'),
(118, 'demo@qq.com', 1468892412, '116.228.88.119', 1, '密码保密', '邮箱登录'),
(119, 'demo@qq.com', 1468894172, '116.228.88.119', 1, '密码保密', '邮箱登录'),
(120, 'demo@qq.com', 1468895347, '116.228.88.119', 1, '密码保密', '邮箱登录'),
(121, 'demo@qq.com', 1468896954, '116.228.88.119', 1, '密码保密', '邮箱登录'),
(122, 'demo@qq.com', 1468900821, '116.228.88.119', 1, '密码保密', '邮箱登录'),
(123, 'demo@qq.com', 1468900866, '116.228.88.119', 1, '密码保密', '邮箱登录'),
(124, 'demo@qq.com', 1468908896, '116.228.88.119', 1, '密码保密', '邮箱登录'),
(125, 'demo@qq.com', 1468909083, '116.228.88.119', 1, '密码保密', '邮箱登录'),
(126, 'demo@qq.com', 1468913352, '116.228.88.119', 1, '密码保密', '邮箱登录'),
(127, 'ztao8@qq.com', 1468937674, '114.111.166.5', 1, '密码保密', '邮箱登录'),
(128, 'demo@qq.com', 1468983614, '58.243.250.20', 1, '密码保密', '邮箱登录'),
(129, 'demo@qq.com', 1468986104, '116.228.88.119', 1, '密码保密', '邮箱登录'),
(130, 'demo@qq.com', 1468993160, '116.228.88.119', 1, '密码保密', '邮箱登录'),
(131, 'ztao8@qq.com', 1468993200, '116.228.88.119', 1, '密码保密', '邮箱登录'),
(132, 'ztao8@qq.com', 1469097249, '116.228.88.119', 1, '密码保密', '邮箱登录'),
(133, 'demo@qq.com', 1469152268, '116.228.88.119', 1, '密码保密', '邮箱登录'),
(134, 'ztao8@qq.com', 1469159245, '116.228.88.119', 1, '密码保密', '邮箱登录'),
(135, 'demo@qq.com', 1469159324, '116.228.88.119', 1, '密码保密', '邮箱登录'),
(136, 'demo@qq.com', 1469183428, '116.228.88.119', 1, '密码保密', '邮箱登录'),
(137, 'demo@qq.com', 1469243853, '183.167.211.5', 1, '密码保密', '邮箱登录'),
(138, 'ztao8@qq.com', 1469243863, '183.167.211.5', 1, '密码保密', '邮箱登录'),
(139, 'ztao8@qq.com', 1469243872, '183.167.211.5', 1, '密码保密', '邮箱登录'),
(140, 'demo@qq.com', 1469416345, '116.228.88.119', 1, '密码保密', '邮箱登录'),
(141, 'ztao8@qq.com', 1469427241, '116.228.88.119', 1, '密码保密', '邮箱登录'),
(142, 'ztao8@qq.com', 1469522256, '116.228.88.119', 1, '密码保密', '邮箱登录'),
(143, 'ztao668@sina.com', 1469531209, '182.50.124.75', 0, 'ztaohyy', '邮箱登录'),
(144, 'ztao668@sina.com', 1469531213, '182.50.124.75', 0, 'ztaohyy159753', '邮箱登录'),
(145, 'demo@qq.com', 1469531215, '182.50.124.75', 1, '密码保密', '邮箱登录'),
(146, 't3st@t3st.com', 1469531633, '182.50.124.75', 1, '密码保密', '邮箱登录'),
(147, 'ztao668@sina.com', 1469531686, '182.50.124.75', 0, '123456', '邮箱登录'),
(148, 'ztao668@sina.com', 1469531688, '182.50.124.75', 0, 'ztao668@sina.com', '邮箱登录'),
(149, 'ztao668@sina.com', 1469531690, '182.50.124.75', 0, 'ztao668', '邮箱登录'),
(150, 'ztao668@sina.com', 1469532593, '182.50.124.75', 0, 'ztaohyy668', '邮箱登录'),
(151, 'ztao668@sina.com', 1469532627, '182.50.124.75', 0, 'ztao159753', '邮箱登录'),
(152, 'ztao668@sina.com', 1469532641, '182.50.124.75', 0, 'ztao19910122', '邮箱登录'),
(153, 'ztao8@qq.com', 1469536639, '183.167.211.6', 1, '密码保密', '邮箱登录'),
(154, 'demo@qq.com', 1469590578, '116.228.88.119', 1, '密码保密', '邮箱登录'),
(155, 'demo66@qq.com', 1469590887, '116.228.88.119', 1, '密码保密', '邮箱登录'),
(156, 'demo66@qq.com', 1469590983, '116.228.88.119', 1, '密码保密', '邮箱登录'),
(157, 'demo88@qq.com', 1469591243, '116.228.88.119', 1, '密码保密', '邮箱登录'),
(158, 'ztao8@qq.com', 1469606335, '116.228.88.119', 1, '密码保密', '邮箱登录'),
(159, 'demo@qq.com', 1469756299, '116.228.88.119', 1, '密码保密', '邮箱登录'),
(160, 'ztao8@qq.com', 1469784133, '116.228.88.119', 1, '密码保密', '邮箱登录'),
(161, 'ztao8@qq.com', 1469786109, '116.228.88.119', 1, '密码保密', '邮箱登录'),
(162, 'demo@qq.com', 1469788462, '116.228.88.119', 1, '密码保密', '邮箱登录'),
(163, 'demo@qq.com', 1469788495, '116.228.88.119', 1, '密码保密', '邮箱登录'),
(164, 'ztao8@qq.com', 1469809264, '114.111.166.5', 1, '密码保密', '邮箱登录'),
(165, 'ztao8@qq.com', 1469932872, '114.111.166.5', 1, '密码保密', '邮箱登录'),
(166, 'ztao8@qq.com', 1470108756, '58.243.254.147', 1, '密码保密', '邮箱登录'),
(167, 'ztao8@qq.com', 1470129811, '114.111.166.5', 1, '密码保密', '邮箱登录'),
(168, 'demo@qq.com', 1470133455, '116.228.88.119', 1, '密码保密', '邮箱登录'),
(169, 'demo@qq.com', 1470206905, '116.228.88.119', 1, '密码保密', '邮箱登录'),
(170, 'ztao8@qq.com', 1470219578, '116.228.88.119', 1, '密码保密', '邮箱登录'),
(171, 'ztao8@qq.com', 1470370761, '58.243.250.144', 1, '密码保密', '邮箱登录'),
(172, 'ztao8@qq.com', 1470373322, '116.228.88.119', 1, '密码保密', '邮箱登录'),
(173, 'ztao8@qq.com', 1470390390, '114.111.166.5', 1, '密码保密', '邮箱登录'),
(174, 'ztao8@qq.com', 1470639677, '116.228.88.119', 1, '密码保密', '邮箱登录'),
(175, 'demo@qq.com', 1470643634, '116.228.88.119', 1, '密码保密', '邮箱登录'),
(176, 'ztao8@qq.com', 1470652672, '114.111.166.6', 1, '密码保密', '邮箱登录'),
(177, 'ztao8@qq.com', 1470970304, '116.228.88.119', 1, '密码保密', '邮箱登录'),
(178, 'ztao8@qq.com', 1470994708, '183.167.211.70', 1, '密码保密', '邮箱登录'),
(179, 'demo@qq.com', 1470995186, '116.228.88.119', 1, '密码保密', '邮箱登录'),
(180, 'ztao8@qq.com', 1471074507, '114.111.166.5', 1, '密码保密', '邮箱登录'),
(181, 'ztao8@qq.com', 1471259709, '116.216.30.54', 1, '密码保密', '邮箱登录'),
(182, 'ztao8@qq.com', 1471262169, '116.228.88.119', 1, '密码保密', '邮箱登录'),
(183, 'demo@qq.com', 1471335329, '211.144.206.242', 1, '密码保密', '邮箱登录'),
(184, 'ztao8@qq.com', 1471524549, '114.111.166.5', 1, '密码保密', '邮箱登录'),
(185, 'ztao8@qq.com', 1471578465, '211.144.206.242', 1, '密码保密', '邮箱登录'),
(186, 'demo@qq.com', 1471670554, '123.245.36.68', 1, '密码保密', '邮箱登录'),
(187, 'demo@qq.com', 1471670649, '123.245.36.68', 1, '密码保密', '邮箱登录'),
(188, 'ztao8@qq.com', 1471792433, '183.167.211.67', 1, '密码保密', '邮箱登录'),
(189, 'ztao8@qq.com', 1471847494, '211.144.206.242', 1, '密码保密', '邮箱登录'),
(190, 'demo@qq.com', 1471947243, '211.144.206.242', 1, '密码保密', '邮箱登录'),
(191, 'ztao8@qq.com', 1472025283, '211.144.206.242', 1, '密码保密', '邮箱登录'),
(192, 'ztao8@qq.com', 1472107113, '211.144.206.242', 1, '密码保密', '邮箱登录'),
(193, 'ztao8@qq.com', 1472132057, '59.63.170.47', 1, '密码保密', '邮箱登录'),
(194, 'ztao8@qq.com', 1472445056, '116.216.30.55', 1, '密码保密', '邮箱登录'),
(195, 'ztao8@qq.com', 1472445108, '58.243.254.173', 1, '密码保密', '邮箱登录'),
(196, 'ztao8@qq.com', 1472461564, '116.228.88.119', 1, '密码保密', '邮箱登录'),
(197, 'ztao8@qq.com', 1472709071, '183.167.211.65', 1, '密码保密', '邮箱登录'),
(198, 'ztao8@qq.com', 1472719121, '116.228.88.119', 1, '密码保密', '邮箱登录'),
(199, 'ztao8@qq.com', 1472973252, '59.53.67.229', 1, '密码保密', '邮箱登录'),
(200, 'ztao8@qq.com', 1472990934, '58.243.250.224', 1, '密码保密', '邮箱登录'),
(201, 'demo@qq.com', 1473054762, '116.228.88.119', 1, '密码保密', '邮箱登录'),
(202, 'ztao8@qq.com', 1473125826, '116.228.88.119', 1, '密码保密', '邮箱登录'),
(203, 'ztao8@qq.com', 1473234939, '59.53.67.229', 1, '密码保密', '邮箱登录'),
(204, 'ztao8@qq.com', 1473304039, '58.243.250.151', 1, '密码保密', '邮箱登录'),
(205, 'ztao8@qq.com', 1473387233, '116.228.88.119', 1, '密码保密', '邮箱登录'),
(206, 'ztao8@qq.com', 1473595812, '59.53.67.228', 1, '密码保密', '邮箱登录'),
(207, 'demo@qq.com', 1473671067, '116.228.88.119', 1, '密码保密', '邮箱登录'),
(208, 'ztao8@qq.com', 1473685422, '59.53.67.228', 1, '密码保密', '邮箱登录'),
(209, 'ztao8@qq.com', 1473946916, '59.53.67.228', 1, '密码保密', '邮箱登录'),
(210, 'ztao8@qq.com', 1474020425, '59.53.67.228', 1, '密码保密', '邮箱登录'),
(211, 'demo@qq.com', 1474254261, '116.228.88.119', 1, '密码保密', '邮箱登录'),
(212, 'ztao8@qq.com', 1474448452, '183.167.211.71', 1, '密码保密', '邮箱登录'),
(213, 'demo@qq.com', 1474625998, '58.243.250.85', 1, '密码保密', '邮箱登录'),
(214, 'demo@qq.com', 1474695339, '116.228.88.119', 1, '密码保密', '邮箱登录'),
(215, 'ztao8@qq.com', 1474860332, '59.53.67.228', 1, '密码保密', '邮箱登录'),
(216, 'ztao8@qq.com', 1474954122, '58.243.250.43', 1, '密码保密', '邮箱登录'),
(217, 'ztao8@qq.com', 1475130364, '59.63.248.100', 1, '密码保密', '邮箱登录'),
(218, 'ztao8@qq.com', 1475240010, '58.243.254.17', 1, '密码保密', '邮箱登录'),
(219, 'ztao8@qq.com', 1475638599, '58.243.254.212', 1, '密码保密', '邮箱登录'),
(220, 'ztao8@qq.com', 1475996354, '59.63.248.100', 1, '密码保密', '邮箱登录'),
(221, 'ztao8@qq.com', 1476095134, '116.228.88.119', 1, '密码保密', '邮箱登录'),
(222, 'ztao8@qq.com', 1476174257, '116.228.88.119', 1, '密码保密', '邮箱登录'),
(223, 'ztao8@qq.com', 1476257339, '59.63.248.102', 1, '密码保密', '邮箱登录'),
(224, 'ztao8@qq.com', 1476322319, '59.63.248.102', 1, '密码保密', '邮箱登录'),
(225, 'ztao8@qq.com', 1476456245, '59.63.248.102', 1, '密码保密', '邮箱登录'),
(226, 'ztao8@qq.com', 1476618490, '183.167.211.65', 1, '密码保密', '邮箱登录'),
(227, 'ztao8@qq.com', 1476778545, '116.228.88.119', 1, '密码保密', '邮箱登录'),
(228, 'ztao8@qq.com', 1476946381, '183.167.211.65', 1, '密码保密', '邮箱登录'),
(229, 'demo@qq.com', 1477039885, '116.228.88.119', 1, '密码保密', '邮箱登录'),
(230, 'ztao8@qq.com', 1477236593, '101.81.117.168', 1, '密码保密', '邮箱登录'),
(231, 'ztao8@qq.com', 1477236772, '101.81.117.168', 1, '密码保密', '邮箱登录'),
(232, 'demo@qq.com', 1477259534, '1.197.139.252', 1, '密码保密', '邮箱登录'),
(233, '162172173@qq.com', 1477323968, '122.245.170.202', 1, '密码保密', '邮箱登录'),
(234, 'ztao8@qq.com', 1477367596, '220.179.147.54', 1, '密码保密', '邮箱登录'),
(235, 'ztao8@qq.com', 1477549262, '116.228.88.119', 1, '密码保密', '邮箱登录'),
(236, 'ztao8@qq.com', 1477710399, '220.179.147.54', 1, '密码保密', '邮箱登录'),
(237, 'demo@qq.com', 1477904833, '116.228.88.119', 1, '密码保密', '邮箱登录'),
(238, 'ztao8@qq.com', 1477980064, '220.179.147.50', 1, '密码保密', '邮箱登录'),
(239, 'ztao8@qq.com', 1477991714, '116.228.88.119', 1, '密码保密', '邮箱登录'),
(240, 'ztao8@qq.com', 1478241887, '59.63.248.100', 1, '密码保密', '邮箱登录'),
(241, 'demo@qq.com', 1478362539, '114.83.9.111', 1, '密码保密', '邮箱登录'),
(242, 'ztao8@qq.com', 1478398586, '59.63.248.101', 1, '密码保密', '邮箱登录'),
(243, 'ztao8@qq.com', 1478511410, '183.167.211.71', 1, '密码保密', '邮箱登录'),
(244, 'demo@qq.com', 1478661168, '116.228.88.119', 1, '密码保密', '邮箱登录'),
(245, 'demo@qq.com', 1478669621, '121.23.190.114', 1, '密码保密', '邮箱登录'),
(246, 'demo@qq.com', 1478686946, '116.228.88.119', 1, '密码保密', '邮箱登录'),
(247, 'ztao8@qq.com', 1478790706, '183.167.211.71', 1, '密码保密', '邮箱登录'),
(248, 'ztao8@qq.com', 1478839134, '183.167.211.71', 1, '密码保密', '邮箱登录'),
(249, 'ztao8@qq.com', 1479117653, '59.63.248.100', 1, '密码保密', '邮箱登录'),
(250, 'ztao8@qq.com', 1479282256, '116.228.88.119', 1, '密码保密', '邮箱登录'),
(251, 'ztao8@qq.com', 1479715249, '116.228.88.119', 1, '密码保密', '邮箱登录'),
(252, 'demo@qq.com', 1479795854, '116.228.88.119', 1, '密码保密', '邮箱登录'),
(253, 'ztao8@qq.com', 1479803194, '59.63.248.100', 1, '密码保密', '邮箱登录'),
(254, 'ztao8@qq.com', 1480068761, '116.228.88.119', 1, '密码保密', '邮箱登录'),
(255, 'ztao8@qq.com', 1480321575, '220.179.147.55', 1, '密码保密', '邮箱登录'),
(256, 'ztao8@qq.com', 1480331387, '58.243.250.18', 1, '密码保密', '邮箱登录'),
(257, 'ztao8@qq.com', 1480589031, '183.240.27.47', 1, '密码保密', '邮箱登录'),
(258, 'demo@qq.com', 1480733353, '183.240.27.47', 1, '密码保密', '邮箱登录'),
(259, 'ztao8@qq.com', 1480921217, '220.179.147.50', 1, '密码保密', '邮箱登录'),
(260, 'ztao8@qq.cm', 1481192838, '222.45.95.5', 0, 'Ztao159753', '邮箱登录'),
(261, 'ztao8@qq.com', 1481192839, '222.45.95.5', 1, '密码保密', '邮箱登录'),
(262, 'ztao8@qq.com', 1482237976, '36.32.187.27', 1, '密码保密', '邮箱登录'),
(263, 'ztao8@qq.com', 1482586732, '183.240.27.46', 1, '密码保密', '邮箱登录'),
(264, 'ztao8@qq.com', 1482892734, '183.240.27.47', 1, '密码保密', '邮箱登录'),
(265, 'ztao8@qq.com', 1483028003, '183.240.27.47', 1, '密码保密', '邮箱登录'),
(266, 'demo@qq.com', 1483340109, '220.179.147.55', 1, '密码保密', '邮箱登录'),
(267, 'ztao8@qq.com', 1483350241, '220.179.147.55', 1, '密码保密', '邮箱登录'),
(268, 'ztao8@qq.com', 1483420505, '220.179.147.55', 1, '密码保密', '邮箱登录'),
(269, 'ztao8@qq.com', 1483688079, '183.167.211.68', 1, '密码保密', '邮箱登录'),
(270, 'ztao8@qq.com', 1484031127, '183.167.211.69', 1, '密码保密', '邮箱登录'),
(271, 'ztao8@qq.com', 1484717422, '222.45.95.2', 1, '密码保密', '邮箱登录'),
(272, 'ztao8@qq.com', 1486300537, '140.207.223.146', 1, '密码保密', '邮箱登录'),
(273, 'ztao8@qq.com', 1486365635, '140.207.223.146', 1, '密码保密', '邮箱登录'),
(274, 'ztao8@qq.com', 1486376150, '116.228.88.119', 1, '密码保密', '邮箱登录'),
(275, 'ztao8@qq.com', 1486451880, '116.228.88.119', 1, '密码保密', '邮箱登录'),
(276, 'ztao8@qq.com', 1486626132, '112.64.217.71', 1, '密码保密', '邮箱登录'),
(277, 'ztao8@qq.com', 1486880584, '58.243.254.144', 0, 'Ztao15973', '邮箱登录'),
(278, 'ztao8@qq.com', 1486880608, '58.243.254.144', 1, '密码保密', '邮箱登录'),
(279, 'ztao@qq.com', 1486957992, '112.65.211.67', 0, 'Ztao159753', '邮箱登录'),
(280, 'ztao8@qq.com', 1486958011, '112.65.211.67', 1, '密码保密', '邮箱登录'),
(281, 'ztao8@qq.com', 1487147238, '116.228.88.119', 1, '密码保密', '邮箱登录'),
(282, 'ztao@qq.com', 1487219331, '112.64.216.66', 0, 'Ztao159753', '邮箱登录'),
(283, 'ztao8@qq.com', 1487219334, '112.64.216.66', 1, '密码保密', '邮箱登录'),
(284, 'ztao8@qq.com', 1487234091, '116.228.88.119', 1, '密码保密', '邮箱登录'),
(285, 'demo@qq.com', 1487310827, '116.228.88.119', 1, '密码保密', '邮箱登录'),
(286, 'ztao@qq.com', 1487489177, '112.64.216.67', 0, 'Ztao159753', '邮箱登录'),
(287, 'ztao@qq.com', 1487489178, '112.64.216.67', 0, 'Ztao159753', '邮箱登录'),
(288, 'ztao@qq.com', 1487489180, '112.64.216.67', 0, 'Ztao159753', '邮箱登录'),
(289, 'ztao@qq.com', 1487489183, '112.64.216.67', 0, 'Ztao159753', '邮箱登录'),
(290, 'ztao8@qq.com', 1487489190, '112.64.216.67', 1, '密码保密', '邮箱登录'),
(291, 'ztao8@qq.com', 1487670911, '116.228.88.119', 1, '密码保密', '邮箱登录'),
(292, 'ztao8@qq.com', 1487937076, '58.243.254.130', 1, '密码保密', '邮箱登录'),
(293, 'ztao8@qq.com', 1488255266, '112.64.217.71', 1, '密码保密', '邮箱登录'),
(294, 'ztao8@qq.com', 1488445627, '116.228.88.119', 1, '密码保密', '邮箱登录'),
(295, 'ztao8@qq.com', 1488768818, '112.64.217.71', 1, '密码保密', '邮箱登录'),
(296, 'ztao8@qq.com', 1488858327, '116.228.88.119', 1, '密码保密', '邮箱登录'),
(297, 'ztao8@qq.com', 1489032147, '140.207.223.145', 1, '密码保密', '邮箱登录'),
(298, 'ztao8@qq.com', 1489193995, '112.64.217.71', 1, '密码保密', '邮箱登录'),
(299, 'ztao8@qq.com', 1489297734, '112.64.217.71', 1, '密码保密', '邮箱登录'),
(300, 'ztao8@qq.com', 1489480656, '116.228.88.119', 1, '密码保密', '邮箱登录'),
(301, 'ztao8@qq.com', 1489659946, '112.65.211.65', 1, '密码保密', '邮箱登录'),
(302, 'demo@qq.com', 1489745198, '175.15.147.181', 1, '密码保密', '邮箱登录'),
(303, 'ztao8@qq.com', 1489808376, '112.64.217.71', 1, '密码保密', '邮箱登录'),
(304, 'ztao8@qq.com', 1489981805, '112.64.216.69', 1, '密码保密', '邮箱登录'),
(305, 'ztao8@qq.com', 1490068844, '58.243.250.15', 1, '密码保密', '邮箱登录'),
(306, 'ztao8@qq.com', 1490351308, '116.228.88.119', 1, '密码保密', '邮箱登录'),
(307, 'ztao8@qq.com', 1490780533, '112.65.211.66', 1, '密码保密', '邮箱登录'),
(308, 'ztao8@qq.com', 1490929007, '59.63.248.42', 1, '密码保密', '邮箱登录'),
(309, 'ztao8@qq.com', 1490944432, '116.228.88.119', 1, '密码保密', '邮箱登录'),
(310, 'ztao8@qq.com', 1491359357, '116.228.88.119', 1, '密码保密', '邮箱登录'),
(311, 'ztao8@qq.com', 1491363530, '112.65.211.68', 1, '密码保密', '邮箱登录'),
(312, 'ztao8@qq.com', 1491793559, '114.88.201.217', 1, '密码保密', '邮箱登录'),
(313, 'ztao8@qq.com', 1492052945, '114.86.226.14', 1, '密码保密', '邮箱登录'),
(314, 'ztao8@qq.com', 1492154968, '116.228.88.119', 1, '密码保密', '邮箱登录'),
(315, 'ztao8@qq.com', 1492436799, '116.233.11.199', 1, '密码保密', '邮箱登录'),
(316, 'ztao8@qq.com', 1492752514, '116.233.11.199', 1, '密码保密', '邮箱登录'),
(317, 'ztao8@qq.com', 1493087899, '116.233.11.199', 1, '密码保密', '邮箱登录'),
(318, 'ztao8@qq.com', 1493881573, '112.64.217.110', 1, '密码保密', '邮箱登录'),
(319, 'ztao8@qq.com', 1494401678, '112.64.217.105', 1, '密码保密', '邮箱登录'),
(320, 'ztao8@qq.com', 1494592380, '58.243.250.212', 1, '密码保密', '邮箱登录'),
(321, 'ztao8@qq.com', 1494736547, '112.64.217.106', 1, '密码保密', '邮箱登录'),
(322, 'ztao8@qq.com', 1494821420, '112.64.217.106', 1, '密码保密', '邮箱登录'),
(323, 'ztao8@qq.com', 1494930068, '58.243.250.250', 1, '密码保密', '邮箱登录'),
(324, 'ztao8@qq.com', 1495099457, '58.243.250.93', 1, '密码保密', '邮箱登录'),
(325, 'ztao8@qq.com', 1495686037, '112.64.216.105', 1, '密码保密', '邮箱登录'),
(326, 'demo@qq.com', 1495873738, '180.168.107.138', 1, '密码保密', '邮箱登录');

-- --------------------------------------------------------

--
-- 表的结构 `thank_member_viplog`
--

CREATE TABLE IF NOT EXISTS `thank_member_viplog` (
  `id` int(11) unsigned NOT NULL COMMENT 'ID',
  `member_id` int(11) unsigned NOT NULL DEFAULT '0' COMMENT '会员ID',
  `money` decimal(10,0) NOT NULL DEFAULT '0' COMMENT '充值金额',
  `vip_days` int(11) unsigned NOT NULL DEFAULT '0' COMMENT 'VIP天数',
  `vip_start_time` date NOT NULL DEFAULT '0000-00-00' COMMENT 'VIP开始时间',
  `vip_end_time` date NOT NULL DEFAULT '0000-00-00' COMMENT 'VIP结束时间',
  `operation` varchar(200) NOT NULL DEFAULT '' COMMENT '操作用户',
  `token` varchar(1000) NOT NULL DEFAULT '' COMMENT 'token',
  `status` tinyint(1) NOT NULL DEFAULT '0' COMMENT '是否审核',
  `create_time` int(11) unsigned NOT NULL DEFAULT '0' COMMENT '创建时间'
) ENGINE=InnoDB AUTO_INCREMENT=28 DEFAULT CHARSET=utf8 COMMENT='VIP申请记录';

--
-- 转存表中的数据 `thank_member_viplog`
--

INSERT INTO `thank_member_viplog` (`id`, `member_id`, `money`, `vip_days`, `vip_start_time`, `vip_end_time`, `operation`, `token`, `status`, `create_time`) VALUES
(1, 10004, '10', 30, '2016-07-12', '2020-08-12', '注册赠送', '', 1, 1468290991),
(2, 10004, '88', 365, '2020-08-12', '2021-08-12', '充值', 'dcb69922f6d82cf885c57d50988da55d', 1, 1468396015),
(3, 10004, '88', 365, '2021-08-12', '2022-08-12', '充值', 'd4bfb25bcc45b8597d49fa4a19304891', 0, 1468397131),
(4, 10000, '88', 365, '2021-08-12', '2022-08-12', '充值', '4ffa165f08f9556874b96c9a535e4b7e', 0, 1468397954),
(5, 10004, '10', 30, '2021-08-12', '2021-09-12', '充值', '3f4214ec43c609261776b87243052ef0', 1, 1468398325),
(6, 10004, '10', 30, '2021-09-12', '2021-10-12', '充值', '76ef9b1f3b8c8b348a6084c4f41523a5', 0, 1468399101),
(7, 10004, '200', 1095, '2021-09-12', '2024-09-12', '充值', '05ccb07d6697d308bd82d0b1ba32b8bd', 0, 1468402915),
(8, 10004, '88', 365, '2021-09-12', '2022-09-12', '充值', '71b9fb367d2f9ac74b43b45264e5597f', 0, 1468414551),
(9, 10004, '10', 30, '2021-09-12', '2021-10-12', '充值', 'c0353dc4b76a3d4343db7730feb3a94d', 0, 1468414574),
(10, 10004, '10', 30, '2021-09-12', '2021-10-12', '充值', '6264928e67110cc2075a194c3423af52', 1, 1468414934),
(11, 10005, '10', 30, '2016-07-13', '2016-08-13', '注册赠送', '', 1, 1468417627),
(12, 10006, '10', 30, '2016-07-13', '2016-08-13', '注册赠送', '', 1, 1468417828),
(13, 10004, '10', 30, '2021-10-12', '2021-11-12', '充值', '1297d0067544dc14f1ad2936c15f68ea', 0, 1468475174),
(14, 10000, '200', 1095, '2016-07-14', '2019-07-14', '充值', '18a2f0d13ab2af18f73d1ba003b61d07', 1, 1468501437),
(15, 10000, '200', 1095, '2019-07-14', '2022-07-14', '充值', '4d780b7bbb38078b9fb3b7cbe1597e9f', 1, 1468501473),
(16, 10004, '10', 30, '2021-10-12', '2021-11-12', '充值', '48b6ae4d41e5a70fee1fb1d4c3d4c162', 1, 1468653329),
(17, 10004, '200', 1095, '2021-11-12', '2024-11-12', '充值', '806f08ba0e59f16d9c4e9ea33314b122', 1, 1468653346),
(18, 10007, '10', 30, '2016-07-18', '2016-08-18', '注册赠送', '', 1, 1468824567),
(19, 10008, '10', 30, '2016-07-18', '2016-08-18', '注册赠送', '', 1, 1468824590),
(20, 10009, '10', 30, '2016-07-18', '2017-01-18', '注册赠送', '', 1, 1468847729),
(21, 10010, '10', 30, '2016-07-26', '2017-01-26', '注册赠送', '', 1, 1469531633),
(22, 10011, '10', 30, '2016-07-27', '2017-01-27', '注册赠送', '', 1, 1469590887),
(23, 10012, '10', 30, '2016-07-27', '2017-01-27', '注册赠送', '', 1, 1469591243),
(24, 10000, '10', 30, '2022-07-14', '2022-08-14', '充值', 'b3f94d3c4fba0cf198f083f1bf756639', 0, 1472270443),
(25, 10000, '10', 30, '2022-07-14', '2022-08-14', '充值', '7cb47bbf551e88980d0c42afaf26fd7c', 0, 1472270447),
(26, 10000, '10', 30, '2022-07-14', '2022-08-14', '充值', 'f58fdc3b5e2305f1910d07885b38a61e', 0, 1472270452),
(27, 10013, '10', 30, '2016-10-24', '2017-04-24', '注册赠送', '', 1, 1477323968);

-- --------------------------------------------------------

--
-- 表的结构 `thank_menu`
--

CREATE TABLE IF NOT EXISTS `thank_menu` (
  `id` mediumint(8) unsigned NOT NULL,
  `parentid` mediumint(8) unsigned NOT NULL DEFAULT '0' COMMENT '父级id',
  `app` char(20) NOT NULL DEFAULT '' COMMENT '模块',
  `controller` char(20) NOT NULL DEFAULT '' COMMENT '控制器',
  `action` char(20) NOT NULL DEFAULT '' COMMENT '方法',
  `name` char(80) NOT NULL DEFAULT '' COMMENT '规则唯一标识',
  `title` char(20) NOT NULL DEFAULT '' COMMENT '规则中文名称',
  `type` tinyint(1) NOT NULL DEFAULT '0',
  `status` tinyint(1) NOT NULL DEFAULT '1' COMMENT '状态：为1正常，为0禁用',
  `condition` char(100) NOT NULL DEFAULT '' COMMENT '规则表达式，为空表示存在就验证，不为空表示按照条件验证',
  `icon` char(20) NOT NULL DEFAULT '' COMMENT '图标',
  `remark` varchar(1000) NOT NULL DEFAULT '' COMMENT '备注',
  `listorder` mediumint(8) unsigned NOT NULL DEFAULT '0' COMMENT '排序'
) ENGINE=InnoDB AUTO_INCREMENT=88 DEFAULT CHARSET=utf8 COMMENT='菜单表';

--
-- 转存表中的数据 `thank_menu`
--

INSERT INTO `thank_menu` (`id`, `parentid`, `app`, `controller`, `action`, `name`, `title`, `type`, `status`, `condition`, `icon`, `remark`, `listorder`) VALUES
(1, 0, 'admin', 'setting', 'index', 'setting/index', '设置', 1, 1, '', 'cogs', '', 0),
(2, 1, 'admin', 'setting', 'user', 'setting/user', '个人信息', 0, 1, '', '', '', 0),
(3, 1, 'admin', 'user', 'index', 'user/index', '用户管理', 0, 1, '', '', '', 0),
(4, 1, 'admin', 'menu', 'index', 'menu/index', '后台菜单', 1, 1, '', '', '', 998),
(5, 1, 'admin', 'setting', 'clearcache', 'setting/clearcache', '清楚缓存', 1, 1, '', '', '', 999),
(6, 2, 'admin', 'user', 'userinfo', 'user/userinfo', '修改信息', 1, 1, '', '', '', 0),
(7, 2, 'admin', 'setting', 'password', 'setting/password', '修改密码', 1, 1, '', '', '', 0),
(10, 3, 'admin', 'role', 'index', 'role/index', '角色管理', 1, 1, '', '', '', 0),
(11, 10, 'admin', 'role', 'authorize', 'role/authorize', '权限设置', 1, 0, '', '', '', 0),
(12, 10, 'admin', 'role', 'edit', 'role/edit', '编辑角色', 1, 0, '', '', '', 0),
(13, 10, 'admin', 'role', 'delete', 'role/delete', '删除角色', 1, 0, '', '', '', 0),
(15, 3, 'admin', 'user', 'index', 'user/index', '管理员', 1, 1, '', '', '', 0),
(16, 15, 'admin', 'user', 'edit', 'user/edit', '管理员编辑', 1, 0, '', '', '', 0),
(18, 15, 'admin', 'user', 'delete', 'user/delete', '管理员删除', 1, 0, '', '', '', 0),
(19, 15, 'admin', 'user', 'status', 'user/status', '管理员状态', 1, 0, '', '', '', 0),
(21, 4, 'admin', 'menu', 'edit', 'menu/edit', '编辑菜单', 1, 0, '', '', '', 0),
(22, 4, 'admin', 'menu', 'delete', 'menu/delete', '删除菜单', 1, 0, '', '', '', 0),
(23, 4, 'admin', 'menu', 'listorders', 'menu/listorders', '菜单排序', 1, 0, '', '', '', 0),
(24, 4, 'admin', 'menu', 'lists', 'menu/lists', '所有菜单', 1, 0, '', '', '', 0),
(25, 1, 'admin', 'logs', 'index', 'logs/index', '日志管理', 1, 1, '', '', '', 0),
(26, 25, 'admin', 'logs', 'operationlog', 'logs/operationlog', '操作日志', 1, 1, '', '', '', 0),
(27, 25, 'admin', 'logs', 'loginlog', 'logs/loginlog', '登录日志', 1, 1, '', '', '', 0),
(28, 26, 'admin', 'logs', 'deletelog', 'logs/deletelog', '删除一个月前操作日志', 1, 0, '', '', '', 0),
(29, 27, 'admin', 'logs', 'deleteloginlog', 'logs/deleteloginlog', '删除一个月前登陆日志', 1, 0, '', '', '', 0),
(30, 0, 'admin', 'member', 'index', 'member/index', '会员管理', 1, 1, '', 'group', '', 0),
(31, 0, 'admin', 'content', 'index', 'content/index', '内容管理', 1, 1, '', 'th', '', 0),
(32, 0, 'admin', 'base', 'index', 'base/index', '基础管理', 1, 1, '', 'globe', '', 0),
(33, 30, 'admin', 'member', 'index', 'member/index', '会员列表', 1, 1, '', '', '', 0),
(34, 30, 'admin', 'member', 'blacklist', 'member/blacklist', '黑白名单', 1, 1, '', '', '', 0),
(36, 33, 'admin', 'member', 'edit', 'member/edit', '编辑会员', 1, 0, '', '', '', 0),
(37, 33, 'admin', 'member', 'delete', 'member/delete', '删除会员', 1, 0, '', '', '', 0),
(39, 33, 'admin', 'member', 'show', 'member/show', '查看会员', 1, 0, '', '', '', 0),
(41, 34, 'admin', 'member', 'blackdelete', 'member/blackdelete', '删除黑白名单', 1, 0, '', '', '', 0),
(42, 34, 'admin', 'member', 'blackadd', 'member/blackadd', '添加黑白名单', 1, 0, '', '', '', 0),
(45, 39, 'admin', 'member', 'vipedit', 'member/vipedit', '编辑VIP', 1, 0, '', '', '', 0),
(46, 39, 'admin', 'member', 'vipdelete', 'member/vipdelete', '删除VIP', 1, 0, '', '', '', 0),
(48, 32, 'admin', 'city', 'index', 'city/index', '城市管理', 1, 1, '', '', '', 0),
(49, 32, 'admin', 'area', 'index', 'area/index', '区域管理', 1, 1, '', '', '', 0),
(50, 31, 'admin', 'content', 'index', 'content/index', '文章管理', 1, 1, '', '', '', 0),
(51, 50, 'admin', 'content', 'edit', 'content/edit', '编辑文章', 1, 0, '', '', '', 0),
(52, 50, 'admin', 'content', 'delete', 'content/delete', '删除文章', 1, 0, '', '', '', 0),
(54, 48, 'admin', 'city', 'edit', 'city/edit', '编辑城市', 1, 0, '', '', '', 0),
(55, 48, 'admin', 'city', 'delete', 'city/delete', '删除城市', 1, 0, '', '', '', 0),
(57, 49, 'admin', 'area', 'edit', 'area/edit', '编辑区域', 1, 0, '', '', '', 0),
(58, 49, 'admin', 'area', 'delete', 'area/delete', '删除区域', 1, 0, '', '', '', 0),
(62, 39, 'admin', 'member', 'viplist', 'member/viplist', 'VIP记录', 1, 0, '', '', '', 0),
(63, 48, 'admin', 'city', 'listorders', 'city/listorders', '城市排序', 1, 0, '', '', '', 0),
(64, 49, 'admin', 'area', 'listorders', 'area/listorders', '区域排序', 1, 0, '', '', '', 0),
(65, 50, 'admin', 'content', 'status', 'content/status', '审核文章', 1, 0, '', '', '', 0),
(66, 31, 'admin', 'comment', 'index', 'comment/index', '评论管理', 1, 1, '', '', '', 1),
(67, 66, 'admin', 'comment', 'delete', 'comment/delete', '删除评论', 1, 0, '', '', '', 0),
(68, 66, 'admin', 'comment', 'status', 'comment/status', '审核评论', 1, 0, '', '', '', 0),
(69, 31, 'admin', 'feedback', 'index', 'feedback/index', '意见反馈', 1, 1, '', '', '', 2),
(70, 69, 'admin', 'feedback', 'back', 'feedback/back', '回复意见反馈', 1, 0, '', '', '', 0),
(71, 31, 'admin', 'category', 'index', 'category/index', '分类管理', 1, 1, '', '', '', 0),
(72, 71, 'admin', 'category', 'delete', 'category/delete', '删除分类', 1, 0, '', '', '', 0),
(73, 71, 'admin', 'category', 'edit', 'category/edit', '编辑分类', 1, 0, '', '', '', 0),
(75, 71, 'admin', 'category', 'listorders', 'category/listorders', '分类排序', 1, 0, '', '', '', 0),
(76, 71, 'admin', 'category', 'lists', 'category/lists', '所有分类', 1, 0, '', '', '', 0),
(82, 32, 'admin', 'express', 'index', 'express/index', '快递管理', 1, 1, '', '', '', 0),
(83, 82, 'admin', 'express', 'edit', 'express/edit', '编辑快递', 1, 0, '', '', '', 0),
(84, 82, 'admin', 'express', 'delete', 'express/delete', '删除区域', 1, 0, '', '', '', 0),
(85, 25, 'admin', 'logs', 'memberLoginlog', 'logs/memberLoginlog', '会员登录日志', 1, 1, '', '', '', 0),
(86, 85, 'admin', 'logs', 'deleteMemberLoginlog', 'logs/deleteMemberLoginlog', '删除一个月前会员日志', 1, 0, '', '', '', 0),
(87, 30, 'admin', 'member', 'viplog', 'member/viplog', '充值记录', 1, 1, '', '', '', 0);

-- --------------------------------------------------------

--
-- 表的结构 `thank_operationlog`
--

CREATE TABLE IF NOT EXISTS `thank_operationlog` (
  `id` int(11) NOT NULL COMMENT '日志ID',
  `uid` smallint(6) NOT NULL DEFAULT '0' COMMENT '操作帐号ID',
  `username` varchar(50) NOT NULL DEFAULT '' COMMENT '用户名',
  `time` int(10) NOT NULL COMMENT '操作时间',
  `ip` char(20) NOT NULL DEFAULT '' COMMENT 'IP',
  `status` tinyint(1) NOT NULL DEFAULT '0' COMMENT '状态,0错误提示，1为正确提示',
  `info` text NOT NULL COMMENT '其他说明',
  `get` varchar(1000) NOT NULL DEFAULT '' COMMENT 'get数据'
) ENGINE=InnoDB AUTO_INCREMENT=546 DEFAULT CHARSET=utf8 COMMENT='后台操作日志表';

--
-- 转存表中的数据 `thank_operationlog`
--

INSERT INTO `thank_operationlog` (`id`, `uid`, `username`, `time`, `ip`, `status`, `info`, `get`) VALUES
(1, 1, 'ztao', 1466838639, '127.0.0.1', 1, '提示语：登陆成功！模块：Admin, 控制器：Public, 方法：dologin请求方式：Ajax', 'http://manage.92ws.co/public/login.html'),
(2, 1, 'ztao', 1466839181, '127.0.0.1', 1, '提示语：提交成功模块：Admin, 控制器：Menu, 方法：edit请求方式：Ajax', 'http://manage.92ws.co/menu/edit/id/32/menuid/4.html'),
(3, 1, 'ztao', 1466839217, '127.0.0.1', 1, '提示语：提交成功模块：Admin, 控制器：Menu, 方法：edit请求方式：Ajax', 'http://manage.92ws.co/menu/edit/parentid/32/menuid/4.html'),
(4, 1, 'ztao', 1466839285, '127.0.0.1', 1, '提示语：提交成功模块：Admin, 控制器：Menu, 方法：edit请求方式：Ajax', 'http://manage.92ws.co/menu/edit/parentid/82/menuid/4.html'),
(5, 1, 'ztao', 1466839369, '127.0.0.1', 1, '提示语：提交成功模块：Admin, 控制器：Menu, 方法：edit请求方式：Ajax', 'http://manage.92ws.co/menu/edit/parentid/82/menuid/4.html'),
(6, 1, 'ztao', 1466839874, '127.0.0.1', 1, '提示语：提交成功模块：Admin, 控制器：Express, 方法：edit请求方式：Ajax', 'http://manage.92ws.co/express/edit.html'),
(7, 1, 'ztao', 1466848141, '127.0.0.1', 1, '提示语：提交成功模块：Admin, 控制器：Express, 方法：edit请求方式：Ajax', 'http://manage.92ws.co/express/edit.html'),
(8, 1, 'ztao', 1466848143, '127.0.0.1', 1, '提示语：提交成功模块：Admin, 控制器：Express, 方法：edit请求方式：Ajax', 'http://manage.92ws.co/express/edit.html'),
(9, 1, 'ztao', 1466848145, '127.0.0.1', 1, '提示语：提交成功模块：Admin, 控制器：Express, 方法：edit请求方式：Ajax', 'http://manage.92ws.co/express/edit.html'),
(10, 1, 'ztao', 1466848148, '127.0.0.1', 1, '提示语：提交成功模块：Admin, 控制器：Express, 方法：edit请求方式：Ajax', 'http://manage.92ws.co/express/edit.html'),
(11, 1, 'ztao', 1466848150, '127.0.0.1', 1, '提示语：提交成功模块：Admin, 控制器：Express, 方法：edit请求方式：Ajax', 'http://manage.92ws.co/express/edit.html'),
(12, 1, 'ztao', 1466848153, '127.0.0.1', 1, '提示语：提交成功模块：Admin, 控制器：Express, 方法：edit请求方式：Ajax', 'http://manage.92ws.co/express/edit.html'),
(13, 1, 'ztao', 1466848155, '127.0.0.1', 1, '提示语：提交成功模块：Admin, 控制器：Express, 方法：edit请求方式：Ajax', 'http://manage.92ws.co/express/edit.html'),
(14, 1, 'ztao', 1466848158, '127.0.0.1', 1, '提示语：提交成功模块：Admin, 控制器：Express, 方法：edit请求方式：Ajax', 'http://manage.92ws.co/express/edit.html'),
(15, 1, 'ztao', 1466848161, '127.0.0.1', 1, '提示语：提交成功模块：Admin, 控制器：Express, 方法：edit请求方式：Ajax', 'http://manage.92ws.co/express/edit.html'),
(16, 1, 'ztao', 1466848164, '127.0.0.1', 1, '提示语：提交成功模块：Admin, 控制器：Express, 方法：edit请求方式：Ajax', 'http://manage.92ws.co/express/edit.html'),
(17, 1, 'ztao', 1466848166, '127.0.0.1', 1, '提示语：提交成功模块：Admin, 控制器：Express, 方法：edit请求方式：Ajax', 'http://manage.92ws.co/express/edit.html'),
(18, 1, 'ztao', 1466848168, '127.0.0.1', 1, '提示语：提交成功模块：Admin, 控制器：Express, 方法：edit请求方式：Ajax', 'http://manage.92ws.co/express/edit.html'),
(19, 1, 'ztao', 1466848171, '127.0.0.1', 1, '提示语：提交成功模块：Admin, 控制器：Express, 方法：edit请求方式：Ajax', 'http://manage.92ws.co/express/edit.html'),
(20, 1, 'ztao', 1466848173, '127.0.0.1', 1, '提示语：提交成功模块：Admin, 控制器：Express, 方法：edit请求方式：Ajax', 'http://manage.92ws.co/express/edit.html'),
(21, 1, 'ztao', 1466848175, '127.0.0.1', 1, '提示语：提交成功模块：Admin, 控制器：Express, 方法：edit请求方式：Ajax', 'http://manage.92ws.co/express/edit.html'),
(22, 1, 'ztao', 1466913146, '127.0.0.1', 1, '提示语：登陆成功！模块：Admin, 控制器：Public, 方法：dologin请求方式：Ajax', 'http://manage.92ws.co/public/login.html'),
(23, 1, 'ztao', 1466913176, '127.0.0.1', 1, '提示语：提交成功模块：Admin, 控制器：City, 方法：edit请求方式：Ajax', 'http://manage.92ws.co/city/edit.html'),
(24, 1, 'ztao', 1466913196, '127.0.0.1', 1, '提示语：提交成功模块：Admin, 控制器：City, 方法：edit请求方式：Ajax', 'http://manage.92ws.co/city/edit.html'),
(25, 1, 'ztao', 1466913213, '127.0.0.1', 1, '提示语：提交成功模块：Admin, 控制器：City, 方法：edit请求方式：Ajax', 'http://manage.92ws.co/city/edit.html'),
(26, 1, 'ztao', 1466913249, '127.0.0.1', 1, '提示语：提交成功模块：Admin, 控制器：City, 方法：edit请求方式：Ajax', 'http://manage.92ws.co/city/edit.html'),
(27, 1, 'ztao', 1466913263, '127.0.0.1', 1, '提示语：提交成功模块：Admin, 控制器：City, 方法：edit请求方式：Ajax', 'http://manage.92ws.co/city/edit.html'),
(28, 1, 'ztao', 1467117662, '127.0.0.1', 1, '提示语：登陆成功！模块：Admin, 控制器：Public, 方法：dologin请求方式：Ajax', 'http://manage.92ws.co/public/login.html'),
(29, 1, 'ztao', 1467118547, '127.0.0.1', 0, '提示语：没有指定会员ID模块：Admin, 控制器：Member, 方法：viplist请求方式：GET', 'http://manage.92ws.co/member/show/id/0.html'),
(30, 1, 'ztao', 1467118981, '127.0.0.1', 0, '提示语：该页面不存在！模块：Admin, 控制器：Feedback, 方法：234324请求方式：GET', 'http://manage.92ws.co/feedback/index.html'),
(31, 1, 'ztao', 1467121529, '127.0.0.1', 1, '提示语：保存成功！模块：Admin, 控制器：Feedback, 方法：back请求方式：Ajax', 'http://manage.92ws.co/feedback/back/id/2.html'),
(32, 1, 'ztao', 1467353656, '192.168.80.1', 1, '提示语：登陆成功！模块：Admin, 控制器：Public, 方法：dologin请求方式：Ajax', 'http://manage.92ws.co/public/login.html'),
(33, 1, 'ztao', 1467353875, '192.168.80.1', 1, '提示语：提交成功模块：Admin, 控制器：Express, 方法：edit请求方式：Ajax', 'http://manage.92ws.co/express/edit.html'),
(34, 1, 'ztao', 1467353888, '192.168.80.1', 1, '提示语：提交成功模块：Admin, 控制器：Express, 方法：edit请求方式：Ajax', 'http://manage.92ws.co/express/edit.html'),
(35, 1, 'ztao', 1467353906, '192.168.80.1', 1, '提示语：提交成功模块：Admin, 控制器：Express, 方法：edit请求方式：Ajax', 'http://manage.92ws.co/express/edit.html'),
(36, 1, 'ztao', 1467353919, '192.168.80.1', 1, '提示语：提交成功模块：Admin, 控制器：Express, 方法：edit请求方式：Ajax', 'http://manage.92ws.co/express/edit.html'),
(37, 1, 'ztao', 1467353930, '192.168.80.1', 1, '提示语：提交成功模块：Admin, 控制器：Express, 方法：edit请求方式：Ajax', 'http://manage.92ws.co/express/edit.html'),
(38, 1, 'ztao', 1467353958, '192.168.80.1', 1, '提示语：提交成功模块：Admin, 控制器：Express, 方法：edit请求方式：Ajax', 'http://manage.92ws.co/express/edit.html'),
(39, 1, 'ztao', 1467353969, '192.168.80.1', 1, '提示语：提交成功模块：Admin, 控制器：Express, 方法：edit请求方式：Ajax', 'http://manage.92ws.co/express/edit.html'),
(40, 1, 'ztao', 1467353981, '192.168.80.1', 1, '提示语：提交成功模块：Admin, 控制器：Express, 方法：edit请求方式：Ajax', 'http://manage.92ws.co/express/edit.html'),
(41, 1, 'ztao', 1467353994, '192.168.80.1', 1, '提示语：提交成功模块：Admin, 控制器：Express, 方法：edit请求方式：Ajax', 'http://manage.92ws.co/express/edit.html'),
(42, 1, 'ztao', 1467354003, '192.168.80.1', 1, '提示语：提交成功模块：Admin, 控制器：Express, 方法：edit请求方式：Ajax', 'http://manage.92ws.co/express/edit.html'),
(43, 1, 'ztao', 1467354017, '192.168.80.1', 1, '提示语：提交成功模块：Admin, 控制器：Express, 方法：edit请求方式：Ajax', 'http://manage.92ws.co/express/edit.html'),
(44, 1, 'ztao', 1467354026, '192.168.80.1', 1, '提示语：提交成功模块：Admin, 控制器：Express, 方法：edit请求方式：Ajax', 'http://manage.92ws.co/express/edit.html'),
(45, 1, 'ztao', 1467354039, '192.168.80.1', 1, '提示语：提交成功模块：Admin, 控制器：Express, 方法：edit请求方式：Ajax', 'http://manage.92ws.co/express/edit.html'),
(46, 1, 'ztao', 1467354065, '192.168.80.1', 1, '提示语：提交成功模块：Admin, 控制器：Express, 方法：edit请求方式：Ajax', 'http://manage.92ws.co/express/edit.html'),
(47, 1, 'ztao', 1467354073, '192.168.80.1', 1, '提示语：提交成功模块：Admin, 控制器：Express, 方法：edit请求方式：Ajax', 'http://manage.92ws.co/express/edit.html'),
(48, 1, 'ztao', 1467354085, '192.168.80.1', 1, '提示语：提交成功模块：Admin, 控制器：Express, 方法：edit请求方式：Ajax', 'http://manage.92ws.co/express/edit.html'),
(49, 1, 'ztao', 1467354098, '192.168.80.1', 1, '提示语：提交成功模块：Admin, 控制器：Express, 方法：edit请求方式：Ajax', 'http://manage.92ws.co/express/edit.html'),
(50, 1, 'ztao', 1467354108, '192.168.80.1', 1, '提示语：提交成功模块：Admin, 控制器：Express, 方法：edit请求方式：Ajax', 'http://manage.92ws.co/express/edit.html'),
(51, 1, 'ztao', 1467354121, '192.168.80.1', 1, '提示语：提交成功模块：Admin, 控制器：Express, 方法：edit请求方式：Ajax', 'http://manage.92ws.co/express/edit.html'),
(52, 1, 'ztao', 1467354137, '192.168.80.1', 1, '提示语：提交成功模块：Admin, 控制器：Express, 方法：edit请求方式：Ajax', 'http://manage.92ws.co/express/edit.html'),
(53, 1, 'ztao', 1467354147, '192.168.80.1', 1, '提示语：提交成功模块：Admin, 控制器：Express, 方法：edit请求方式：Ajax', 'http://manage.92ws.co/express/edit.html'),
(54, 1, 'ztao', 1467354160, '192.168.80.1', 1, '提示语：提交成功模块：Admin, 控制器：Express, 方法：edit请求方式：Ajax', 'http://manage.92ws.co/express/edit.html'),
(55, 1, 'ztao', 1467354168, '192.168.80.1', 1, '提示语：提交成功模块：Admin, 控制器：Express, 方法：edit请求方式：Ajax', 'http://manage.92ws.co/express/edit.html'),
(56, 1, 'ztao', 1467354201, '192.168.80.1', 1, '提示语：提交成功模块：Admin, 控制器：Express, 方法：edit请求方式：Ajax', 'http://manage.92ws.co/express/edit.html'),
(57, 1, 'ztao', 1467354217, '192.168.80.1', 1, '提示语：提交成功模块：Admin, 控制器：Express, 方法：edit请求方式：Ajax', 'http://manage.92ws.co/express/edit.html'),
(58, 1, 'ztao', 1467354247, '192.168.80.1', 1, '提示语：提交成功模块：Admin, 控制器：Express, 方法：edit请求方式：Ajax', 'http://manage.92ws.co/express/edit.html'),
(59, 1, 'ztao', 1467354258, '192.168.80.1', 1, '提示语：提交成功模块：Admin, 控制器：Express, 方法：edit请求方式：Ajax', 'http://manage.92ws.co/express/edit.html'),
(60, 1, 'ztao', 1467354272, '192.168.80.1', 1, '提示语：提交成功模块：Admin, 控制器：Express, 方法：edit请求方式：Ajax', 'http://manage.92ws.co/express/edit.html'),
(61, 1, 'ztao', 1467354281, '192.168.80.1', 1, '提示语：提交成功模块：Admin, 控制器：Express, 方法：edit请求方式：Ajax', 'http://manage.92ws.co/express/edit.html'),
(62, 1, 'ztao', 1467354291, '192.168.80.1', 1, '提示语：提交成功模块：Admin, 控制器：Express, 方法：edit请求方式：Ajax', 'http://manage.92ws.co/express/edit.html'),
(63, 1, 'ztao', 1467354301, '192.168.80.1', 1, '提示语：提交成功模块：Admin, 控制器：Express, 方法：edit请求方式：Ajax', 'http://manage.92ws.co/express/edit.html'),
(64, 1, 'ztao', 1467354311, '192.168.80.1', 1, '提示语：提交成功模块：Admin, 控制器：Express, 方法：edit请求方式：Ajax', 'http://manage.92ws.co/express/edit.html'),
(65, 1, 'ztao', 1467354325, '192.168.80.1', 1, '提示语：提交成功模块：Admin, 控制器：Express, 方法：edit请求方式：Ajax', 'http://manage.92ws.co/express/edit.html'),
(66, 1, 'ztao', 1467354338, '192.168.80.1', 1, '提示语：提交成功模块：Admin, 控制器：Express, 方法：edit请求方式：Ajax', 'http://manage.92ws.co/express/edit.html'),
(67, 1, 'ztao', 1467354352, '192.168.80.1', 1, '提示语：提交成功模块：Admin, 控制器：Express, 方法：edit请求方式：Ajax', 'http://manage.92ws.co/express/edit.html'),
(68, 1, 'ztao', 1467354363, '192.168.80.1', 1, '提示语：提交成功模块：Admin, 控制器：Express, 方法：edit请求方式：Ajax', 'http://manage.92ws.co/express/edit/id/24.html'),
(69, 1, 'ztao', 1467354379, '192.168.80.1', 1, '提示语：提交成功模块：Admin, 控制器：Express, 方法：edit请求方式：Ajax', 'http://manage.92ws.co/express/edit/id/25.html'),
(70, 1, 'ztao', 1467354384, '192.168.80.1', 1, '提示语：提交成功模块：Admin, 控制器：Express, 方法：edit请求方式：Ajax', 'http://manage.92ws.co/express/edit/id/26.html'),
(71, 1, 'ztao', 1467354389, '192.168.80.1', 1, '提示语：提交成功模块：Admin, 控制器：Express, 方法：edit请求方式：Ajax', 'http://manage.92ws.co/express/edit/id/27.html'),
(72, 1, 'ztao', 1467354394, '192.168.80.1', 1, '提示语：提交成功模块：Admin, 控制器：Express, 方法：edit请求方式：Ajax', 'http://manage.92ws.co/express/edit/id/23.html'),
(73, 1, 'ztao', 1467354443, '192.168.80.1', 1, '提示语：提交成功模块：Admin, 控制器：Express, 方法：edit请求方式：Ajax', 'http://manage.92ws.co/express/edit.html'),
(74, 1, 'ztao', 1467354450, '192.168.80.1', 1, '提示语：提交成功模块：Admin, 控制器：Express, 方法：edit请求方式：Ajax', 'http://manage.92ws.co/express/edit.html'),
(75, 1, 'ztao', 1467354462, '192.168.80.1', 1, '提示语：提交成功模块：Admin, 控制器：Express, 方法：edit请求方式：Ajax', 'http://manage.92ws.co/express/edit.html'),
(76, 1, 'ztao', 1467354470, '192.168.80.1', 1, '提示语：提交成功模块：Admin, 控制器：Express, 方法：edit请求方式：Ajax', 'http://manage.92ws.co/express/edit.html'),
(77, 1, 'ztao', 1467354479, '192.168.80.1', 1, '提示语：提交成功模块：Admin, 控制器：Express, 方法：edit请求方式：Ajax', 'http://manage.92ws.co/express/edit.html'),
(78, 1, 'ztao', 1467354490, '192.168.80.1', 1, '提示语：提交成功模块：Admin, 控制器：Express, 方法：edit请求方式：Ajax', 'http://manage.92ws.co/express/edit.html'),
(79, 1, 'ztao', 1467354505, '192.168.80.1', 1, '提示语：提交成功模块：Admin, 控制器：Express, 方法：edit请求方式：Ajax', 'http://manage.92ws.co/express/edit.html'),
(80, 1, 'ztao', 1467354513, '192.168.80.1', 1, '提示语：提交成功模块：Admin, 控制器：Express, 方法：edit请求方式：Ajax', 'http://manage.92ws.co/express/edit.html'),
(81, 1, 'ztao', 1467354524, '192.168.80.1', 1, '提示语：提交成功模块：Admin, 控制器：Express, 方法：edit请求方式：Ajax', 'http://manage.92ws.co/express/edit.html'),
(82, 1, 'ztao', 1467354532, '192.168.80.1', 1, '提示语：提交成功模块：Admin, 控制器：Express, 方法：edit请求方式：Ajax', 'http://manage.92ws.co/express/edit.html'),
(83, 1, 'ztao', 1467354542, '192.168.80.1', 1, '提示语：提交成功模块：Admin, 控制器：Express, 方法：edit请求方式：Ajax', 'http://manage.92ws.co/express/edit.html'),
(84, 1, 'ztao', 1467354562, '192.168.80.1', 1, '提示语：提交成功模块：Admin, 控制器：Express, 方法：edit请求方式：Ajax', 'http://manage.92ws.co/express/edit.html'),
(85, 1, 'ztao', 1467354715, '192.168.80.1', 1, '提示语：提交成功模块：Admin, 控制器：Express, 方法：edit请求方式：Ajax', 'http://manage.92ws.co/express/edit.html'),
(86, 1, 'ztao', 1467354837, '192.168.80.1', 1, '提示语：提交成功模块：Admin, 控制器：City, 方法：edit请求方式：Ajax', 'http://manage.92ws.co/city/edit.html'),
(87, 1, 'ztao', 1467354853, '192.168.80.1', 1, '提示语：提交成功模块：Admin, 控制器：City, 方法：edit请求方式：Ajax', 'http://manage.92ws.co/city/edit.html'),
(88, 1, 'ztao', 1467354870, '192.168.80.1', 1, '提示语：提交成功模块：Admin, 控制器：City, 方法：edit请求方式：Ajax', 'http://manage.92ws.co/city/edit.html'),
(89, 1, 'ztao', 1467354888, '192.168.80.1', 1, '提示语：提交成功模块：Admin, 控制器：City, 方法：edit请求方式：Ajax', 'http://manage.92ws.co/city/edit.html'),
(90, 1, 'ztao', 1467354931, '192.168.80.1', 1, '提示语：提交成功模块：Admin, 控制器：City, 方法：edit请求方式：Ajax', 'http://manage.92ws.co/city/edit.html'),
(91, 1, 'ztao', 1467354963, '192.168.80.1', 1, '提示语：提交成功模块：Admin, 控制器：City, 方法：edit请求方式：Ajax', 'http://manage.92ws.co/city/edit.html'),
(92, 1, 'ztao', 1467354984, '192.168.80.1', 1, '提示语：提交成功模块：Admin, 控制器：City, 方法：edit请求方式：Ajax', 'http://manage.92ws.co/city/edit.html'),
(93, 1, 'ztao', 1467355006, '192.168.80.1', 1, '提示语：提交成功模块：Admin, 控制器：City, 方法：edit请求方式：Ajax', 'http://manage.92ws.co/city/edit.html'),
(94, 1, 'ztao', 1467355020, '192.168.80.1', 1, '提示语：提交成功模块：Admin, 控制器：City, 方法：edit请求方式：Ajax', 'http://manage.92ws.co/city/edit.html'),
(95, 1, 'ztao', 1467355036, '192.168.80.1', 1, '提示语：提交成功模块：Admin, 控制器：City, 方法：edit请求方式：Ajax', 'http://manage.92ws.co/city/edit.html'),
(96, 1, 'ztao', 1467355049, '192.168.80.1', 1, '提示语：提交成功模块：Admin, 控制器：City, 方法：edit请求方式：Ajax', 'http://manage.92ws.co/city/edit.html'),
(97, 1, 'ztao', 1467355064, '192.168.80.1', 1, '提示语：提交成功模块：Admin, 控制器：City, 方法：edit请求方式：Ajax', 'http://manage.92ws.co/city/edit.html'),
(98, 1, 'ztao', 1467355080, '192.168.80.1', 1, '提示语：提交成功模块：Admin, 控制器：City, 方法：edit请求方式：Ajax', 'http://manage.92ws.co/city/edit.html'),
(99, 1, 'ztao', 1467355100, '192.168.80.1', 1, '提示语：提交成功模块：Admin, 控制器：City, 方法：edit请求方式：Ajax', 'http://manage.92ws.co/city/edit.html'),
(100, 1, 'ztao', 1467355117, '192.168.80.1', 1, '提示语：提交成功模块：Admin, 控制器：City, 方法：edit请求方式：Ajax', 'http://manage.92ws.co/city/edit.html'),
(101, 1, 'ztao', 1467355129, '192.168.80.1', 1, '提示语：提交成功模块：Admin, 控制器：City, 方法：edit请求方式：Ajax', 'http://manage.92ws.co/city/edit.html'),
(102, 1, 'ztao', 1467355143, '192.168.80.1', 1, '提示语：提交成功模块：Admin, 控制器：City, 方法：edit请求方式：Ajax', 'http://manage.92ws.co/city/edit.html'),
(103, 1, 'ztao', 1467355161, '192.168.80.1', 1, '提示语：提交成功模块：Admin, 控制器：City, 方法：edit请求方式：Ajax', 'http://manage.92ws.co/city/edit.html'),
(104, 1, 'ztao', 1467355174, '192.168.80.1', 1, '提示语：提交成功模块：Admin, 控制器：City, 方法：edit请求方式：Ajax', 'http://manage.92ws.co/city/edit.html'),
(105, 1, 'ztao', 1467355222, '192.168.80.1', 1, '提示语：提交成功模块：Admin, 控制器：City, 方法：edit请求方式：Ajax', 'http://manage.92ws.co/city/edit.html'),
(106, 1, 'ztao', 1467355236, '192.168.80.1', 1, '提示语：提交成功模块：Admin, 控制器：City, 方法：edit请求方式：Ajax', 'http://manage.92ws.co/city/edit.html'),
(107, 1, 'ztao', 1467355249, '192.168.80.1', 1, '提示语：提交成功模块：Admin, 控制器：City, 方法：edit请求方式：Ajax', 'http://manage.92ws.co/city/edit.html'),
(108, 1, 'ztao', 1467355269, '192.168.80.1', 1, '提示语：提交成功模块：Admin, 控制器：City, 方法：edit请求方式：Ajax', 'http://manage.92ws.co/city/edit.html'),
(109, 1, 'ztao', 1467355292, '192.168.80.1', 1, '提示语：提交成功模块：Admin, 控制器：City, 方法：edit请求方式：Ajax', 'http://manage.92ws.co/city/edit.html'),
(110, 1, 'ztao', 1467355308, '192.168.80.1', 1, '提示语：提交成功模块：Admin, 控制器：City, 方法：edit请求方式：Ajax', 'http://manage.92ws.co/city/edit.html'),
(111, 1, 'ztao', 1467355326, '192.168.80.1', 1, '提示语：提交成功模块：Admin, 控制器：City, 方法：edit请求方式：Ajax', 'http://manage.92ws.co/city/edit.html'),
(112, 1, 'ztao', 1467355354, '192.168.80.1', 1, '提示语：提交成功模块：Admin, 控制器：City, 方法：edit请求方式：Ajax', 'http://manage.92ws.co/city/edit.html'),
(113, 1, 'ztao', 1467355370, '192.168.80.1', 1, '提示语：提交成功模块：Admin, 控制器：City, 方法：edit请求方式：Ajax', 'http://manage.92ws.co/city/edit.html'),
(114, 1, 'ztao', 1467355385, '192.168.80.1', 1, '提示语：提交成功模块：Admin, 控制器：City, 方法：edit请求方式：Ajax', 'http://manage.92ws.co/city/edit.html'),
(115, 1, 'ztao', 1467355405, '192.168.80.1', 1, '提示语：提交成功模块：Admin, 控制器：City, 方法：edit请求方式：Ajax', 'http://manage.92ws.co/city/edit.html'),
(116, 1, 'ztao', 1467355427, '192.168.80.1', 1, '提示语：提交成功模块：Admin, 控制器：City, 方法：edit请求方式：Ajax', 'http://manage.92ws.co/city/edit.html'),
(117, 1, 'ztao', 1467355441, '192.168.80.1', 1, '提示语：提交成功模块：Admin, 控制器：City, 方法：edit请求方式：Ajax', 'http://manage.92ws.co/city/edit.html'),
(118, 1, 'ztao', 1467355474, '192.168.80.1', 1, '提示语：提交成功模块：Admin, 控制器：City, 方法：edit请求方式：Ajax', 'http://manage.92ws.co/city/edit.html'),
(119, 1, 'ztao', 1467355489, '192.168.80.1', 1, '提示语：提交成功模块：Admin, 控制器：City, 方法：edit请求方式：Ajax', 'http://manage.92ws.co/city/edit.html'),
(120, 1, 'ztao', 1467355500, '192.168.80.1', 1, '提示语：提交成功模块：Admin, 控制器：City, 方法：edit请求方式：Ajax', 'http://manage.92ws.co/city/edit.html'),
(121, 1, 'ztao', 1467355579, '192.168.80.1', 1, '提示语：提交成功模块：Admin, 控制器：City, 方法：edit请求方式：Ajax', 'http://manage.92ws.co/city/edit.html'),
(122, 1, 'ztao', 1467355613, '192.168.80.1', 1, '提示语：提交成功模块：Admin, 控制器：City, 方法：edit请求方式：Ajax', 'http://manage.92ws.co/city/edit.html'),
(123, 1, 'ztao', 1467355643, '192.168.80.1', 1, '提示语：提交成功模块：Admin, 控制器：City, 方法：edit请求方式：Ajax', 'http://manage.92ws.co/city/edit.html'),
(124, 1, 'ztao', 1467355659, '192.168.80.1', 1, '提示语：提交成功模块：Admin, 控制器：City, 方法：edit请求方式：Ajax', 'http://manage.92ws.co/city/edit.html'),
(125, 1, 'ztao', 1467355680, '192.168.80.1', 1, '提示语：提交成功模块：Admin, 控制器：City, 方法：edit请求方式：Ajax', 'http://manage.92ws.co/city/edit.html'),
(126, 1, 'ztao', 1467355697, '192.168.80.1', 1, '提示语：提交成功模块：Admin, 控制器：City, 方法：edit请求方式：Ajax', 'http://manage.92ws.co/city/edit.html'),
(127, 1, 'ztao', 1467355716, '192.168.80.1', 1, '提示语：提交成功模块：Admin, 控制器：City, 方法：edit请求方式：Ajax', 'http://manage.92ws.co/city/edit.html'),
(128, 1, 'ztao', 1467355833, '192.168.80.1', 1, '提示语：提交成功模块：Admin, 控制器：City, 方法：edit请求方式：Ajax', 'http://manage.92ws.co/city/edit.html'),
(129, 1, 'ztao', 1467355853, '192.168.80.1', 1, '提示语：提交成功模块：Admin, 控制器：City, 方法：edit请求方式：Ajax', 'http://manage.92ws.co/city/edit.html'),
(130, 1, 'ztao', 1467355913, '192.168.80.1', 1, '提示语：提交成功模块：Admin, 控制器：City, 方法：edit请求方式：Ajax', 'http://manage.92ws.co/city/edit.html'),
(131, 1, 'ztao', 1467355921, '192.168.80.1', 1, '提示语：提交成功模块：Admin, 控制器：City, 方法：edit请求方式：Ajax', 'http://manage.92ws.co/city/edit/id/45.html'),
(132, 1, 'ztao', 1467356013, '192.168.80.1', 1, '提示语：提交成功模块：Admin, 控制器：City, 方法：edit请求方式：Ajax', 'http://manage.92ws.co/city/edit.html'),
(133, 1, 'ztao', 1467356058, '192.168.80.1', 1, '提示语：提交成功模块：Admin, 控制器：City, 方法：edit请求方式：Ajax', 'http://manage.92ws.co/city/edit.html'),
(134, 1, 'ztao', 1467356075, '192.168.80.1', 1, '提示语：提交成功模块：Admin, 控制器：City, 方法：edit请求方式：Ajax', 'http://manage.92ws.co/city/edit.html'),
(135, 1, 'ztao', 1467356107, '192.168.80.1', 1, '提示语：提交成功模块：Admin, 控制器：City, 方法：edit请求方式：Ajax', 'http://manage.92ws.co/city/edit.html'),
(136, 1, 'ztao', 1467356152, '192.168.80.1', 1, '提示语：提交成功模块：Admin, 控制器：City, 方法：edit请求方式：Ajax', 'http://manage.92ws.co/city/edit.html'),
(137, 1, 'ztao', 1467356170, '192.168.80.1', 1, '提示语：提交成功模块：Admin, 控制器：City, 方法：edit请求方式：Ajax', 'http://manage.92ws.co/city/edit.html'),
(138, 1, 'ztao', 1467356185, '192.168.80.1', 1, '提示语：提交成功模块：Admin, 控制器：City, 方法：edit请求方式：Ajax', 'http://manage.92ws.co/city/edit.html'),
(139, 1, 'ztao', 1467356207, '192.168.80.1', 1, '提示语：提交成功模块：Admin, 控制器：City, 方法：edit请求方式：Ajax', 'http://manage.92ws.co/city/edit.html'),
(140, 1, 'ztao', 1467356250, '192.168.80.1', 1, '提示语：提交成功模块：Admin, 控制器：City, 方法：edit请求方式：Ajax', 'http://manage.92ws.co/city/edit.html'),
(141, 1, 'ztao', 1467356267, '192.168.80.1', 1, '提示语：提交成功模块：Admin, 控制器：City, 方法：edit请求方式：Ajax', 'http://manage.92ws.co/city/edit.html'),
(142, 1, 'ztao', 1467356287, '192.168.80.1', 1, '提示语：提交成功模块：Admin, 控制器：City, 方法：edit请求方式：Ajax', 'http://manage.92ws.co/city/edit.html'),
(143, 1, 'ztao', 1467356307, '192.168.80.1', 1, '提示语：提交成功模块：Admin, 控制器：City, 方法：edit请求方式：Ajax', 'http://manage.92ws.co/city/edit.html'),
(144, 1, 'ztao', 1467356324, '192.168.80.1', 1, '提示语：提交成功模块：Admin, 控制器：City, 方法：edit请求方式：Ajax', 'http://manage.92ws.co/city/edit.html'),
(145, 1, 'ztao', 1467356347, '192.168.80.1', 1, '提示语：提交成功模块：Admin, 控制器：City, 方法：edit请求方式：Ajax', 'http://manage.92ws.co/city/edit.html'),
(146, 1, 'ztao', 1467356394, '192.168.80.1', 1, '提示语：提交成功模块：Admin, 控制器：City, 方法：edit请求方式：Ajax', 'http://manage.92ws.co/city/edit.html'),
(147, 1, 'ztao', 1467356408, '192.168.80.1', 1, '提示语：提交成功模块：Admin, 控制器：City, 方法：edit请求方式：Ajax', 'http://manage.92ws.co/city/edit.html'),
(148, 1, 'ztao', 1467356421, '192.168.80.1', 1, '提示语：提交成功模块：Admin, 控制器：City, 方法：edit请求方式：Ajax', 'http://manage.92ws.co/city/edit.html'),
(149, 1, 'ztao', 1467356436, '192.168.80.1', 1, '提示语：提交成功模块：Admin, 控制器：City, 方法：edit请求方式：Ajax', 'http://manage.92ws.co/city/edit.html'),
(150, 1, 'ztao', 1467356475, '192.168.80.1', 1, '提示语：提交成功模块：Admin, 控制器：City, 方法：edit请求方式：Ajax', 'http://manage.92ws.co/city/edit.html'),
(151, 1, 'ztao', 1467356498, '192.168.80.1', 1, '提示语：提交成功模块：Admin, 控制器：City, 方法：edit请求方式：Ajax', 'http://manage.92ws.co/city/edit.html'),
(152, 1, 'ztao', 1467356516, '192.168.80.1', 1, '提示语：提交成功模块：Admin, 控制器：City, 方法：edit请求方式：Ajax', 'http://manage.92ws.co/city/edit.html'),
(153, 1, 'ztao', 1467356549, '192.168.80.1', 1, '提示语：提交成功模块：Admin, 控制器：City, 方法：edit请求方式：Ajax', 'http://manage.92ws.co/city/edit.html'),
(154, 1, 'ztao', 1467356575, '192.168.80.1', 1, '提示语：提交成功模块：Admin, 控制器：City, 方法：edit请求方式：Ajax', 'http://manage.92ws.co/city/edit.html'),
(155, 1, 'ztao', 1467356615, '192.168.80.1', 1, '提示语：提交成功模块：Admin, 控制器：City, 方法：edit请求方式：Ajax', 'http://manage.92ws.co/city/edit.html'),
(156, 1, 'ztao', 1467356644, '192.168.80.1', 1, '提示语：提交成功模块：Admin, 控制器：City, 方法：edit请求方式：Ajax', 'http://manage.92ws.co/city/edit.html'),
(157, 1, 'ztao', 1467356660, '192.168.80.1', 1, '提示语：提交成功模块：Admin, 控制器：City, 方法：edit请求方式：Ajax', 'http://manage.92ws.co/city/edit.html'),
(158, 1, 'ztao', 1467356684, '192.168.80.1', 1, '提示语：提交成功模块：Admin, 控制器：City, 方法：edit请求方式：Ajax', 'http://manage.92ws.co/city/edit.html'),
(159, 1, 'ztao', 1467356700, '192.168.80.1', 1, '提示语：提交成功模块：Admin, 控制器：City, 方法：edit请求方式：Ajax', 'http://manage.92ws.co/city/edit.html'),
(160, 1, 'ztao', 1467356713, '192.168.80.1', 1, '提示语：提交成功模块：Admin, 控制器：City, 方法：edit请求方式：Ajax', 'http://manage.92ws.co/city/edit.html'),
(161, 1, 'ztao', 1467356727, '192.168.80.1', 1, '提示语：提交成功模块：Admin, 控制器：City, 方法：edit请求方式：Ajax', 'http://manage.92ws.co/city/edit.html'),
(162, 1, 'ztao', 1467356747, '192.168.80.1', 1, '提示语：提交成功模块：Admin, 控制器：City, 方法：edit请求方式：Ajax', 'http://manage.92ws.co/city/edit.html'),
(163, 1, 'ztao', 1467356762, '192.168.80.1', 0, '提示语：城市缩写不能为空！模块：Admin, 控制器：City, 方法：edit请求方式：Ajax', 'http://manage.92ws.co/city/edit.html'),
(164, 1, 'ztao', 1467356780, '192.168.80.1', 1, '提示语：提交成功模块：Admin, 控制器：City, 方法：edit请求方式：Ajax', 'http://manage.92ws.co/city/edit.html'),
(165, 1, 'ztao', 1467356793, '192.168.80.1', 1, '提示语：提交成功模块：Admin, 控制器：City, 方法：edit请求方式：Ajax', 'http://manage.92ws.co/city/edit.html'),
(166, 1, 'ztao', 1467356810, '192.168.80.1', 1, '提示语：提交成功模块：Admin, 控制器：City, 方法：edit请求方式：Ajax', 'http://manage.92ws.co/city/edit.html'),
(167, 1, 'ztao', 1467356831, '192.168.80.1', 1, '提示语：提交成功模块：Admin, 控制器：City, 方法：edit请求方式：Ajax', 'http://manage.92ws.co/city/edit.html'),
(168, 1, 'ztao', 1467356845, '192.168.80.1', 1, '提示语：提交成功模块：Admin, 控制器：City, 方法：edit请求方式：Ajax', 'http://manage.92ws.co/city/edit.html'),
(169, 1, 'ztao', 1467356864, '192.168.80.1', 1, '提示语：提交成功模块：Admin, 控制器：City, 方法：edit请求方式：Ajax', 'http://manage.92ws.co/city/edit.html'),
(170, 1, 'ztao', 1467356880, '192.168.80.1', 1, '提示语：提交成功模块：Admin, 控制器：City, 方法：edit请求方式：Ajax', 'http://manage.92ws.co/city/edit.html'),
(171, 1, 'ztao', 1467356893, '192.168.80.1', 1, '提示语：提交成功模块：Admin, 控制器：City, 方法：edit请求方式：Ajax', 'http://manage.92ws.co/city/edit.html'),
(172, 1, 'ztao', 1467356909, '192.168.80.1', 1, '提示语：提交成功模块：Admin, 控制器：City, 方法：edit请求方式：Ajax', 'http://manage.92ws.co/city/edit.html'),
(173, 1, 'ztao', 1467356936, '192.168.80.1', 1, '提示语：提交成功模块：Admin, 控制器：City, 方法：edit请求方式：Ajax', 'http://manage.92ws.co/city/edit.html'),
(174, 1, 'ztao', 1467357035, '192.168.80.1', 1, '提示语：提交成功模块：Admin, 控制器：City, 方法：edit请求方式：Ajax', 'http://manage.92ws.co/city/edit.html'),
(175, 1, 'ztao', 1467357056, '192.168.80.1', 1, '提示语：提交成功模块：Admin, 控制器：City, 方法：edit请求方式：Ajax', 'http://manage.92ws.co/city/edit.html'),
(176, 1, 'ztao', 1467357073, '192.168.80.1', 0, '提示语：城市首字母不能为空！模块：Admin, 控制器：City, 方法：edit请求方式：Ajax', 'http://manage.92ws.co/city/edit.html'),
(177, 1, 'ztao', 1467357080, '192.168.80.1', 1, '提示语：提交成功模块：Admin, 控制器：City, 方法：edit请求方式：Ajax', 'http://manage.92ws.co/city/edit.html'),
(178, 1, 'ztao', 1467357225, '192.168.80.1', 1, '提示语：提交成功模块：Admin, 控制器：City, 方法：edit请求方式：Ajax', 'http://manage.92ws.co/city/edit.html'),
(179, 1, 'ztao', 1467357241, '192.168.80.1', 1, '提示语：提交成功模块：Admin, 控制器：City, 方法：edit请求方式：Ajax', 'http://manage.92ws.co/city/edit.html'),
(180, 1, 'ztao', 1467357253, '192.168.80.1', 1, '提示语：提交成功模块：Admin, 控制器：City, 方法：edit请求方式：Ajax', 'http://manage.92ws.co/city/edit.html'),
(181, 1, 'ztao', 1467357267, '192.168.80.1', 1, '提示语：提交成功模块：Admin, 控制器：City, 方法：edit请求方式：Ajax', 'http://manage.92ws.co/city/edit.html'),
(182, 1, 'ztao', 1467357286, '192.168.80.1', 1, '提示语：提交成功模块：Admin, 控制器：City, 方法：edit请求方式：Ajax', 'http://manage.92ws.co/city/edit.html'),
(183, 1, 'ztao', 1467357302, '192.168.80.1', 1, '提示语：提交成功模块：Admin, 控制器：City, 方法：edit请求方式：Ajax', 'http://manage.92ws.co/city/edit.html'),
(184, 1, 'ztao', 1467357310, '192.168.80.1', 1, '提示语：提交成功模块：Admin, 控制器：City, 方法：edit请求方式：Ajax', 'http://manage.92ws.co/city/edit.html'),
(185, 1, 'ztao', 1467357321, '192.168.80.1', 1, '提示语：提交成功模块：Admin, 控制器：City, 方法：edit请求方式：Ajax', 'http://manage.92ws.co/city/edit.html'),
(186, 1, 'ztao', 1467357334, '192.168.80.1', 1, '提示语：提交成功模块：Admin, 控制器：City, 方法：edit请求方式：Ajax', 'http://manage.92ws.co/city/edit.html'),
(187, 1, 'ztao', 1467357344, '192.168.80.1', 1, '提示语：提交成功模块：Admin, 控制器：City, 方法：edit请求方式：Ajax', 'http://manage.92ws.co/city/edit.html'),
(188, 1, 'ztao', 1467357350, '192.168.80.1', 1, '提示语：提交成功模块：Admin, 控制器：City, 方法：edit请求方式：Ajax', 'http://manage.92ws.co/city/edit.html'),
(189, 1, 'ztao', 1467357359, '192.168.80.1', 1, '提示语：提交成功模块：Admin, 控制器：City, 方法：edit请求方式：Ajax', 'http://manage.92ws.co/city/edit.html'),
(190, 1, 'ztao', 1467357373, '192.168.80.1', 1, '提示语：提交成功模块：Admin, 控制器：City, 方法：edit请求方式：Ajax', 'http://manage.92ws.co/city/edit.html'),
(191, 1, 'ztao', 1467357381, '192.168.80.1', 1, '提示语：提交成功模块：Admin, 控制器：City, 方法：edit请求方式：Ajax', 'http://manage.92ws.co/city/edit.html'),
(192, 1, 'ztao', 1467357397, '192.168.80.1', 1, '提示语：提交成功模块：Admin, 控制器：City, 方法：edit请求方式：Ajax', 'http://manage.92ws.co/city/edit.html'),
(193, 1, 'ztao', 1467357406, '192.168.80.1', 1, '提示语：提交成功模块：Admin, 控制器：City, 方法：edit请求方式：Ajax', 'http://manage.92ws.co/city/edit.html'),
(194, 1, 'ztao', 1467357421, '192.168.80.1', 1, '提示语：提交成功模块：Admin, 控制器：City, 方法：edit请求方式：Ajax', 'http://manage.92ws.co/city/edit.html'),
(195, 1, 'ztao', 1467357432, '192.168.80.1', 1, '提示语：提交成功模块：Admin, 控制器：City, 方法：edit请求方式：Ajax', 'http://manage.92ws.co/city/edit.html'),
(196, 1, 'ztao', 1467357442, '192.168.80.1', 1, '提示语：提交成功模块：Admin, 控制器：City, 方法：edit请求方式：Ajax', 'http://manage.92ws.co/city/edit.html'),
(197, 1, 'ztao', 1467357449, '192.168.80.1', 1, '提示语：提交成功模块：Admin, 控制器：City, 方法：edit请求方式：Ajax', 'http://manage.92ws.co/city/edit.html'),
(198, 1, 'ztao', 1467357456, '192.168.80.1', 1, '提示语：提交成功模块：Admin, 控制器：City, 方法：edit请求方式：Ajax', 'http://manage.92ws.co/city/edit.html'),
(199, 1, 'ztao', 1467357466, '192.168.80.1', 1, '提示语：提交成功模块：Admin, 控制器：City, 方法：edit请求方式：Ajax', 'http://manage.92ws.co/city/edit.html'),
(200, 1, 'ztao', 1467357473, '192.168.80.1', 1, '提示语：提交成功模块：Admin, 控制器：City, 方法：edit请求方式：Ajax', 'http://manage.92ws.co/city/edit.html'),
(201, 1, 'ztao', 1467357480, '192.168.80.1', 1, '提示语：提交成功模块：Admin, 控制器：City, 方法：edit请求方式：Ajax', 'http://manage.92ws.co/city/edit.html'),
(202, 1, 'ztao', 1467357487, '192.168.80.1', 1, '提示语：提交成功模块：Admin, 控制器：City, 方法：edit请求方式：Ajax', 'http://manage.92ws.co/city/edit.html'),
(203, 1, 'ztao', 1467357497, '192.168.80.1', 1, '提示语：提交成功模块：Admin, 控制器：City, 方法：edit请求方式：Ajax', 'http://manage.92ws.co/city/edit.html'),
(204, 1, 'ztao', 1467357503, '192.168.80.1', 1, '提示语：提交成功模块：Admin, 控制器：City, 方法：edit请求方式：Ajax', 'http://manage.92ws.co/city/edit.html'),
(205, 1, 'ztao', 1467357510, '192.168.80.1', 1, '提示语：提交成功模块：Admin, 控制器：City, 方法：edit请求方式：Ajax', 'http://manage.92ws.co/city/edit.html'),
(206, 1, 'ztao', 1467357521, '192.168.80.1', 1, '提示语：提交成功模块：Admin, 控制器：City, 方法：edit请求方式：Ajax', 'http://manage.92ws.co/city/edit.html'),
(207, 1, 'ztao', 1467357531, '192.168.80.1', 1, '提示语：提交成功模块：Admin, 控制器：City, 方法：edit请求方式：Ajax', 'http://manage.92ws.co/city/edit.html'),
(208, 1, 'ztao', 1467357542, '192.168.80.1', 1, '提示语：提交成功模块：Admin, 控制器：City, 方法：edit请求方式：Ajax', 'http://manage.92ws.co/city/edit.html'),
(209, 1, 'ztao', 1467357549, '192.168.80.1', 1, '提示语：提交成功模块：Admin, 控制器：City, 方法：edit请求方式：Ajax', 'http://manage.92ws.co/city/edit.html'),
(210, 1, 'ztao', 1467357559, '192.168.80.1', 1, '提示语：提交成功模块：Admin, 控制器：City, 方法：edit请求方式：Ajax', 'http://manage.92ws.co/city/edit.html'),
(211, 1, 'ztao', 1467357571, '192.168.80.1', 1, '提示语：提交成功模块：Admin, 控制器：City, 方法：edit请求方式：Ajax', 'http://manage.92ws.co/city/edit/id/122.html'),
(212, 1, 'ztao', 1467357580, '192.168.80.1', 1, '提示语：提交成功模块：Admin, 控制器：City, 方法：edit请求方式：Ajax', 'http://manage.92ws.co/city/edit.html'),
(213, 1, 'ztao', 1467357588, '192.168.80.1', 1, '提示语：提交成功模块：Admin, 控制器：City, 方法：edit请求方式：Ajax', 'http://manage.92ws.co/city/edit.html'),
(214, 1, 'ztao', 1467357597, '192.168.80.1', 1, '提示语：提交成功模块：Admin, 控制器：City, 方法：edit请求方式：Ajax', 'http://manage.92ws.co/city/edit.html'),
(215, 1, 'ztao', 1467357606, '192.168.80.1', 1, '提示语：提交成功模块：Admin, 控制器：City, 方法：edit请求方式：Ajax', 'http://manage.92ws.co/city/edit.html'),
(216, 1, 'ztao', 1467357614, '192.168.80.1', 1, '提示语：提交成功模块：Admin, 控制器：City, 方法：edit请求方式：Ajax', 'http://manage.92ws.co/city/edit.html'),
(217, 1, 'ztao', 1467357623, '192.168.80.1', 1, '提示语：提交成功模块：Admin, 控制器：City, 方法：edit请求方式：Ajax', 'http://manage.92ws.co/city/edit.html'),
(218, 1, 'ztao', 1467357681, '192.168.80.1', 1, '提示语：提交成功模块：Admin, 控制器：City, 方法：edit请求方式：Ajax', 'http://manage.92ws.co/city/edit.html'),
(219, 1, 'ztao', 1467357690, '192.168.80.1', 1, '提示语：提交成功模块：Admin, 控制器：City, 方法：edit请求方式：Ajax', 'http://manage.92ws.co/city/edit.html'),
(220, 1, 'ztao', 1467357699, '192.168.80.1', 1, '提示语：提交成功模块：Admin, 控制器：City, 方法：edit请求方式：Ajax', 'http://manage.92ws.co/city/edit.html'),
(221, 1, 'ztao', 1467357709, '192.168.80.1', 1, '提示语：提交成功模块：Admin, 控制器：City, 方法：edit请求方式：Ajax', 'http://manage.92ws.co/city/edit.html'),
(222, 1, 'ztao', 1467357717, '192.168.80.1', 1, '提示语：提交成功模块：Admin, 控制器：City, 方法：edit请求方式：Ajax', 'http://manage.92ws.co/city/edit.html'),
(223, 1, 'ztao', 1467357723, '192.168.80.1', 1, '提示语：提交成功模块：Admin, 控制器：City, 方法：edit请求方式：Ajax', 'http://manage.92ws.co/city/edit.html'),
(224, 1, 'ztao', 1467357731, '192.168.80.1', 1, '提示语：提交成功模块：Admin, 控制器：City, 方法：edit请求方式：Ajax', 'http://manage.92ws.co/city/edit.html'),
(225, 1, 'ztao', 1467357738, '192.168.80.1', 1, '提示语：提交成功模块：Admin, 控制器：City, 方法：edit请求方式：Ajax', 'http://manage.92ws.co/city/edit.html'),
(226, 1, 'ztao', 1467357747, '192.168.80.1', 1, '提示语：提交成功模块：Admin, 控制器：City, 方法：edit请求方式：Ajax', 'http://manage.92ws.co/city/edit.html'),
(227, 1, 'ztao', 1467357756, '192.168.80.1', 1, '提示语：提交成功模块：Admin, 控制器：City, 方法：edit请求方式：Ajax', 'http://manage.92ws.co/city/edit.html'),
(228, 1, 'ztao', 1467357765, '192.168.80.1', 1, '提示语：提交成功模块：Admin, 控制器：City, 方法：edit请求方式：Ajax', 'http://manage.92ws.co/city/edit.html'),
(229, 1, 'ztao', 1467357782, '192.168.80.1', 1, '提示语：提交成功模块：Admin, 控制器：City, 方法：edit请求方式：Ajax', 'http://manage.92ws.co/city/edit.html'),
(230, 1, 'ztao', 1467357791, '192.168.80.1', 1, '提示语：提交成功模块：Admin, 控制器：City, 方法：edit请求方式：Ajax', 'http://manage.92ws.co/city/edit.html'),
(231, 1, 'ztao', 1467357796, '192.168.80.1', 1, '提示语：提交成功模块：Admin, 控制器：City, 方法：edit请求方式：Ajax', 'http://manage.92ws.co/city/edit.html'),
(232, 1, 'ztao', 1467357817, '192.168.80.1', 1, '提示语：提交成功模块：Admin, 控制器：City, 方法：edit请求方式：Ajax', 'http://manage.92ws.co/city/edit.html'),
(233, 1, 'ztao', 1467357827, '192.168.80.1', 1, '提示语：提交成功模块：Admin, 控制器：City, 方法：edit请求方式：Ajax', 'http://manage.92ws.co/city/edit.html'),
(234, 1, 'ztao', 1467357838, '192.168.80.1', 1, '提示语：提交成功模块：Admin, 控制器：City, 方法：edit请求方式：Ajax', 'http://manage.92ws.co/city/edit.html'),
(235, 1, 'ztao', 1467357848, '192.168.80.1', 1, '提示语：提交成功模块：Admin, 控制器：City, 方法：edit请求方式：Ajax', 'http://manage.92ws.co/city/edit.html'),
(236, 1, 'ztao', 1467357855, '192.168.80.1', 1, '提示语：提交成功模块：Admin, 控制器：City, 方法：edit请求方式：Ajax', 'http://manage.92ws.co/city/edit.html'),
(237, 1, 'ztao', 1467357861, '192.168.80.1', 1, '提示语：提交成功模块：Admin, 控制器：City, 方法：edit请求方式：Ajax', 'http://manage.92ws.co/city/edit.html'),
(238, 1, 'ztao', 1467357870, '192.168.80.1', 1, '提示语：提交成功模块：Admin, 控制器：City, 方法：edit请求方式：Ajax', 'http://manage.92ws.co/city/edit.html'),
(239, 1, 'ztao', 1467357877, '192.168.80.1', 1, '提示语：提交成功模块：Admin, 控制器：City, 方法：edit请求方式：Ajax', 'http://manage.92ws.co/city/edit.html'),
(240, 1, 'ztao', 1467357896, '192.168.80.1', 1, '提示语：提交成功模块：Admin, 控制器：City, 方法：edit请求方式：Ajax', 'http://manage.92ws.co/city/edit.html'),
(241, 1, 'ztao', 1467357903, '192.168.80.1', 1, '提示语：提交成功模块：Admin, 控制器：City, 方法：edit请求方式：Ajax', 'http://manage.92ws.co/city/edit.html'),
(242, 1, 'ztao', 1467357915, '192.168.80.1', 1, '提示语：提交成功模块：Admin, 控制器：City, 方法：edit请求方式：Ajax', 'http://manage.92ws.co/city/edit.html'),
(243, 1, 'ztao', 1467357926, '192.168.80.1', 1, '提示语：提交成功模块：Admin, 控制器：City, 方法：edit请求方式：Ajax', 'http://manage.92ws.co/city/edit.html'),
(244, 1, 'ztao', 1467357934, '192.168.80.1', 1, '提示语：提交成功模块：Admin, 控制器：City, 方法：edit请求方式：Ajax', 'http://manage.92ws.co/city/edit.html'),
(245, 1, 'ztao', 1467358074, '192.168.80.1', 1, '提示语：提交成功模块：Admin, 控制器：City, 方法：edit请求方式：Ajax', 'http://manage.92ws.co/city/edit.html'),
(246, 1, 'ztao', 1467358083, '192.168.80.1', 1, '提示语：提交成功模块：Admin, 控制器：City, 方法：edit请求方式：Ajax', 'http://manage.92ws.co/city/edit.html'),
(247, 1, 'ztao', 1467358094, '192.168.80.1', 1, '提示语：提交成功模块：Admin, 控制器：City, 方法：edit请求方式：Ajax', 'http://manage.92ws.co/city/edit.html'),
(248, 1, 'ztao', 1467358104, '192.168.80.1', 1, '提示语：提交成功模块：Admin, 控制器：City, 方法：edit请求方式：Ajax', 'http://manage.92ws.co/city/edit.html'),
(249, 1, 'ztao', 1467358118, '192.168.80.1', 1, '提示语：提交成功模块：Admin, 控制器：City, 方法：edit请求方式：Ajax', 'http://manage.92ws.co/city/edit.html'),
(250, 1, 'ztao', 1467358125, '192.168.80.1', 1, '提示语：提交成功模块：Admin, 控制器：City, 方法：edit请求方式：Ajax', 'http://manage.92ws.co/city/edit.html'),
(251, 1, 'ztao', 1467358134, '192.168.80.1', 1, '提示语：提交成功模块：Admin, 控制器：City, 方法：edit请求方式：Ajax', 'http://manage.92ws.co/city/edit.html'),
(252, 1, 'ztao', 1467358147, '192.168.80.1', 1, '提示语：提交成功模块：Admin, 控制器：City, 方法：edit请求方式：Ajax', 'http://manage.92ws.co/city/edit.html'),
(253, 1, 'ztao', 1467358153, '192.168.80.1', 1, '提示语：提交成功模块：Admin, 控制器：City, 方法：edit请求方式：Ajax', 'http://manage.92ws.co/city/edit.html'),
(254, 1, 'ztao', 1467358170, '192.168.80.1', 1, '提示语：提交成功模块：Admin, 控制器：City, 方法：edit请求方式：Ajax', 'http://manage.92ws.co/city/edit.html'),
(255, 1, 'ztao', 1467358179, '192.168.80.1', 1, '提示语：提交成功模块：Admin, 控制器：City, 方法：edit请求方式：Ajax', 'http://manage.92ws.co/city/edit.html'),
(256, 1, 'ztao', 1467358188, '192.168.80.1', 1, '提示语：提交成功模块：Admin, 控制器：City, 方法：edit请求方式：Ajax', 'http://manage.92ws.co/city/edit.html'),
(257, 1, 'ztao', 1467365862, '192.168.80.1', 1, '提示语：提交成功模块：Admin, 控制器：City, 方法：edit请求方式：Ajax', 'http://manage.92ws.co/city/edit.html'),
(258, 1, 'ztao', 1467365907, '192.168.80.1', 1, '提示语：提交成功模块：Admin, 控制器：City, 方法：edit请求方式：Ajax', 'http://manage.92ws.co/city/edit.html'),
(259, 1, 'ztao', 1467365915, '192.168.80.1', 1, '提示语：提交成功模块：Admin, 控制器：City, 方法：edit请求方式：Ajax', 'http://manage.92ws.co/city/edit.html'),
(260, 1, 'ztao', 1467365927, '192.168.80.1', 1, '提示语：提交成功模块：Admin, 控制器：City, 方法：edit请求方式：Ajax', 'http://manage.92ws.co/city/edit.html'),
(261, 1, 'ztao', 1467365936, '192.168.80.1', 1, '提示语：提交成功模块：Admin, 控制器：City, 方法：edit请求方式：Ajax', 'http://manage.92ws.co/city/edit.html'),
(262, 1, 'ztao', 1467365951, '192.168.80.1', 1, '提示语：提交成功模块：Admin, 控制器：City, 方法：edit请求方式：Ajax', 'http://manage.92ws.co/city/edit.html'),
(263, 1, 'ztao', 1467365967, '192.168.80.1', 1, '提示语：提交成功模块：Admin, 控制器：City, 方法：edit请求方式：Ajax', 'http://manage.92ws.co/city/edit.html'),
(264, 1, 'ztao', 1467366002, '192.168.80.1', 1, '提示语：提交成功模块：Admin, 控制器：City, 方法：edit请求方式：Ajax', 'http://manage.92ws.co/city/edit.html'),
(265, 1, 'ztao', 1467366012, '192.168.80.1', 1, '提示语：提交成功模块：Admin, 控制器：City, 方法：edit请求方式：Ajax', 'http://manage.92ws.co/city/edit.html'),
(266, 1, 'ztao', 1467366083, '192.168.80.1', 1, '提示语：提交成功模块：Admin, 控制器：City, 方法：edit请求方式：Ajax', 'http://manage.92ws.co/city/edit.html'),
(267, 1, 'ztao', 1467366091, '192.168.80.1', 1, '提示语：提交成功模块：Admin, 控制器：City, 方法：edit请求方式：Ajax', 'http://manage.92ws.co/city/edit.html'),
(268, 1, 'ztao', 1467366101, '192.168.80.1', 1, '提示语：提交成功模块：Admin, 控制器：City, 方法：edit请求方式：Ajax', 'http://manage.92ws.co/city/edit.html'),
(269, 1, 'ztao', 1467366116, '192.168.80.1', 1, '提示语：提交成功模块：Admin, 控制器：City, 方法：edit请求方式：Ajax', 'http://manage.92ws.co/city/edit.html'),
(270, 1, 'ztao', 1467366168, '192.168.80.1', 1, '提示语：提交成功模块：Admin, 控制器：City, 方法：edit请求方式：Ajax', 'http://manage.92ws.co/city/edit.html'),
(271, 1, 'ztao', 1467366176, '192.168.80.1', 1, '提示语：提交成功模块：Admin, 控制器：City, 方法：edit请求方式：Ajax', 'http://manage.92ws.co/city/edit.html'),
(272, 1, 'ztao', 1467366199, '192.168.80.1', 1, '提示语：提交成功模块：Admin, 控制器：City, 方法：edit请求方式：Ajax', 'http://manage.92ws.co/city/edit.html'),
(273, 1, 'ztao', 1467366207, '192.168.80.1', 1, '提示语：提交成功模块：Admin, 控制器：City, 方法：edit请求方式：Ajax', 'http://manage.92ws.co/city/edit.html'),
(274, 1, 'ztao', 1467366224, '192.168.80.1', 1, '提示语：提交成功模块：Admin, 控制器：City, 方法：edit请求方式：Ajax', 'http://manage.92ws.co/city/edit.html'),
(275, 1, 'ztao', 1467366253, '192.168.80.1', 1, '提示语：提交成功模块：Admin, 控制器：City, 方法：edit请求方式：Ajax', 'http://manage.92ws.co/city/edit.html'),
(276, 1, 'ztao', 1467366262, '192.168.80.1', 1, '提示语：提交成功模块：Admin, 控制器：City, 方法：edit请求方式：Ajax', 'http://manage.92ws.co/city/edit.html'),
(277, 1, 'ztao', 1467366270, '192.168.80.1', 1, '提示语：提交成功模块：Admin, 控制器：City, 方法：edit请求方式：Ajax', 'http://manage.92ws.co/city/edit.html'),
(278, 1, 'ztao', 1467366285, '192.168.80.1', 1, '提示语：提交成功模块：Admin, 控制器：City, 方法：edit请求方式：Ajax', 'http://manage.92ws.co/city/edit.html'),
(279, 1, 'ztao', 1467366293, '192.168.80.1', 1, '提示语：提交成功模块：Admin, 控制器：City, 方法：edit请求方式：Ajax', 'http://manage.92ws.co/city/edit.html'),
(280, 1, 'ztao', 1467366301, '192.168.80.1', 1, '提示语：提交成功模块：Admin, 控制器：City, 方法：edit请求方式：Ajax', 'http://manage.92ws.co/city/edit.html'),
(281, 1, 'ztao', 1467366309, '192.168.80.1', 1, '提示语：提交成功模块：Admin, 控制器：City, 方法：edit请求方式：Ajax', 'http://manage.92ws.co/city/edit.html'),
(282, 1, 'ztao', 1467366317, '192.168.80.1', 1, '提示语：提交成功模块：Admin, 控制器：City, 方法：edit请求方式：Ajax', 'http://manage.92ws.co/city/edit.html'),
(283, 1, 'ztao', 1467366325, '192.168.80.1', 1, '提示语：提交成功模块：Admin, 控制器：City, 方法：edit请求方式：Ajax', 'http://manage.92ws.co/city/edit.html'),
(284, 1, 'ztao', 1467366340, '192.168.80.1', 1, '提示语：提交成功模块：Admin, 控制器：City, 方法：edit请求方式：Ajax', 'http://manage.92ws.co/city/edit.html'),
(285, 1, 'ztao', 1467366347, '192.168.80.1', 1, '提示语：提交成功模块：Admin, 控制器：City, 方法：edit请求方式：Ajax', 'http://manage.92ws.co/city/edit.html'),
(286, 1, 'ztao', 1467366356, '192.168.80.1', 1, '提示语：提交成功模块：Admin, 控制器：City, 方法：edit请求方式：Ajax', 'http://manage.92ws.co/city/edit.html'),
(287, 1, 'ztao', 1467366374, '192.168.80.1', 1, '提示语：提交成功模块：Admin, 控制器：City, 方法：edit请求方式：Ajax', 'http://manage.92ws.co/city/edit.html'),
(288, 1, 'ztao', 1467366380, '192.168.80.1', 1, '提示语：提交成功模块：Admin, 控制器：City, 方法：edit请求方式：Ajax', 'http://manage.92ws.co/city/edit.html'),
(289, 1, 'ztao', 1467366390, '192.168.80.1', 1, '提示语：提交成功模块：Admin, 控制器：City, 方法：edit请求方式：Ajax', 'http://manage.92ws.co/city/edit.html'),
(290, 1, 'ztao', 1467366399, '192.168.80.1', 1, '提示语：提交成功模块：Admin, 控制器：City, 方法：edit请求方式：Ajax', 'http://manage.92ws.co/city/edit.html'),
(291, 1, 'ztao', 1467366409, '192.168.80.1', 1, '提示语：提交成功模块：Admin, 控制器：City, 方法：edit请求方式：Ajax', 'http://manage.92ws.co/city/edit.html'),
(292, 1, 'ztao', 1467366421, '192.168.80.1', 1, '提示语：提交成功模块：Admin, 控制器：City, 方法：edit请求方式：Ajax', 'http://manage.92ws.co/city/edit.html'),
(293, 1, 'ztao', 1467366434, '192.168.80.1', 1, '提示语：提交成功模块：Admin, 控制器：City, 方法：edit请求方式：Ajax', 'http://manage.92ws.co/city/edit.html'),
(294, 1, 'ztao', 1467366444, '192.168.80.1', 1, '提示语：提交成功模块：Admin, 控制器：City, 方法：edit请求方式：Ajax', 'http://manage.92ws.co/city/edit.html'),
(295, 1, 'ztao', 1467366466, '192.168.80.1', 1, '提示语：提交成功模块：Admin, 控制器：City, 方法：edit请求方式：Ajax', 'http://manage.92ws.co/city/edit.html'),
(296, 1, 'ztao', 1467366476, '192.168.80.1', 1, '提示语：提交成功模块：Admin, 控制器：City, 方法：edit请求方式：Ajax', 'http://manage.92ws.co/city/edit.html'),
(297, 1, 'ztao', 1467366484, '192.168.80.1', 1, '提示语：提交成功模块：Admin, 控制器：City, 方法：edit请求方式：Ajax', 'http://manage.92ws.co/city/edit.html'),
(298, 1, 'ztao', 1467366492, '192.168.80.1', 1, '提示语：提交成功模块：Admin, 控制器：City, 方法：edit请求方式：Ajax', 'http://manage.92ws.co/city/edit.html'),
(299, 1, 'ztao', 1467366501, '192.168.80.1', 1, '提示语：提交成功模块：Admin, 控制器：City, 方法：edit请求方式：Ajax', 'http://manage.92ws.co/city/edit.html'),
(300, 1, 'ztao', 1467366515, '192.168.80.1', 1, '提示语：提交成功模块：Admin, 控制器：City, 方法：edit请求方式：Ajax', 'http://manage.92ws.co/city/edit.html'),
(301, 1, 'ztao', 1467366527, '192.168.80.1', 1, '提示语：提交成功模块：Admin, 控制器：City, 方法：edit请求方式：Ajax', 'http://manage.92ws.co/city/edit.html'),
(302, 1, 'ztao', 1467366535, '192.168.80.1', 1, '提示语：提交成功模块：Admin, 控制器：City, 方法：edit请求方式：Ajax', 'http://manage.92ws.co/city/edit.html'),
(303, 1, 'ztao', 1467366561, '192.168.80.1', 1, '提示语：提交成功模块：Admin, 控制器：City, 方法：edit请求方式：Ajax', 'http://manage.92ws.co/city/edit.html'),
(304, 1, 'ztao', 1467366570, '192.168.80.1', 1, '提示语：提交成功模块：Admin, 控制器：City, 方法：edit请求方式：Ajax', 'http://manage.92ws.co/city/edit.html'),
(305, 1, 'ztao', 1467366588, '192.168.80.1', 1, '提示语：提交成功模块：Admin, 控制器：City, 方法：edit请求方式：Ajax', 'http://manage.92ws.co/city/edit.html'),
(306, 1, 'ztao', 1467366599, '192.168.80.1', 1, '提示语：提交成功模块：Admin, 控制器：City, 方法：edit请求方式：Ajax', 'http://manage.92ws.co/city/edit.html'),
(307, 1, 'ztao', 1467366609, '192.168.80.1', 1, '提示语：提交成功模块：Admin, 控制器：City, 方法：edit请求方式：Ajax', 'http://manage.92ws.co/city/edit.html'),
(308, 1, 'ztao', 1467366624, '192.168.80.1', 1, '提示语：提交成功模块：Admin, 控制器：City, 方法：edit请求方式：Ajax', 'http://manage.92ws.co/city/edit.html'),
(309, 1, 'ztao', 1467366639, '192.168.80.1', 1, '提示语：提交成功模块：Admin, 控制器：City, 方法：edit请求方式：Ajax', 'http://manage.92ws.co/city/edit.html'),
(310, 1, 'ztao', 1467366652, '192.168.80.1', 1, '提示语：提交成功模块：Admin, 控制器：City, 方法：edit请求方式：Ajax', 'http://manage.92ws.co/city/edit.html'),
(311, 1, 'ztao', 1467366664, '192.168.80.1', 1, '提示语：提交成功模块：Admin, 控制器：City, 方法：edit请求方式：Ajax', 'http://manage.92ws.co/city/edit.html'),
(312, 1, 'ztao', 1467366674, '192.168.80.1', 1, '提示语：提交成功模块：Admin, 控制器：City, 方法：edit请求方式：Ajax', 'http://manage.92ws.co/city/edit.html'),
(313, 1, 'ztao', 1467366687, '192.168.80.1', 1, '提示语：提交成功模块：Admin, 控制器：City, 方法：edit请求方式：Ajax', 'http://manage.92ws.co/city/edit.html'),
(314, 1, 'ztao', 1467366692, '192.168.80.1', 1, '提示语：提交成功模块：Admin, 控制器：City, 方法：edit请求方式：Ajax', 'http://manage.92ws.co/city/edit.html'),
(315, 1, 'ztao', 1467366702, '192.168.80.1', 1, '提示语：提交成功模块：Admin, 控制器：City, 方法：edit请求方式：Ajax', 'http://manage.92ws.co/city/edit.html'),
(316, 1, 'ztao', 1467366709, '192.168.80.1', 1, '提示语：提交成功模块：Admin, 控制器：City, 方法：edit请求方式：Ajax', 'http://manage.92ws.co/city/edit.html'),
(317, 1, 'ztao', 1467366717, '192.168.80.1', 1, '提示语：提交成功模块：Admin, 控制器：City, 方法：edit请求方式：Ajax', 'http://manage.92ws.co/city/edit.html'),
(318, 1, 'ztao', 1467366724, '192.168.80.1', 1, '提示语：提交成功模块：Admin, 控制器：City, 方法：edit请求方式：Ajax', 'http://manage.92ws.co/city/edit.html'),
(319, 1, 'ztao', 1467366757, '192.168.80.1', 1, '提示语：提交成功模块：Admin, 控制器：City, 方法：edit请求方式：Ajax', 'http://manage.92ws.co/city/edit.html'),
(320, 1, 'ztao', 1467366764, '192.168.80.1', 1, '提示语：提交成功模块：Admin, 控制器：City, 方法：edit请求方式：Ajax', 'http://manage.92ws.co/city/edit.html'),
(321, 1, 'ztao', 1467366776, '192.168.80.1', 1, '提示语：提交成功模块：Admin, 控制器：City, 方法：edit请求方式：Ajax', 'http://manage.92ws.co/city/edit.html'),
(322, 1, 'ztao', 1467366785, '192.168.80.1', 1, '提示语：提交成功模块：Admin, 控制器：City, 方法：edit请求方式：Ajax', 'http://manage.92ws.co/city/edit.html'),
(323, 1, 'ztao', 1467366803, '192.168.80.1', 1, '提示语：提交成功模块：Admin, 控制器：City, 方法：edit请求方式：Ajax', 'http://manage.92ws.co/city/edit.html'),
(324, 1, 'ztao', 1467366816, '192.168.80.1', 1, '提示语：提交成功模块：Admin, 控制器：City, 方法：edit请求方式：Ajax', 'http://manage.92ws.co/city/edit.html'),
(325, 1, 'ztao', 1467366828, '192.168.80.1', 1, '提示语：提交成功模块：Admin, 控制器：City, 方法：edit请求方式：Ajax', 'http://manage.92ws.co/city/edit.html'),
(326, 1, 'ztao', 1467366838, '192.168.80.1', 1, '提示语：提交成功模块：Admin, 控制器：City, 方法：edit请求方式：Ajax', 'http://manage.92ws.co/city/edit.html'),
(327, 1, 'ztao', 1467366848, '192.168.80.1', 1, '提示语：提交成功模块：Admin, 控制器：City, 方法：edit请求方式：Ajax', 'http://manage.92ws.co/city/edit.html'),
(328, 1, 'ztao', 1467366855, '192.168.80.1', 1, '提示语：提交成功模块：Admin, 控制器：City, 方法：edit请求方式：Ajax', 'http://manage.92ws.co/city/edit.html'),
(329, 1, 'ztao', 1467366863, '192.168.80.1', 1, '提示语：提交成功模块：Admin, 控制器：City, 方法：edit请求方式：Ajax', 'http://manage.92ws.co/city/edit.html'),
(330, 1, 'ztao', 1467366873, '192.168.80.1', 1, '提示语：提交成功模块：Admin, 控制器：City, 方法：edit请求方式：Ajax', 'http://manage.92ws.co/city/edit.html'),
(331, 1, 'ztao', 1467366895, '192.168.80.1', 1, '提示语：提交成功模块：Admin, 控制器：City, 方法：edit请求方式：Ajax', 'http://manage.92ws.co/city/edit.html'),
(332, 1, 'ztao', 1467366904, '192.168.80.1', 1, '提示语：提交成功模块：Admin, 控制器：City, 方法：edit请求方式：Ajax', 'http://manage.92ws.co/city/edit.html'),
(333, 1, 'ztao', 1467366916, '192.168.80.1', 1, '提示语：提交成功模块：Admin, 控制器：City, 方法：edit请求方式：Ajax', 'http://manage.92ws.co/city/edit.html'),
(334, 1, 'ztao', 1467366925, '192.168.80.1', 1, '提示语：提交成功模块：Admin, 控制器：City, 方法：edit请求方式：Ajax', 'http://manage.92ws.co/city/edit.html'),
(335, 1, 'ztao', 1467366937, '192.168.80.1', 1, '提示语：提交成功模块：Admin, 控制器：City, 方法：edit请求方式：Ajax', 'http://manage.92ws.co/city/edit.html'),
(336, 1, 'ztao', 1467366943, '192.168.80.1', 1, '提示语：提交成功模块：Admin, 控制器：City, 方法：edit请求方式：Ajax', 'http://manage.92ws.co/city/edit.html'),
(337, 1, 'ztao', 1467366951, '192.168.80.1', 1, '提示语：提交成功模块：Admin, 控制器：City, 方法：edit请求方式：Ajax', 'http://manage.92ws.co/city/edit.html'),
(338, 1, 'ztao', 1467366960, '192.168.80.1', 1, '提示语：提交成功模块：Admin, 控制器：City, 方法：edit请求方式：Ajax', 'http://manage.92ws.co/city/edit.html'),
(339, 1, 'ztao', 1467366967, '192.168.80.1', 1, '提示语：提交成功模块：Admin, 控制器：City, 方法：edit请求方式：Ajax', 'http://manage.92ws.co/city/edit.html'),
(340, 1, 'ztao', 1467366975, '192.168.80.1', 1, '提示语：提交成功模块：Admin, 控制器：City, 方法：edit请求方式：Ajax', 'http://manage.92ws.co/city/edit.html'),
(341, 1, 'ztao', 1467366992, '192.168.80.1', 1, '提示语：提交成功模块：Admin, 控制器：City, 方法：edit请求方式：Ajax', 'http://manage.92ws.co/city/edit.html'),
(342, 1, 'ztao', 1467367003, '192.168.80.1', 1, '提示语：提交成功模块：Admin, 控制器：City, 方法：edit请求方式：Ajax', 'http://manage.92ws.co/city/edit.html'),
(343, 1, 'ztao', 1467367013, '192.168.80.1', 1, '提示语：提交成功模块：Admin, 控制器：City, 方法：edit请求方式：Ajax', 'http://manage.92ws.co/city/edit.html'),
(344, 1, 'ztao', 1467367019, '192.168.80.1', 1, '提示语：提交成功模块：Admin, 控制器：City, 方法：edit请求方式：Ajax', 'http://manage.92ws.co/city/edit.html'),
(345, 1, 'ztao', 1467367026, '192.168.80.1', 1, '提示语：提交成功模块：Admin, 控制器：City, 方法：edit请求方式：Ajax', 'http://manage.92ws.co/city/edit.html'),
(346, 1, 'ztao', 1467367038, '192.168.80.1', 1, '提示语：提交成功模块：Admin, 控制器：City, 方法：edit请求方式：Ajax', 'http://manage.92ws.co/city/edit.html'),
(347, 1, 'ztao', 1467367049, '192.168.80.1', 1, '提示语：提交成功模块：Admin, 控制器：City, 方法：edit请求方式：Ajax', 'http://manage.92ws.co/city/edit.html'),
(348, 1, 'ztao', 1467367327, '192.168.80.1', 1, '提示语：提交成功模块：Admin, 控制器：City, 方法：edit请求方式：Ajax', 'http://manage.92ws.co/city/edit.html'),
(349, 1, 'ztao', 1467367335, '192.168.80.1', 1, '提示语：提交成功模块：Admin, 控制器：City, 方法：edit请求方式：Ajax', 'http://manage.92ws.co/city/edit.html'),
(350, 1, 'ztao', 1467367340, '192.168.80.1', 1, '提示语：提交成功模块：Admin, 控制器：City, 方法：edit请求方式：Ajax', 'http://manage.92ws.co/city/edit.html'),
(351, 1, 'ztao', 1467367363, '192.168.80.1', 1, '提示语：提交成功模块：Admin, 控制器：City, 方法：edit请求方式：Ajax', 'http://manage.92ws.co/city/edit.html'),
(352, 1, 'ztao', 1467367377, '192.168.80.1', 1, '提示语：提交成功模块：Admin, 控制器：City, 方法：edit请求方式：Ajax', 'http://manage.92ws.co/city/edit.html'),
(353, 1, 'ztao', 1467367389, '192.168.80.1', 1, '提示语：提交成功模块：Admin, 控制器：City, 方法：edit请求方式：Ajax', 'http://manage.92ws.co/city/edit.html'),
(354, 1, 'ztao', 1467367410, '192.168.80.1', 1, '提示语：提交成功模块：Admin, 控制器：City, 方法：edit请求方式：Ajax', 'http://manage.92ws.co/city/edit.html'),
(355, 1, 'ztao', 1467367938, '192.168.80.1', 1, '提示语：提交成功模块：Admin, 控制器：City, 方法：edit请求方式：Ajax', 'http://manage.92ws.co/city/edit.html'),
(356, 1, 'ztao', 1467367946, '192.168.80.1', 1, '提示语：提交成功模块：Admin, 控制器：City, 方法：edit请求方式：Ajax', 'http://manage.92ws.co/city/edit.html'),
(357, 1, 'ztao', 1467367955, '192.168.80.1', 1, '提示语：提交成功模块：Admin, 控制器：City, 方法：edit请求方式：Ajax', 'http://manage.92ws.co/city/edit.html'),
(358, 1, 'ztao', 1467367977, '192.168.80.1', 1, '提示语：提交成功模块：Admin, 控制器：City, 方法：edit请求方式：Ajax', 'http://manage.92ws.co/city/edit.html'),
(359, 1, 'ztao', 1467368000, '192.168.80.1', 1, '提示语：提交成功模块：Admin, 控制器：City, 方法：edit请求方式：Ajax', 'http://manage.92ws.co/city/edit.html'),
(360, 1, 'ztao', 1467368007, '192.168.80.1', 1, '提示语：提交成功模块：Admin, 控制器：City, 方法：edit请求方式：Ajax', 'http://manage.92ws.co/city/edit.html'),
(361, 1, 'ztao', 1467368014, '192.168.80.1', 1, '提示语：提交成功模块：Admin, 控制器：City, 方法：edit请求方式：Ajax', 'http://manage.92ws.co/city/edit.html'),
(362, 1, 'ztao', 1467368021, '192.168.80.1', 1, '提示语：提交成功模块：Admin, 控制器：City, 方法：edit请求方式：Ajax', 'http://manage.92ws.co/city/edit.html'),
(363, 1, 'ztao', 1467368035, '192.168.80.1', 1, '提示语：提交成功模块：Admin, 控制器：City, 方法：edit请求方式：Ajax', 'http://manage.92ws.co/city/edit.html'),
(364, 1, 'ztao', 1467368041, '192.168.80.1', 1, '提示语：提交成功模块：Admin, 控制器：City, 方法：edit请求方式：Ajax', 'http://manage.92ws.co/city/edit.html'),
(365, 1, 'ztao', 1467368049, '192.168.80.1', 1, '提示语：提交成功模块：Admin, 控制器：City, 方法：edit请求方式：Ajax', 'http://manage.92ws.co/city/edit.html'),
(366, 1, 'ztao', 1467368056, '192.168.80.1', 1, '提示语：提交成功模块：Admin, 控制器：City, 方法：edit请求方式：Ajax', 'http://manage.92ws.co/city/edit.html');
INSERT INTO `thank_operationlog` (`id`, `uid`, `username`, `time`, `ip`, `status`, `info`, `get`) VALUES
(367, 1, 'ztao', 1467368067, '192.168.80.1', 1, '提示语：提交成功模块：Admin, 控制器：City, 方法：edit请求方式：Ajax', 'http://manage.92ws.co/city/edit.html'),
(368, 1, 'ztao', 1467368078, '192.168.80.1', 1, '提示语：提交成功模块：Admin, 控制器：City, 方法：edit请求方式：Ajax', 'http://manage.92ws.co/city/edit.html'),
(369, 1, 'ztao', 1467368094, '192.168.80.1', 1, '提示语：提交成功模块：Admin, 控制器：City, 方法：edit请求方式：Ajax', 'http://manage.92ws.co/city/edit.html'),
(370, 1, 'ztao', 1467368105, '192.168.80.1', 1, '提示语：提交成功模块：Admin, 控制器：City, 方法：edit请求方式：Ajax', 'http://manage.92ws.co/city/edit.html'),
(371, 1, 'ztao', 1467368125, '192.168.80.1', 1, '提示语：提交成功模块：Admin, 控制器：City, 方法：edit请求方式：Ajax', 'http://manage.92ws.co/city/edit.html'),
(372, 1, 'ztao', 1467368134, '192.168.80.1', 1, '提示语：提交成功模块：Admin, 控制器：City, 方法：edit请求方式：Ajax', 'http://manage.92ws.co/city/edit.html'),
(373, 1, 'ztao', 1467368152, '192.168.80.1', 1, '提示语：提交成功模块：Admin, 控制器：City, 方法：edit请求方式：Ajax', 'http://manage.92ws.co/city/edit.html'),
(374, 1, 'ztao', 1467368957, '192.168.80.1', 1, '提示语：提交成功模块：Admin, 控制器：City, 方法：edit请求方式：Ajax', 'http://manage.92ws.co/city/edit.html'),
(375, 1, 'ztao', 1467369007, '192.168.80.1', 1, '提示语：提交成功模块：Admin, 控制器：City, 方法：edit请求方式：Ajax', 'http://manage.92ws.co/city/edit.html'),
(376, 1, 'ztao', 1467369023, '192.168.80.1', 1, '提示语：提交成功模块：Admin, 控制器：City, 方法：edit请求方式：Ajax', 'http://manage.92ws.co/city/edit.html'),
(377, 1, 'ztao', 1467369053, '192.168.80.1', 1, '提示语：提交成功模块：Admin, 控制器：City, 方法：edit请求方式：Ajax', 'http://manage.92ws.co/city/edit.html'),
(378, 1, 'ztao', 1467369061, '192.168.80.1', 1, '提示语：提交成功模块：Admin, 控制器：City, 方法：edit请求方式：Ajax', 'http://manage.92ws.co/city/edit.html'),
(379, 1, 'ztao', 1467369074, '192.168.80.1', 1, '提示语：提交成功模块：Admin, 控制器：City, 方法：edit请求方式：Ajax', 'http://manage.92ws.co/city/edit.html'),
(380, 1, 'ztao', 1467369101, '192.168.80.1', 1, '提示语：提交成功模块：Admin, 控制器：City, 方法：edit请求方式：Ajax', 'http://manage.92ws.co/city/edit.html'),
(381, 1, 'ztao', 1467369117, '192.168.80.1', 1, '提示语：提交成功模块：Admin, 控制器：City, 方法：edit请求方式：Ajax', 'http://manage.92ws.co/city/edit.html'),
(382, 1, 'ztao', 1467369126, '192.168.80.1', 1, '提示语：提交成功模块：Admin, 控制器：City, 方法：edit请求方式：Ajax', 'http://manage.92ws.co/city/edit.html'),
(383, 1, 'ztao', 1467369144, '192.168.80.1', 1, '提示语：提交成功模块：Admin, 控制器：City, 方法：edit请求方式：Ajax', 'http://manage.92ws.co/city/edit.html'),
(384, 1, 'ztao', 1467369156, '192.168.80.1', 1, '提示语：提交成功模块：Admin, 控制器：City, 方法：edit请求方式：Ajax', 'http://manage.92ws.co/city/edit.html'),
(385, 1, 'ztao', 1467369171, '192.168.80.1', 1, '提示语：提交成功模块：Admin, 控制器：City, 方法：edit请求方式：Ajax', 'http://manage.92ws.co/city/edit.html'),
(386, 1, 'ztao', 1467369179, '192.168.80.1', 1, '提示语：提交成功模块：Admin, 控制器：City, 方法：edit请求方式：Ajax', 'http://manage.92ws.co/city/edit.html'),
(387, 1, 'ztao', 1467369195, '192.168.80.1', 1, '提示语：提交成功模块：Admin, 控制器：City, 方法：edit请求方式：Ajax', 'http://manage.92ws.co/city/edit.html'),
(388, 1, 'ztao', 1467369204, '192.168.80.1', 1, '提示语：提交成功模块：Admin, 控制器：City, 方法：edit请求方式：Ajax', 'http://manage.92ws.co/city/edit.html'),
(389, 1, 'ztao', 1467369217, '192.168.80.1', 1, '提示语：提交成功模块：Admin, 控制器：City, 方法：edit请求方式：Ajax', 'http://manage.92ws.co/city/edit.html'),
(390, 1, 'ztao', 1467369224, '192.168.80.1', 1, '提示语：提交成功模块：Admin, 控制器：City, 方法：edit请求方式：Ajax', 'http://manage.92ws.co/city/edit.html'),
(391, 1, 'ztao', 1467369236, '192.168.80.1', 1, '提示语：提交成功模块：Admin, 控制器：City, 方法：edit请求方式：Ajax', 'http://manage.92ws.co/city/edit.html'),
(392, 1, 'ztao', 1467369250, '192.168.80.1', 1, '提示语：提交成功模块：Admin, 控制器：City, 方法：edit请求方式：Ajax', 'http://manage.92ws.co/city/edit.html'),
(393, 1, 'ztao', 1467369275, '192.168.80.1', 1, '提示语：提交成功模块：Admin, 控制器：City, 方法：edit请求方式：Ajax', 'http://manage.92ws.co/city/edit.html'),
(394, 1, 'ztao', 1467369300, '192.168.80.1', 1, '提示语：提交成功模块：Admin, 控制器：City, 方法：edit请求方式：Ajax', 'http://manage.92ws.co/city/edit.html'),
(395, 1, 'ztao', 1467369312, '192.168.80.1', 1, '提示语：提交成功模块：Admin, 控制器：City, 方法：edit请求方式：Ajax', 'http://manage.92ws.co/city/edit.html'),
(396, 1, 'ztao', 1467369321, '192.168.80.1', 1, '提示语：提交成功模块：Admin, 控制器：City, 方法：edit请求方式：Ajax', 'http://manage.92ws.co/city/edit.html'),
(397, 1, 'ztao', 1467369333, '192.168.80.1', 1, '提示语：提交成功模块：Admin, 控制器：City, 方法：edit请求方式：Ajax', 'http://manage.92ws.co/city/edit.html'),
(398, 1, 'ztao', 1467369358, '192.168.80.1', 1, '提示语：提交成功模块：Admin, 控制器：City, 方法：edit请求方式：Ajax', 'http://manage.92ws.co/city/edit.html'),
(399, 1, 'ztao', 1467369372, '192.168.80.1', 1, '提示语：提交成功模块：Admin, 控制器：City, 方法：edit请求方式：Ajax', 'http://manage.92ws.co/city/edit.html'),
(400, 1, 'ztao', 1467369419, '192.168.80.1', 1, '提示语：提交成功模块：Admin, 控制器：City, 方法：edit请求方式：Ajax', 'http://manage.92ws.co/city/edit.html'),
(401, 1, 'ztao', 1467369461, '192.168.80.1', 1, '提示语：提交成功模块：Admin, 控制器：City, 方法：edit请求方式：Ajax', 'http://manage.92ws.co/city/edit.html'),
(402, 1, 'ztao', 1467369481, '192.168.80.1', 1, '提示语：提交成功模块：Admin, 控制器：City, 方法：edit请求方式：Ajax', 'http://manage.92ws.co/city/edit.html'),
(403, 1, 'ztao', 1467369492, '192.168.80.1', 1, '提示语：提交成功模块：Admin, 控制器：City, 方法：edit请求方式：Ajax', 'http://manage.92ws.co/city/edit.html'),
(404, 1, 'ztao', 1467369505, '192.168.80.1', 1, '提示语：提交成功模块：Admin, 控制器：City, 方法：edit请求方式：Ajax', 'http://manage.92ws.co/city/edit.html'),
(405, 1, 'ztao', 1467369514, '192.168.80.1', 1, '提示语：提交成功模块：Admin, 控制器：City, 方法：edit请求方式：Ajax', 'http://manage.92ws.co/city/edit.html'),
(406, 1, 'ztao', 1467369523, '192.168.80.1', 1, '提示语：提交成功模块：Admin, 控制器：City, 方法：edit请求方式：Ajax', 'http://manage.92ws.co/city/edit.html'),
(407, 1, 'ztao', 1467369553, '192.168.80.1', 1, '提示语：提交成功模块：Admin, 控制器：City, 方法：edit请求方式：Ajax', 'http://manage.92ws.co/city/edit.html'),
(408, 1, 'ztao', 1467369572, '192.168.80.1', 1, '提示语：提交成功模块：Admin, 控制器：City, 方法：edit请求方式：Ajax', 'http://manage.92ws.co/city/edit.html'),
(409, 1, 'ztao', 1467369641, '192.168.80.1', 1, '提示语：提交成功模块：Admin, 控制器：City, 方法：edit请求方式：Ajax', 'http://manage.92ws.co/city/edit.html'),
(410, 1, 'ztao', 1467369673, '192.168.80.1', 1, '提示语：提交成功模块：Admin, 控制器：City, 方法：edit请求方式：Ajax', 'http://manage.92ws.co/city/edit.html'),
(411, 1, 'ztao', 1467369686, '192.168.80.1', 1, '提示语：提交成功模块：Admin, 控制器：City, 方法：edit请求方式：Ajax', 'http://manage.92ws.co/city/edit.html'),
(412, 1, 'ztao', 1467369701, '192.168.80.1', 1, '提示语：提交成功模块：Admin, 控制器：City, 方法：edit请求方式：Ajax', 'http://manage.92ws.co/city/edit/id/322.html'),
(413, 1, 'ztao', 1467369707, '192.168.80.1', 1, '提示语：提交成功模块：Admin, 控制器：City, 方法：edit请求方式：Ajax', 'http://manage.92ws.co/city/edit.html'),
(414, 1, 'ztao', 1467369713, '192.168.80.1', 1, '提示语：提交成功模块：Admin, 控制器：City, 方法：edit请求方式：Ajax', 'http://manage.92ws.co/city/edit.html'),
(415, 1, 'ztao', 1467369719, '192.168.80.1', 1, '提示语：提交成功模块：Admin, 控制器：City, 方法：edit请求方式：Ajax', 'http://manage.92ws.co/city/edit.html'),
(416, 1, 'ztao', 1467369724, '192.168.80.1', 1, '提示语：提交成功模块：Admin, 控制器：City, 方法：edit请求方式：Ajax', 'http://manage.92ws.co/city/edit.html'),
(417, 1, 'ztao', 1467369730, '192.168.80.1', 1, '提示语：提交成功模块：Admin, 控制器：City, 方法：edit请求方式：Ajax', 'http://manage.92ws.co/city/edit.html'),
(418, 1, 'ztao', 1467369736, '192.168.80.1', 1, '提示语：提交成功模块：Admin, 控制器：City, 方法：edit请求方式：Ajax', 'http://manage.92ws.co/city/edit.html'),
(419, 1, 'ztao', 1467369742, '192.168.80.1', 1, '提示语：提交成功模块：Admin, 控制器：City, 方法：edit请求方式：Ajax', 'http://manage.92ws.co/city/edit.html'),
(420, 1, 'ztao', 1467369757, '192.168.80.1', 1, '提示语：提交成功模块：Admin, 控制器：City, 方法：edit请求方式：Ajax', 'http://manage.92ws.co/city/edit.html'),
(421, 1, 'ztao', 1467369766, '192.168.80.1', 1, '提示语：提交成功模块：Admin, 控制器：City, 方法：edit请求方式：Ajax', 'http://manage.92ws.co/city/edit.html'),
(422, 1, 'ztao', 1467369787, '192.168.80.1', 1, '提示语：提交成功模块：Admin, 控制器：City, 方法：edit请求方式：Ajax', 'http://manage.92ws.co/city/edit/id/331.html'),
(423, 1, 'ztao', 1467369791, '192.168.80.1', 1, '提示语：提交成功模块：Admin, 控制器：City, 方法：edit请求方式：Ajax', 'http://manage.92ws.co/city/edit/id/330.html'),
(424, 1, 'ztao', 1467369811, '192.168.80.1', 1, '提示语：提交成功模块：Admin, 控制器：City, 方法：edit请求方式：Ajax', 'http://manage.92ws.co/city/edit.html'),
(425, 1, 'ztao', 1467369876, '192.168.80.1', 1, '提示语：提交成功模块：Admin, 控制器：City, 方法：edit请求方式：Ajax', 'http://manage.92ws.co/city/edit.html'),
(426, 1, 'ztao', 1467369881, '192.168.80.1', 1, '提示语：提交成功模块：Admin, 控制器：City, 方法：edit请求方式：Ajax', 'http://manage.92ws.co/city/edit.html'),
(427, 1, 'ztao', 1467369886, '192.168.80.1', 1, '提示语：提交成功模块：Admin, 控制器：City, 方法：edit请求方式：Ajax', 'http://manage.92ws.co/city/edit.html'),
(428, 1, 'ztao', 1467369891, '192.168.80.1', 1, '提示语：提交成功模块：Admin, 控制器：City, 方法：edit请求方式：Ajax', 'http://manage.92ws.co/city/edit.html'),
(429, 1, 'ztao', 1467369897, '192.168.80.1', 1, '提示语：提交成功模块：Admin, 控制器：City, 方法：edit请求方式：Ajax', 'http://manage.92ws.co/city/edit.html'),
(430, 1, 'ztao', 1467369903, '192.168.80.1', 1, '提示语：提交成功模块：Admin, 控制器：City, 方法：edit请求方式：Ajax', 'http://manage.92ws.co/city/edit.html'),
(431, 1, 'ztao', 1467369921, '192.168.80.1', 1, '提示语：提交成功模块：Admin, 控制器：City, 方法：edit请求方式：Ajax', 'http://manage.92ws.co/city/edit.html'),
(432, 1, 'ztao', 1467369931, '192.168.80.1', 1, '提示语：提交成功模块：Admin, 控制器：City, 方法：edit请求方式：Ajax', 'http://manage.92ws.co/city/edit.html'),
(433, 1, 'ztao', 1467369949, '192.168.80.1', 1, '提示语：提交成功模块：Admin, 控制器：City, 方法：edit请求方式：Ajax', 'http://manage.92ws.co/city/edit.html'),
(434, 1, 'ztao', 1467369962, '192.168.80.1', 1, '提示语：提交成功模块：Admin, 控制器：City, 方法：edit请求方式：Ajax', 'http://manage.92ws.co/city/edit.html'),
(435, 1, 'ztao', 1467369974, '192.168.80.1', 1, '提示语：提交成功模块：Admin, 控制器：City, 方法：edit请求方式：Ajax', 'http://manage.92ws.co/city/edit.html'),
(436, 1, 'ztao', 1467369980, '192.168.80.1', 1, '提示语：提交成功模块：Admin, 控制器：City, 方法：edit请求方式：Ajax', 'http://manage.92ws.co/city/edit.html'),
(437, 1, 'ztao', 1467369996, '192.168.80.1', 1, '提示语：提交成功模块：Admin, 控制器：City, 方法：edit请求方式：Ajax', 'http://manage.92ws.co/city/edit.html'),
(438, 1, 'ztao', 1467370002, '192.168.80.1', 1, '提示语：提交成功模块：Admin, 控制器：City, 方法：edit请求方式：Ajax', 'http://manage.92ws.co/city/edit.html'),
(439, 1, 'ztao', 1467370010, '192.168.80.1', 1, '提示语：提交成功模块：Admin, 控制器：City, 方法：edit请求方式：Ajax', 'http://manage.92ws.co/city/edit/id/346.html'),
(440, 1, 'ztao', 1467370022, '192.168.80.1', 1, '提示语：提交成功模块：Admin, 控制器：City, 方法：edit请求方式：Ajax', 'http://manage.92ws.co/city/edit.html'),
(441, 1, 'ztao', 1467370033, '192.168.80.1', 1, '提示语：提交成功模块：Admin, 控制器：City, 方法：edit请求方式：Ajax', 'http://manage.92ws.co/city/edit.html'),
(442, 1, 'ztao', 1467371014, '192.168.80.1', 0, '提示语：所属城市不能为空！模块：Admin, 控制器：Area, 方法：edit请求方式：Ajax', 'http://manage.92ws.co/area/edit.html'),
(443, 1, 'ztao', 1467371074, '192.168.80.1', 1, '提示语：提交成功模块：Admin, 控制器：Area, 方法：edit请求方式：Ajax', 'http://manage.92ws.co/area/edit.html'),
(444, 1, 'ztao', 1467371564, '192.168.80.1', 1, '提示语：提交成功模块：Admin, 控制器：Menu, 方法：edit请求方式：Ajax', 'http://manage.92ws.co/menu/edit/parentid/25/menuid/4.html'),
(445, 1, 'ztao', 1467371654, '192.168.80.1', 1, '提示语：提交成功模块：Admin, 控制器：Menu, 方法：edit请求方式：Ajax', 'http://manage.92ws.co/menu/edit/parentid/85/menuid/4.html'),
(446, 1, 'ztao', 1467371693, '192.168.80.1', 1, '提示语：删除登陆日志成功！模块：Admin, 控制器：Logs, 方法：deleteloginlog请求方式：GET', 'http://manage.92ws.co/logs/memberloginlog/menuid/85/p/1.html'),
(447, 1, 'ztao', 1467371766, '192.168.80.1', 1, '提示语：删除登陆日志成功！模块：Admin, 控制器：Logs, 方法：deleteloginlog请求方式：GET', 'http://manage.92ws.co/logs/loginlog.html'),
(448, 1, 'ztao', 1467371778, '192.168.80.1', 1, '提示语：删除登陆日志成功！模块：Admin, 控制器：Logs, 方法：deleteloginlog请求方式：GET', 'http://manage.92ws.co/logs/memberloginlog/menuid/85.html'),
(449, 1, 'ztao', 1467371865, '192.168.80.1', 1, '提示语：删除操作日志成功！模块：Admin, 控制器：Logs, 方法：deletememberloginlog请求方式：GET', 'http://manage.92ws.co/logs/memberloginlog/menuid/85.html'),
(450, 0, '', 1468214819, '192.168.80.1', 0, '提示语：用户名或者密码错误，登陆失败！模块：Admin, 控制器：Public, 方法：dologin请求方式：Ajax', 'http://manage.92ws.co/public/login.html'),
(451, 1, 'ztao', 1468214826, '192.168.80.1', 1, '提示语：登陆成功！模块：Admin, 控制器：Public, 方法：dologin请求方式：Ajax', 'http://manage.92ws.co/public/login.html'),
(452, 1, 'ztao', 1468237351, '192.168.80.1', 1, '提示语：提交成功模块：Admin, 控制器：Menu, 方法：edit请求方式：Ajax', 'http://manage.92ws.co/menu/edit/parentid/30/menuid/4.html'),
(453, 1, 'ztao', 1468237622, '192.168.80.1', 1, '提示语：提交成功模块：Admin, 控制器：Menu, 方法：edit请求方式：Ajax', 'http://manage.92ws.co/menu/edit/id/87/menuid/4.html'),
(454, 1, 'ztao', 1468237672, '192.168.80.1', 1, '提示语：提交成功模块：Admin, 控制器：Menu, 方法：edit请求方式：Ajax', 'http://manage.92ws.co/menu/edit/parentid/87/menuid/4.html'),
(455, 1, 'ztao', 1468237709, '192.168.80.1', 1, '提示语：删除成功模块：Admin, 控制器：Menu, 方法：delete请求方式：Ajax', 'http://manage.92ws.co/menu/index/menuid/4.html'),
(456, 1, 'ztao', 1468237900, '192.168.80.1', 1, '提示语：提交成功模块：Admin, 控制器：Menu, 方法：edit请求方式：Ajax', 'http://manage.92ws.co/menu/edit/id/87/menuid/4.html'),
(457, 1, 'ztao', 1468237937, '192.168.80.1', 0, '提示语：没有指定会员ID模块：Admin, 控制器：Member, 方法：viplist请求方式：GET', 'http://manage.92ws.co/'),
(458, 1, 'ztao', 1468238086, '192.168.80.1', 0, '提示语：没有指定会员ID模块：Admin, 控制器：Member, 方法：viplist请求方式：GET', 'http://manage.92ws.co/'),
(459, 1, 'ztao', 1468238301, '192.168.80.1', 0, '提示语：没有指定会员ID模块：Admin, 控制器：Member, 方法：viplist请求方式：GET', 'http://manage.92ws.co/member/viplog.html'),
(460, 1, 'ztao', 1468396106, '192.168.80.1', 1, '提示语：登陆成功！模块：Admin, 控制器：Public, 方法：dologin请求方式：Ajax', 'http://manage.92ws.co/public/login.html'),
(461, 1, 'ztao', 1468396384, '192.168.80.1', 1, '提示语：审核成功模块：Admin, 控制器：Public, 方法：payback请求方式：GET', 'http://manage.92ws.co/member/viplog.html'),
(462, 0, '', 1468398341, '192.168.80.1', 1, '提示语：审核成功模块：Admin, 控制器：Public, 方法：payback请求方式：GET', ''),
(463, 0, '', 1468398345, '192.168.80.1', 0, '提示语：已经通过审核模块：Admin, 控制器：Public, 方法：payback请求方式：GET', 'http://manage.92ws.co/public/payback?member_id=10004&token=3f4214ec43c609261776b87243052ef0'),
(464, 0, '', 1468415139, '127.0.0.1', 1, '提示语：审核成功模块：Admin, 控制器：Public, 方法：payback请求方式：GET', ''),
(465, 0, '', 1468415142, '127.0.0.1', 0, '提示语：已经通过审核模块：Admin, 控制器：Public, 方法：payback请求方式：GET', 'http://manage.92ws.co/public/payback?member_id=10004&token=6264928e67110cc2075a194c3423af52'),
(466, 0, '', 1468501463, '101.226.33.216', 1, '提示语：审核成功模块：Admin, 控制器：Public, 方法：payback请求方式：GET', ''),
(467, 0, '', 1468501464, '58.243.250.220', 0, '提示语：已经通过审核模块：Admin, 控制器：Public, 方法：payback请求方式：GET', ''),
(468, 0, '', 1468501470, '180.153.161.55', 0, '提示语：已经通过审核模块：Admin, 控制器：Public, 方法：payback请求方式：GET', ''),
(469, 0, '', 1468501487, '101.226.51.228', 1, '提示语：审核成功模块：Admin, 控制器：Public, 方法：payback请求方式：GET', ''),
(470, 0, '', 1468501487, '114.111.166.5', 1, '提示语：审核成功模块：Admin, 控制器：Public, 方法：payback请求方式：GET', ''),
(471, 0, '', 1468501487, '101.226.89.115', 0, '提示语：已经通过审核模块：Admin, 控制器：Public, 方法：payback请求方式：GET', ''),
(472, 0, '', 1468501491, '114.111.166.5', 0, '提示语：已经通过审核模块：Admin, 控制器：Public, 方法：payback请求方式：GET', 'http://manage.92ws.cn/public/payback?member_id=10000&token=4d780b7bbb38078b9fb3b7cbe1597e9f'),
(473, 1, 'ztao', 1468501714, '114.111.166.5', 1, '提示语：登陆成功！模块：Admin, 控制器：Public, 方法：dologin请求方式：Ajax', 'http://manage.92ws.cn/public/login.html'),
(474, 1, 'ztao', 1468501740, '114.111.166.5', 1, '提示语：提交成功模块：Admin, 控制器：City, 方法：edit请求方式：Ajax', 'http://manage.92ws.cn/city/edit.html'),
(475, 1, 'ztao', 1468502060, '114.111.166.5', 1, '提示语：提交成功模块：Admin, 控制器：City, 方法：edit请求方式：Ajax', 'http://manage.92ws.cn/city/edit.html'),
(476, 1, 'ztao', 1468502631, '114.111.166.5', 1, '提示语：提交成功模块：Admin, 控制器：City, 方法：edit请求方式：Ajax', 'http://manage.92ws.cn/city/edit.html'),
(477, 1, 'ztao', 1468502866, '114.111.166.5', 1, '提示语：提交成功模块：Admin, 控制器：City, 方法：edit请求方式：Ajax', 'http://manage.92ws.cn/city/edit.html'),
(478, 1, 'ztao', 1468503374, '114.111.166.5', 1, '提示语：提交成功模块：Admin, 控制器：City, 方法：edit请求方式：Ajax', 'http://manage.92ws.cn/city/edit.html'),
(479, 0, '', 1468653338, '180.153.206.20', 1, '提示语：审核成功模块：Admin, 控制器：Public, 方法：payback请求方式：GET', ''),
(480, 0, '', 1468653338, '114.111.166.5', 0, '提示语：已经通过审核模块：Admin, 控制器：Public, 方法：payback请求方式：GET', ''),
(481, 0, '', 1468653347, '180.153.214.182', 0, '提示语：已经通过审核模块：Admin, 控制器：Public, 方法：payback请求方式：GET', ''),
(482, 0, '', 1468653355, '114.111.166.5', 1, '提示语：审核成功模块：Admin, 控制器：Public, 方法：payback请求方式：GET', ''),
(483, 0, '', 1468653355, '101.226.66.174', 0, '提示语：已经通过审核模块：Admin, 控制器：Public, 方法：payback请求方式：GET', ''),
(484, 0, '', 1468653359, '114.111.166.5', 0, '提示语：已经通过审核模块：Admin, 控制器：Public, 方法：payback请求方式：GET', 'http://manage.92ws.cn/public/payback?member_id=10004&token=806f08ba0e59f16d9c4e9ea33314b122'),
(485, 0, '', 1468653362, '101.226.65.102', 0, '提示语：已经通过审核模块：Admin, 控制器：Public, 方法：payback请求方式：GET', ''),
(486, 0, '', 1468821229, '116.228.88.119', 0, '提示语：验证码错误，请重新输入！模块：Admin, 控制器：Public, 方法：dologin请求方式：Ajax', 'http://manage.92ws.cn/public/login.html'),
(487, 1, 'ztao', 1468821235, '116.228.88.119', 1, '提示语：登陆成功！模块：Admin, 控制器：Public, 方法：dologin请求方式：Ajax', 'http://manage.92ws.cn/public/login.html'),
(488, 1, 'ztao', 1468821447, '116.228.88.119', 1, '提示语：登陆成功！模块：Admin, 控制器：Public, 方法：dologin请求方式：Ajax', 'http://manage.92ws.cn/public/login.html'),
(489, 1, 'ztao', 1468826323, '116.228.88.119', 1, '提示语：登陆成功！模块：Admin, 控制器：Public, 方法：dologin请求方式：Ajax', 'http://manage.92ws.cn/public/login.html'),
(490, 0, '', 1468836621, '116.228.88.119', 0, '提示语：验证码错误，请重新输入！模块：Admin, 控制器：Public, 方法：dologin请求方式：Ajax', 'http://manage.92ws.cn/public/login.html'),
(491, 1, 'ztao', 1468836627, '116.228.88.119', 1, '提示语：登陆成功！模块：Admin, 控制器：Public, 方法：dologin请求方式：Ajax', 'http://manage.92ws.cn/public/login.html'),
(492, 1, 'ztao', 1468848023, '114.111.166.5', 1, '提示语：登陆成功！模块：Admin, 控制器：Public, 方法：dologin请求方式：Ajax', 'http://manage.92ws.cn/public/login.html'),
(493, 1, 'ztao', 1468892135, '116.228.88.119', 1, '提示语：登陆成功！模块：Admin, 控制器：Public, 方法：dologin请求方式：Ajax', 'http://manage.92ws.cn/public/login.html'),
(494, 0, '', 1468910543, '116.228.88.119', 0, '提示语：验证码错误，请重新输入！模块：Admin, 控制器：Public, 方法：dologin请求方式：Ajax', 'http://manage.92ws.cn/public/login.html'),
(495, 1, 'ztao', 1468910548, '116.228.88.119', 1, '提示语：登陆成功！模块：Admin, 控制器：Public, 方法：dologin请求方式：Ajax', 'http://manage.92ws.cn/public/login.html'),
(496, 1, 'ztao', 1468923339, '116.228.88.119', 1, '提示语：登陆成功！模块：Admin, 控制器：Public, 方法：dologin请求方式：Ajax', 'http://manage.92ws.cn/public/login.html'),
(497, 0, '', 1468937609, '114.111.166.5', 0, '提示语：验证码错误，请重新输入！模块：Admin, 控制器：Public, 方法：dologin请求方式：Ajax', 'http://manage.92ws.cn/public/login.html'),
(498, 1, 'ztao', 1468937613, '114.111.166.5', 1, '提示语：登陆成功！模块：Admin, 控制器：Public, 方法：dologin请求方式：Ajax', 'http://manage.92ws.cn/public/login.html'),
(499, 1, 'ztao', 1468984795, '116.228.88.119', 1, '提示语：登陆成功！模块：Admin, 控制器：Public, 方法：dologin请求方式：Ajax', 'http://manage.92ws.cn/public/login.html'),
(500, 1, 'ztao', 1469080621, '116.228.88.119', 1, '提示语：登陆成功！模块：Admin, 控制器：Public, 方法：dologin请求方式：Ajax', 'http://manage.92ws.cn/public/login.html'),
(501, 0, '', 1469089478, '116.228.88.119', 0, '提示语：验证码错误，请重新输入！模块：Admin, 控制器：Public, 方法：dologin请求方式：Ajax', 'http://manage.92ws.cn/public/login.html'),
(502, 1, 'ztao', 1469089482, '116.228.88.119', 1, '提示语：登陆成功！模块：Admin, 控制器：Public, 方法：dologin请求方式：Ajax', 'http://manage.92ws.cn/public/login.html'),
(503, 0, '', 1469110682, '114.111.166.5', 0, '提示语：验证码错误，请重新输入！模块：Admin, 控制器：Public, 方法：dologin请求方式：Ajax', 'http://manage.92ws.cn/public/login.html'),
(504, 1, 'ztao', 1469110688, '114.111.166.5', 1, '提示语：登陆成功！模块：Admin, 控制器：Public, 方法：dologin请求方式：Ajax', 'http://manage.92ws.cn/public/login.html'),
(505, 1, 'ztao', 1469110720, '114.111.166.5', 1, '提示语：提交成功模块：Admin, 控制器：City, 方法：edit请求方式：Ajax', 'http://manage.92ws.cn/city/edit.html'),
(506, 1, 'ztao', 1469244030, '183.167.211.5', 1, '提示语：登陆成功！模块：Admin, 控制器：Public, 方法：dologin请求方式：Ajax', 'http://manage.92ws.cn/public/login.html'),
(507, 1, 'ztao', 1469411613, '116.228.88.119', 1, '提示语：登陆成功！模块：Admin, 控制器：Public, 方法：dologin请求方式：Ajax', 'http://manage.92ws.cn/public/login.html'),
(508, 1, 'ztao', 1469590047, '116.228.88.119', 1, '提示语：登陆成功！模块：Admin, 控制器：Public, 方法：dologin请求方式：Ajax', 'http://manage.92ws.cn/public/login.html'),
(509, 1, 'ztao', 1469591295, '116.228.88.119', 1, '提示语：登陆成功！模块：Admin, 控制器：Public, 方法：dologin请求方式：Ajax', 'http://manage.92ws.cn/public/login.html'),
(510, 1, 'ztao', 1469591355, '116.228.88.119', 1, '提示语：授权成功模块：Admin, 控制器：Role, 方法：authorize请求方式：Ajax', 'http://manage.92ws.cn/role/authorize/id/2.html'),
(511, 1, 'ztao', 1469591398, '116.228.88.119', 1, '提示语：提交成功模块：Admin, 控制器：User, 方法：edit请求方式：Ajax', 'http://manage.92ws.cn/user/edit/id/2.html'),
(512, 0, '', 1469591402, '116.228.88.119', 1, '提示语：注销成功！模块：Admin, 控制器：Public, 方法：logout请求方式：GET', 'http://manage.92ws.cn/'),
(513, 2, 'admin', 1469591411, '116.228.88.119', 1, '提示语：登陆成功！模块：Admin, 控制器：Public, 方法：dologin请求方式：Ajax', 'http://manage.92ws.cn/public/login.html'),
(514, 2, 'admin', 1469591427, '116.228.88.119', 0, '提示语：验证码错误，请重新输入！模块：Admin, 控制器：Public, 方法：dologin请求方式：Ajax', 'http://manage.92ws.cn/public/login.html'),
(515, 1, 'ztao', 1469591437, '116.228.88.119', 1, '提示语：登陆成功！模块：Admin, 控制器：Public, 方法：dologin请求方式：Ajax', 'http://manage.92ws.cn/public/login.html'),
(516, 1, 'ztao', 1469591461, '116.228.88.119', 0, '提示语：模块：Admin, 控制器：Role, 方法：authorize请求方式：Ajax', 'http://manage.92ws.cn/role/authorize/id/2.html'),
(517, 0, '', 1469591467, '116.228.88.119', 1, '提示语：注销成功！模块：Admin, 控制器：Public, 方法：logout请求方式：GET', 'http://manage.92ws.cn/'),
(518, 2, 'admin', 1469591475, '116.228.88.119', 1, '提示语：登陆成功！模块：Admin, 控制器：Public, 方法：dologin请求方式：Ajax', 'http://manage.92ws.cn/public/login.html'),
(519, 2, 'admin', 1469591481, '116.228.88.119', 0, '提示语：验证码错误，请重新输入！模块：Admin, 控制器：Public, 方法：dologin请求方式：Ajax', 'http://manage.92ws.cn/public/login.html'),
(520, 2, 'admin', 1469591486, '116.228.88.119', 0, '提示语：用户名或者密码错误，登陆失败！模块：Admin, 控制器：Public, 方法：dologin请求方式：Ajax', 'http://manage.92ws.cn/public/login.html'),
(521, 0, '', 1469591541, '116.228.88.119', 0, '提示语：验证码错误，请重新输入！模块：Admin, 控制器：Public, 方法：dologin请求方式：Ajax', 'http://manage.92ws.cn/public/login.html'),
(522, 1, 'ztao', 1469591548, '116.228.88.119', 1, '提示语：登陆成功！模块：Admin, 控制器：Public, 方法：dologin请求方式：Ajax', 'http://manage.92ws.cn/public/login.html'),
(523, 1, 'ztao', 1469591563, '116.228.88.119', 1, '提示语：刪除成功模块：Admin, 控制器：User, 方法：delete请求方式：Ajax', 'http://manage.92ws.cn/user/index/menuid/15.html'),
(524, 0, '', 1469591569, '116.228.88.119', 1, '提示语：注销成功！模块：Admin, 控制器：Public, 方法：logout请求方式：GET', 'http://manage.92ws.cn/'),
(525, 1, 'ztao', 1469591578, '116.228.88.119', 1, '提示语：登陆成功！模块：Admin, 控制器：Public, 方法：dologin请求方式：Ajax', 'http://manage.92ws.cn/public/login.html'),
(526, 0, '', 1469591581, '116.228.88.119', 1, '提示语：注销成功！模块：Admin, 控制器：Public, 方法：logout请求方式：GET', 'http://manage.92ws.cn/'),
(527, 0, '', 1469591593, '116.228.88.119', 0, '提示语：用户名或者密码错误，登陆失败！模块：Admin, 控制器：Public, 方法：dologin请求方式：Ajax', 'http://manage.92ws.cn/public/login.html'),
(528, 1, 'ztao', 1469626811, '183.167.211.6', 1, '提示语：登陆成功！模块：Admin, 控制器：Public, 方法：dologin请求方式：Ajax', 'http://manage.92ws.cn/public/login.html'),
(529, 1, 'ztao', 1469673726, '116.228.88.119', 1, '提示语：登陆成功！模块：Admin, 控制器：Public, 方法：dologin请求方式：Ajax', 'http://manage.92ws.cn/public/login.html'),
(530, 0, '', 1469954808, '114.111.166.5', 0, '提示语：验证码错误，请重新输入！模块：Admin, 控制器：Public, 方法：dologin请求方式：Ajax', 'http://manage.92ws.cn/public/login.html'),
(531, 1, 'ztao', 1469954812, '114.111.166.5', 1, '提示语：登陆成功！模块：Admin, 控制器：Public, 方法：dologin请求方式：Ajax', 'http://manage.92ws.cn/public/login.html'),
(532, 1, 'ztao', 1470037443, '116.228.88.119', 1, '提示语：登陆成功！模块：Admin, 控制器：Public, 方法：dologin请求方式：Ajax', 'http://manage.92ws.cn/public/login.html'),
(533, 1, 'ztao', 1470373424, '116.228.88.119', 1, '提示语：登陆成功！模块：Admin, 控制器：Public, 方法：dologin请求方式：Ajax', 'http://manage.92ws.cn/public/login.html'),
(534, 0, '', 1471491315, '211.144.206.242', 0, '提示语：用户名或者密码错误，登陆失败！模块：Admin, 控制器：Public, 方法：dologin请求方式：Ajax', 'http://manage.92ws.cn/public/login.html'),
(535, 0, '', 1471491322, '211.144.206.242', 0, '提示语：用户名或者密码错误，登陆失败！模块：Admin, 控制器：Public, 方法：dologin请求方式：Ajax', 'http://manage.92ws.cn/public/login.html'),
(536, 0, '', 1471491328, '211.144.206.242', 0, '提示语：请输入验证码！模块：Admin, 控制器：Public, 方法：dologin请求方式：Ajax', 'http://manage.92ws.cn/public/login.html'),
(537, 0, '', 1471491333, '211.144.206.242', 0, '提示语：验证码错误，请重新输入！模块：Admin, 控制器：Public, 方法：dologin请求方式：Ajax', 'http://manage.92ws.cn/public/login.html'),
(538, 1, 'ztao', 1471491338, '211.144.206.242', 1, '提示语：登陆成功！模块：Admin, 控制器：Public, 方法：dologin请求方式：Ajax', 'http://manage.92ws.cn/public/login.html'),
(539, 1, 'ztao', 1474126660, '183.167.211.66', 1, '提示语：登陆成功！模块：Admin, 控制器：Public, 方法：dologin请求方式：Ajax', 'http://manage.92ws.cn/public/login.html'),
(540, 0, '', 1479198865, '116.228.88.119', 0, '提示语：用户名或者密码错误，登陆失败！模块：Admin, 控制器：Public, 方法：dologin请求方式：Ajax', 'http://92ws.cn/admin/public/login.html'),
(541, 1, 'ztao', 1479198877, '116.228.88.119', 1, '提示语：登陆成功！模块：Admin, 控制器：Public, 方法：dologin请求方式：Ajax', 'http://92ws.cn/admin/public/login.html'),
(542, 1, 'ztao', 1484275173, '116.228.88.119', 1, '提示语：登陆成功！模块：Admin, 控制器：Public, 方法：dologin请求方式：Ajax', 'http://manage.92ws.cn/public/login.html'),
(543, 1, 'ztao', 1486704140, '116.228.88.119', 1, '提示语：登陆成功！模块：Admin, 控制器：Public, 方法：dologin请求方式：Ajax', 'http://manage.92ws.cn/public/login.html'),
(544, 1, 'ztao', 1486706389, '116.228.88.119', 1, '提示语：提交成功模块：Admin, 控制器：Menu, 方法：edit请求方式：Ajax', 'http://manage.92ws.cn/menu/edit/parentid/2/menuid/4.html'),
(545, 1, 'ztao', 1486706401, '116.228.88.119', 1, '提示语：删除成功模块：Admin, 控制器：Menu, 方法：delete请求方式：Ajax', 'http://manage.92ws.cn/menu/index/menuid/4.html');

-- --------------------------------------------------------

--
-- 表的结构 `thank_order`
--

CREATE TABLE IF NOT EXISTS `thank_order` (
  `id` int(11) unsigned NOT NULL COMMENT 'ID',
  `member_id` int(11) NOT NULL DEFAULT '0' COMMENT '会员ID',
  `agent_id` int(11) unsigned NOT NULL DEFAULT '0' COMMENT '下单代理',
  `address_id` int(11) NOT NULL DEFAULT '0' COMMENT '地址',
  `amount` decimal(10,2) NOT NULL DEFAULT '0.00' COMMENT '订单总价',
  `cost` decimal(10,2) NOT NULL DEFAULT '0.00' COMMENT '成本',
  `postage` decimal(10,2) NOT NULL DEFAULT '0.00' COMMENT '邮费',
  `self_postage` tinyint(1) unsigned NOT NULL DEFAULT '0' COMMENT '是否包邮',
  `profit` decimal(10,2) NOT NULL DEFAULT '0.00' COMMENT '利润',
  `express_id` int(11) unsigned NOT NULL DEFAULT '0' COMMENT '快递名称',
  `express_no` varchar(100) NOT NULL DEFAULT '' COMMENT '快递单号',
  `status` tinyint(1) unsigned NOT NULL DEFAULT '0' COMMENT '订单状态0已删除1待付款2待发货3已发货4交易完成5已退款6已退货7交易关闭',
  `isdel` tinyint(1) NOT NULL DEFAULT '0' COMMENT '是否删除',
  `remark` varchar(1000) NOT NULL DEFAULT '' COMMENT '备注',
  `update_time` int(11) unsigned NOT NULL DEFAULT '0' COMMENT '更新时间',
  `create_time` int(11) unsigned NOT NULL DEFAULT '0' COMMENT '创建时间'
) ENGINE=InnoDB AUTO_INCREMENT=353 DEFAULT CHARSET=utf8 COMMENT='商品表';

--
-- 转存表中的数据 `thank_order`
--

INSERT INTO `thank_order` (`id`, `member_id`, `agent_id`, `address_id`, `amount`, `cost`, `postage`, `self_postage`, `profit`, `express_id`, `express_no`, `status`, `isdel`, `remark`, `update_time`, `create_time`) VALUES
(31, 10004, 10, 10, '400.00', '120.00', '0.00', 0, '280.00', 0, '', 3, 0, '', 1433136475, 1433136475),
(32, 10004, 10, 10, '10900.00', '4740.00', '0.00', 0, '6160.00', 0, '', 3, 0, '', 1433136592, 1433136592),
(33, 10004, 8, 8, '1601.00', '989.00', '0.00', 0, '612.00', 0, '', 3, 0, '', 1433222992, 1433222992),
(34, 10004, 6, 7, '14.00', '12.00', '0.00', 0, '2.00', 0, '', 3, 0, '', 1433222992, 1433222992),
(35, 10004, 11, 11, '198.00', '75.00', '0.00', 0, '123.00', 0, '', 3, 0, '', 1433222992, 1433222992),
(36, 10004, 6, 7, '140.00', '120.00', '0.00', 0, '20.00', 0, '', 3, 0, '', 1433395963, 1433395963),
(37, 10004, 7, 6, '100.00', '80.00', '0.00', 0, '20.00', 0, '', 3, 0, '', 1433482363, 1433482363),
(38, 10004, 9, 9, '2200.00', '1150.00', '0.00', 0, '1050.00', 0, '', 3, 0, '', 1433568763, 1433568763),
(39, 10004, 9, 9, '1130.00', '545.00', '0.00', 0, '585.00', 0, '', 3, 0, '', 1433741563, 1433741563),
(40, 10004, 9, 9, '1395.00', '755.00', '0.00', 0, '640.00', 0, '', 3, 0, '', 1433827963, 1433827963),
(41, 10004, 10, 10, '1136.00', '406.00', '0.00', 0, '730.00', 0, '', 3, 0, '', 1434000763, 1434000763),
(42, 10004, 9, 9, '552.00', '274.00', '0.00', 0, '278.00', 0, '', 3, 0, '', 1434346363, 1434346363),
(43, 10004, 8, 8, '717.00', '405.00', '0.00', 0, '312.00', 0, '', 3, 0, '', 1434519163, 1434519163),
(44, 10004, 8, 8, '1190.00', '737.00', '0.00', 0, '453.00', 0, '', 3, 0, '', 1435210363, 1435210363),
(45, 10004, 8, 8, '918.00', '572.00', '0.00', 0, '346.00', 0, '', 3, 0, '', 1435469563, 1435469563),
(46, 10004, 9, 9, '605.00', '298.00', '0.00', 0, '307.00', 0, '', 3, 0, '', 1435729136, 1435729136),
(47, 10004, 6, 7, '518.00', '386.00', '0.00', 0, '132.00', 0, '', 3, 0, '', 1435815536, 1435815536),
(48, 10004, 6, 7, '378.00', '285.00', '0.00', 0, '93.00', 0, '', 3, 0, '', 1435988336, 1435988336),
(49, 10004, 9, 9, '545.00', '273.00', '0.00', 0, '272.00', 0, '', 3, 0, '', 1436506736, 1436506736),
(50, 10004, 7, 6, '7195.50', '6114.00', '0.00', 0, '1081.50', 0, '', 3, 0, '', 1436938736, 1436938736),
(51, 10004, 8, 8, '662.00', '401.00', '0.00', 0, '261.00', 0, '', 3, 0, '', 1437370736, 1437370736),
(52, 10004, 9, 9, '2221.00', '1087.00', '0.00', 0, '1134.00', 0, '', 3, 0, '', 1438234736, 1438234736),
(53, 10004, 8, 8, '909.00', '541.00', '0.00', 0, '368.00', 0, '', 3, 0, '', 1438493936, 1438493936),
(54, 10004, 8, 8, '462.00', '285.00', '0.00', 0, '177.00', 0, '', 3, 0, '', 1439185136, 1439185136),
(55, 10004, 10, 10, '976.00', '358.00', '0.00', 0, '618.00', 0, '', 3, 0, '', 1440049136, 1440049136),
(56, 10004, 11, 11, '2754.00', '645.00', '0.00', 0, '2109.00', 0, '', 3, 0, '', 1440481136, 1440481136),
(57, 10004, 7, 6, '1937.00', '1702.00', '0.00', 0, '235.00', 0, '', 3, 0, '', 1440567536, 1440567536),
(58, 10004, 9, 9, '619.00', '306.00', '0.00', 0, '313.00', 0, '', 3, 0, '', 1441172336, 1441172336),
(59, 10004, 8, 8, '768.00', '489.00', '0.00', 0, '279.00', 0, '', 3, 0, '', 1441690736, 1441690736),
(60, 10004, 10, 10, '3256.00', '1338.00', '0.00', 0, '1918.00', 0, '', 3, 0, '', 1443418736, 1443418736),
(61, 10004, 7, 6, '1248.00', '1068.00', '0.00', 0, '180.00', 0, '', 3, 0, '', 1443764336, 1443764336),
(62, 10004, 8, 8, '3785.00', '2385.00', '0.00', 0, '1400.00', 0, '', 3, 0, '', 1444973936, 1444973936),
(63, 10004, 8, 8, '11275.00', '6490.00', '0.00', 0, '4785.00', 0, '', 3, 0, '', 1447652336, 1447652336),
(64, 10004, 9, 9, '3316.00', '1581.00', '0.00', 0, '1735.00', 0, '', 3, 0, '', 1450244336, 1450244336),
(65, 10004, 10, 10, '1696.00', '478.00', '0.00', 0, '1218.00', 0, '', 3, 0, '', 1451540336, 1451540336),
(66, 10004, 6, 7, '1233.00', '942.00', '0.00', 0, '291.00', 0, '', 3, 0, '', 1453527536, 1453527536),
(67, 10004, 7, 6, '487.50', '417.00', '0.00', 0, '70.50', 0, '', 3, 0, '', 1453786736, 1453786736),
(68, 10004, 9, 9, '591.00', '297.00', '0.00', 0, '294.00', 0, '', 3, 0, '', 1456205936, 1456205936),
(69, 10004, 6, 7, '12340.00', '9211.00', '0.00', 0, '3129.00', 0, '', 3, 0, '', 1458711536, 1458711536),
(70, 10004, 7, 6, '12526.50', '10759.00', '0.00', 0, '1767.50', 0, '', 3, 0, '', 1461217136, 1461217136),
(71, 10004, 9, 9, '2338.00', '948.00', '0.00', 0, '1390.00', 0, '', 3, 0, '', 1463809136, 1463809136),
(72, 10004, 9, 9, '938.00', '468.00', '0.00', 0, '470.00', 0, '', 3, 0, '', 1467351536, 1467351536),
(73, 10004, 7, 6, '10207.50', '8955.00', '0.00', 0, '1252.50', 0, '', 3, 0, '', 1467610736, 1467610736),
(74, 10004, 7, 6, '3007.00', '2622.00', '0.00', 0, '385.00', 0, '', 3, 0, '', 1468215536, 1468215536),
(75, 10004, 6, 7, '3765.00', '2770.00', '0.00', 0, '995.00', 0, '', 3, 0, '', 1468302496, 1468302496),
(76, 10004, 7, 6, '260.00', '240.00', '0.00', 0, '20.00', 0, '', 3, 0, '', 1468304370, 1468304370),
(77, 10004, 6, 7, '140.00', '120.00', '0.00', 0, '20.00', 0, '', 3, 0, '', 1468304708, 1468304708),
(78, 10004, 8, 8, '835.00', '505.00', '0.00', 0, '330.00', 0, '', 3, 0, '', 1468374031, 1468374031),
(79, 10004, 6, 7, '700.00', '600.00', '50.00', 0, '100.00', 0, '', 3, 0, '', 1468378570, 1468378570),
(80, 10004, 7, 6, '260.00', '240.00', '0.00', 0, '20.00', 0, '', 3, 0, '', 1468403641, 1468403641),
(81, 10004, 8, 8, '520.00', '320.00', '0.00', 0, '200.00', 0, '', 3, 0, '', 1468403661, 1468403661),
(82, 10004, 7, 6, '1300.00', '1200.00', '0.00', 100, '100.00', 10, '4444444444444', 3, 0, '444444444', 1468414916, 1468414916),
(83, 10004, 8, 12, '180.00', '120.00', '90.00', 50, '15.00', 10, '99999999999', 3, 0, '册粉丝', 1468417415, 1468417415),
(84, 10004, 10, 10, '29380.00', '9090.00', '0.00', 0, '20290.00', 0, '', 3, 0, '', 1468477091, 1468477091),
(85, 10004, 8, 12, '1120.00', '695.00', '0.00', 0, '425.00', 0, '', 3, 0, '', 1468477380, 1468477380),
(86, 10000, 17, 18, '50.00', '26.00', '0.00', 0, '24.00', 0, '', 3, 0, '', 1468503683, 1468503683),
(87, 10000, 21, 22, '502.00', '287.00', '7.00', 100, '208.00', 0, '', 3, 0, '', 1468503764, 1468503764),
(88, 10000, 19, 20, '530.00', '308.00', '10.00', 100, '212.00', 0, '', 3, 0, '', 1468503818, 1468503818),
(89, 10000, 22, 23, '599.00', '358.00', '0.00', 0, '241.00', 0, '', 3, 0, '', 1468503870, 1468503870),
(90, 10000, 13, 14, '50.00', '26.00', '0.00', 0, '24.00', 0, '', 3, 0, '', 1468503893, 1468503893),
(91, 10000, 23, 24, '598.00', '324.00', '8.00', 100, '266.00', 0, '', 3, 0, '', 1468503923, 1468503923),
(92, 10000, 37, 38, '195.00', '110.00', '0.00', 0, '85.00', 0, '', 3, 0, '', 1468503955, 1468503955),
(93, 10000, 24, 25, '501.00', '282.50', '44.00', 100, '174.50', 0, '', 3, 0, '', 1468504017, 1468504017),
(94, 10000, 14, 15, '340.00', '185.00', '0.00', 0, '155.00', 0, '', 3, 0, '', 1468504065, 1468504065),
(95, 10000, 25, 26, '602.00', '351.00', '17.00', 100, '234.00', 0, '', 3, 0, '', 1468504100, 1468504100),
(96, 10000, 26, 27, '455.00', '299.00', '0.00', 0, '156.00', 0, '', 3, 0, '', 1468504168, 1468504137),
(97, 10000, 30, 31, '140.00', '85.00', '0.00', 0, '55.00', 0, '', 3, 0, '', 1468504182, 1468504182),
(98, 10004, 6, 7, '1400.00', '1200.00', '0.00', 0, '200.00', 0, '', 3, 0, '', 1468547186, 1468547186),
(99, 10004, 7, 6, '4200.00', '3750.00', '0.00', 0, '450.00', 0, '', 3, 0, '', 1468547204, 1468547204),
(100, 10004, 7, 6, '1300.00', '1200.00', '0.00', 0, '100.00', 0, '', 3, 0, '', 1468632482, 1468632482),
(101, 10004, 7, 6, '2700.00', '2400.00', '0.00', 0, '300.00', 0, '', 3, 0, '', 1468632495, 1468632495),
(102, 10004, 7, 6, '18300.00', '16200.00', '0.00', 0, '2100.00', 0, '', 3, 0, '', 1468806564, 1468806564),
(103, 10004, 6, 7, '8120.00', '6830.00', '0.00', 0, '1290.00', 0, '346346346346436346436346', 3, 0, '', 1468830732, 1468830732),
(104, 10000, 42, 43, '168.00', '65.00', '0.00', 0, '103.00', 0, '', 3, 0, '', 1468836597, 1468836597),
(105, 10004, 6, 7, '15000.00', '12800.00', '0.00', 0, '2200.00', 0, '', 3, 0, '', 1468847644, 1468847644),
(106, 10004, 6, 7, '140.00', '120.00', '0.00', 0, '20.00', 0, '', 2, 0, '', 1468909223, 1468909223),
(107, 10000, 43, 44, '600.00', '352.00', '32.00', 50, '232.00', 0, '', 3, 0, '', 1469001205, 1469001205),
(108, 10004, 6, 7, '6570.00', '5130.00', '0.00', 0, '1440.00', 0, '', 2, 0, '', 1469065551, 1469065551),
(109, 10000, 44, 45, '640.00', '361.00', '32.00', 50, '263.00', 0, '', 3, 0, '', 1469110450, 1469110450),
(110, 10000, 45, 46, '266.00', '107.00', '0.00', 0, '159.00', 0, '', 3, 0, '', 1469110610, 1469110610),
(111, 10000, 46, 47, '120.00', '39.00', '0.00', 0, '81.00', 0, '', 3, 0, '', 1469110770, 1469110770),
(112, 10004, 7, 6, '5350.00', '4680.00', '0.00', 0, '670.00', 0, '', 2, 0, '', 1469169570, 1469169570),
(113, 10000, 47, 48, '160.00', '71.00', '0.00', 0, '89.00', 0, '', 3, 0, '', 1469173608, 1469173608),
(114, 10000, 23, 24, '2708.00', '2006.00', '0.00', 0, '702.00', 0, '', 3, 0, '', 1469411102, 1469344918),
(115, 10000, 33, 34, '580.00', '352.00', '0.00', 0, '228.00', 0, '', 3, 0, '货款，邮费34，未付', 1469345053, 1469345053),
(116, 10004, 6, 7, '8398.00', '6240.00', '0.00', 0, '2158.00', 0, '', 2, 0, '', 1469411665, 1469411665),
(117, 10000, 48, 49, '604.00', '339.00', '55.00', 100, '210.00', 0, '', 3, 0, '', 1469452631, 1469452631),
(118, 10000, 13, 14, '95.00', '55.00', '0.00', 0, '40.00', 0, '', 3, 0, '', 1469455627, 1469455627),
(119, 10000, 46, 47, '605.00', '365.00', '0.00', 0, '240.00', 0, '', 3, 0, '', 1469536736, 1469536688),
(120, 10004, 7, 6, '2305.00', '1980.00', '0.00', 0, '325.00', 0, '', 2, 0, '', 1469590592, 1469590592),
(121, 10000, 47, 48, '525.00', '294.50', '0.00', 0, '230.50', 0, '', 3, 0, '', 1469592371, 1469592371),
(122, 10000, 49, 0, '520.00', '310.50', '14.00', 100, '195.50', 0, '', 3, 0, '', 1469592499, 1469592499),
(123, 10000, 50, 51, '120.00', '33.00', '25.00', 100, '62.00', 0, '', 3, 0, '', 1469676222, 1469676222),
(124, 10004, 6, 7, '7815.00', '5790.00', '0.00', 0, '2025.00', 0, '', 2, 0, '', 1469756321, 1469756321),
(125, 10000, 51, 52, '2704.00', '1962.50', '86.00', 100, '655.50', 0, '', 3, 0, '', 1469786688, 1469786688),
(126, 10000, 52, 53, '266.00', '107.00', '12.00', 100, '147.00', 0, '', 3, 0, '', 1469875968, 1469875968),
(127, 10000, 47, 48, '300.00', '150.00', '0.00', 0, '150.00', 0, '', 3, 0, '', 1469954459, 1469954459),
(128, 10000, 53, 54, '550.00', '307.00', '34.00', 100, '209.00', 0, '', 3, 0, '', 1470037918, 1470037918),
(129, 10000, 17, 18, '2762.00', '1969.00', '0.00', 0, '793.00', 0, '', 3, 0, '', 1470134063, 1470129894),
(130, 10000, 54, 55, '550.00', '305.00', '17.50', 100, '227.50', 0, '', 3, 0, '', 1470212705, 1470212705),
(131, 10000, 55, 56, '500.00', '338.00', '0.00', 0, '162.00', 0, '', 3, 0, '', 1470226349, 1470226349),
(132, 10000, 53, 54, '390.00', '260.00', '0.00', 0, '130.00', 0, '', 3, 0, '', 1470294742, 1470294742),
(133, 10000, 56, 57, '120.00', '39.00', '10.00', 100, '71.00', 0, '', 3, 0, '', 1470295904, 1470295904),
(134, 10000, 57, 58, '500.00', '305.00', '26.00', 100, '169.00', 0, '', 3, 0, '', 1470320957, 1470320957),
(135, 10000, 50, 51, '504.00', '283.00', '0.00', 0, '221.00', 0, '', 3, 0, '', 1470381319, 1470381319),
(136, 10000, 49, 50, '310.00', '150.50', '0.00', 0, '159.50', 0, '', 3, 0, '', 1470384253, 1470384253),
(137, 10000, 58, 59, '160.00', '71.00', '15.00', 100, '74.00', 0, '', 3, 0, '', 1470449575, 1470449575),
(138, 10000, 43, 44, '500.00', '356.00', '0.00', 0, '144.00', 0, '', 3, 0, '', 1470639227, 1470639227),
(139, 10004, 6, 7, '6850.00', '5080.00', '0.00', 0, '1770.00', 0, '', 2, 0, '', 1470643662, 1470643662),
(140, 10000, 45, 46, '714.00', '410.00', '0.00', 0, '304.00', 0, '', 3, 0, '', 1470761741, 1470761741),
(141, 10004, 7, 6, '18183.00', '15466.00', '0.00', 0, '2717.00', 0, '', 2, 0, '', 1470811863, 1470811863),
(142, 10000, 21, 22, '335.00', '178.50', '0.00', 0, '156.50', 0, '', 3, 0, '', 1471138344, 1471138344),
(143, 10000, 14, 15, '300.00', '182.00', '0.00', 0, '118.00', 0, '', 3, 0, '', 1471318884, 1471318884),
(144, 10000, 59, 60, '120.00', '36.00', '12.00', 100, '72.00', 0, '', 3, 0, '', 1471319153, 1471319153),
(145, 10000, 14, 15, '88.00', '58.00', '0.00', 0, '30.00', 0, '', 3, 0, '', 1471447689, 1471447689),
(146, 10000, 47, 48, '88.00', '58.00', '0.00', 0, '30.00', 0, '', 3, 0, '', 1471447721, 1471447721),
(147, 10000, 17, 18, '234.00', '174.00', '0.00', 0, '60.00', 0, '', 3, 0, '', 1471447752, 1471447752),
(148, 10000, 53, 54, '3095.00', '2210.00', '0.00', 0, '885.00', 0, '', 3, 0, '', 1471447904, 1471447904),
(149, 10000, 25, 26, '88.00', '58.00', '0.00', 0, '30.00', 0, '', 3, 0, '', 1471484777, 1471484777),
(150, 10000, 47, 48, '2954.00', '2094.00', '0.00', 0, '860.00', 0, '', 3, 0, '', 1471488116, 1471487106),
(151, 10000, 53, 54, '78.00', '58.00', '0.00', 0, '20.00', 0, '', 3, 0, '', 1471526978, 1471526978),
(152, 10000, 60, 61, '120.00', '39.00', '15.00', 100, '66.00', 0, '', 3, 0, '', 1471792573, 1471792573),
(153, 10004, 7, 6, '44988.50', '37160.00', '0.00', 0, '7828.50', 0, '', 2, 0, '', 1472004792, 1472004792),
(154, 10000, 61, 62, '616.00', '406.00', '84.00', 100, '126.00', 0, '', 3, 0, '', 1472018726, 1472018726),
(155, 10000, 50, 51, '300.00', '142.00', '0.00', 0, '158.00', 0, '', 3, 0, '', 1472018770, 1472018770),
(156, 10000, 17, 18, '234.00', '174.00', '0.00', 0, '60.00', 0, '', 3, 0, '', 1472132156, 1472132156),
(157, 10000, 47, 48, '156.00', '116.00', '0.00', 0, '40.00', 0, '', 3, 0, '', 1472185543, 1472185543),
(158, 10000, 38, 39, '446.00', '261.00', '0.00', 0, '185.00', 0, '', 3, 0, '', 1472202131, 1472202131),
(159, 10000, 24, 25, '2513.00', '1788.00', '0.00', 0, '725.00', 0, '', 3, 0, '', 1472270357, 1472270357),
(160, 10000, 29, 30, '305.00', '183.00', '0.00', 0, '122.00', 0, '', 3, 0, '', 1472347670, 1472347670),
(161, 10000, 39, 40, '120.00', '85.00', '0.00', 0, '35.00', 0, '', 3, 0, '', 1472450384, 1472450384),
(162, 10000, 25, 26, '88.00', '58.00', '0.00', 0, '30.00', 0, '', 3, 0, '', 1472564681, 1472564681),
(163, 10000, 32, 33, '3536.00', '3016.00', '0.00', 0, '520.00', 0, '', 3, 0, '', 1472702722, 1472702722),
(164, 10000, 39, 40, '120.00', '85.00', '0.00', 0, '35.00', 0, '', 3, 0, '', 1472709093, 1472709093),
(165, 10000, 53, 54, '78.00', '58.00', '0.00', 0, '20.00', 0, '', 3, 0, '', 1472735272, 1472735272),
(166, 10000, 62, 63, '198.00', '85.00', '5.00', 100, '108.00', 0, '', 3, 0, '', 1472743870, 1472743870),
(167, 10000, 43, 44, '2146.00', '1516.00', '0.00', 0, '630.00', 0, '', 3, 0, '', 1472786368, 1472786368),
(168, 10000, 44, 45, '300.00', '174.50', '0.00', 0, '125.50', 0, '', 3, 0, '', 1472805449, 1472805449),
(169, 10000, 39, 40, '78.00', '58.00', '0.00', 0, '20.00', 0, '', 3, 0, '', 1472806859, 1472806859),
(170, 10000, 47, 48, '78.00', '58.00', '0.00', 0, '20.00', 0, '', 3, 0, '', 1472883345, 1472883345),
(171, 10000, 13, 14, '170.00', '91.00', '0.00', 0, '79.00', 0, '', 3, 0, '', 1472896034, 1472896034),
(172, 10000, 63, 65, '599.00', '347.00', '14.00', 100, '238.00', 0, '', 3, 0, '', 1472964588, 1472964588),
(173, 10000, 33, 34, '150.00', '75.00', '0.00', 0, '75.00', 0, '', 3, 0, '', 1473053182, 1473053182),
(174, 10000, 61, 62, '315.00', '191.00', '0.00', 0, '124.00', 0, '', 3, 0, '', 1473065234, 1473065234),
(175, 10000, 53, 54, '3032.00', '2147.00', '0.00', 0, '885.00', 0, '', 2, 1, '', 1473079387, 1473079273),
(176, 10000, 53, 54, '3012.00', '2127.00', '0.00', 0, '885.00', 0, '', 2, 1, '', 1473213569, 1473213540),
(177, 10000, 64, 66, '3012.00', '2127.00', '94.00', 100, '791.00', 0, '', 3, 0, '', 1473221077, 1473221077),
(178, 10000, 65, 67, '160.00', '90.00', '5.00', 100, '65.00', 0, '', 3, 0, '', 1473313575, 1473313575),
(179, 10000, 66, 68, '600.00', '366.00', '15.00', 100, '219.00', 0, '', 3, 0, '素颜霜 送气垫BB', 1473353600, 1473353600),
(180, 10000, 53, 54, '78.00', '58.00', '0.00', 0, '20.00', 0, '', 3, 0, '', 1473421886, 1473421886),
(181, 10000, 53, 54, '78.00', '58.00', '0.00', 0, '20.00', 0, '', 3, 0, '', 1473482906, 1473482906),
(182, 10000, 52, 53, '600.00', '360.50', '0.00', 0, '239.50', 0, '', 3, 0, '', 1473685468, 1473685468),
(183, 10000, 60, 61, '600.00', '390.00', '0.00', 0, '210.00', 0, '', 3, 0, '', 1474020553, 1474020553),
(184, 10000, 13, 14, '120.00', '68.00', '0.00', 0, '52.00', 0, '', 3, 0, '', 1474020573, 1474020573),
(185, 10000, 61, 62, '315.00', '176.00', '0.00', 0, '139.00', 0, '', 3, 0, '', 1474185800, 1474185800),
(186, 10000, 50, 51, '368.00', '228.00', '0.00', 0, '140.00', 0, '', 3, 0, '', 1474185824, 1474185824),
(187, 10000, 39, 40, '360.00', '255.00', '0.00', 0, '105.00', 0, '', 3, 0, '', 1474449333, 1474449333),
(188, 10000, 67, 69, '616.00', '406.00', '84.00', 100, '126.00', 0, '', 3, 0, '', 1474511472, 1474511472),
(189, 10000, 68, 70, '108.00', '58.00', '29.00', 0, '50.00', 0, '', 3, 0, '', 1474860749, 1474860749),
(190, 10000, 69, 71, '108.00', '58.00', '7.50', 100, '42.50', 0, '', 3, 0, '', 1474941698, 1474941698),
(191, 10000, 63, 65, '299.00', '168.50', '0.00', 0, '130.50', 0, '', 3, 0, '', 1474954011, 1474954011),
(192, 10000, 70, 72, '108.00', '58.00', '7.50', 100, '42.50', 0, '', 3, 0, '', 1475044619, 1475044619),
(193, 10000, 71, 73, '120.00', '33.00', '0.00', 0, '87.00', 0, '', 3, 0, '', 1475130627, 1475130627),
(194, 10000, 72, 74, '108.00', '58.00', '40.00', 100, '10.00', 0, '', 3, 0, '', 1475225483, 1475225483),
(195, 10000, 17, 18, '3048.00', '2218.00', '0.00', 0, '830.00', 0, '', 2, 1, '', 1475254679, 1475254487),
(196, 10000, 61, 62, '305.00', '180.00', '0.00', 0, '125.00', 0, '', 3, 0, '', 1475996418, 1475996418),
(197, 10000, 73, 75, '108.00', '58.00', '12.00', 100, '38.00', 0, '', 3, 0, '', 1476027840, 1476027840),
(198, 10000, 74, 76, '120.00', '36.00', '8.00', 100, '76.00', 0, '', 3, 0, '', 1476027945, 1476027945),
(199, 10000, 37, 38, '75.00', '39.00', '0.00', 0, '36.00', 0, '', 3, 0, '', 1476027971, 1476027971),
(200, 10000, 47, 48, '201.00', '141.00', '0.00', 0, '60.00', 0, '', 3, 0, '', 1476081938, 1476081938),
(201, 10000, 26, 27, '3000.00', '2245.00', '0.00', 0, '755.00', 0, '', 3, 0, '', 1476257500, 1476257500),
(202, 10000, 40, 41, '1115.00', '980.00', '0.00', 0, '135.00', 0, '', 3, 0, '', 1476272603, 1476272603),
(203, 10000, 39, 40, '58.00', '37.00', '0.00', 0, '21.00', 0, '', 3, 0, '', 1476423897, 1476322352),
(204, 10000, 75, 78, '604.00', '336.00', '12.00', 100, '256.00', 0, '', 3, 0, '', 1476780391, 1476780391),
(205, 10000, 24, 25, '579.00', '414.00', '0.00', 0, '165.00', 0, '', 3, 0, '', 1476876511, 1476876442),
(206, 10000, 76, 79, '1969.00', '1154.00', '150.00', 100, '665.00', 0, '', 3, 0, '', 1477236813, 1477236813),
(207, 10000, 77, 80, '606.00', '339.50', '23.50', 100, '243.00', 0, '', 3, 0, '', 1477237024, 1477237024),
(208, 10000, 78, 81, '792.00', '522.00', '73.00', 100, '197.00', 0, '', 3, 0, '', 1477237308, 1477237308),
(209, 10000, 78, 81, '528.00', '348.00', '24.00', 100, '156.00', 0, '', 3, 1, '', 1477373483, 1477373483),
(210, 10000, 79, 0, '240.00', '130.00', '0.00', 0, '110.00', 0, '', 3, 0, '', 1477373670, 1477373670),
(211, 10000, 78, 81, '616.00', '406.00', '24.00', 100, '186.00', 0, '', 3, 0, '', 1477384241, 1477384241),
(212, 10000, 45, 46, '435.00', '258.00', '0.00', 0, '177.00', 0, '', 3, 0, '', 1477485196, 1477485196),
(213, 10000, 80, 82, '120.00', '39.00', '5.00', 100, '76.00', 0, '', 3, 0, '', 1477551053, 1477551053),
(214, 10000, 74, 76, '240.00', '130.00', '8.00', 100, '102.00', 0, '', 3, 0, '', 1477580310, 1477580310),
(215, 10000, 81, 83, '240.00', '130.00', '23.00', 100, '87.00', 0, '', 3, 0, '', 1477754976, 1477754976),
(216, 10000, 78, 81, '264.00', '174.00', '0.00', 0, '90.00', 0, '', 3, 0, '', 1477901651, 1477901651),
(217, 10000, 21, 22, '350.00', '225.00', '0.00', 0, '125.00', 0, '', 3, 0, '', 1477980087, 1477980087),
(218, 10000, 24, 25, '712.00', '446.00', '0.00', 0, '266.00', 0, '', 3, 0, '', 1478226325, 1478094295),
(219, 10000, 40, 41, '1000.00', '850.00', '0.00', 0, '150.00', 0, '', 3, 0, '', 1478142167, 1478142167),
(220, 10000, 47, 48, '180.00', '130.00', '0.00', 0, '50.00', 0, '', 3, 0, '', 1478241930, 1478241930),
(221, 10000, 55, 56, '304.00', '169.00', '0.00', 0, '135.00', 0, '', 3, 0, '', 1478246795, 1478246795),
(222, 10000, 74, 76, '322.00', '195.00', '0.00', 0, '127.00', 0, '', 3, 0, '', 1478278104, 1478278104),
(223, 10000, 75, 78, '1500.00', '1065.00', '0.00', 0, '435.00', 0, '', 3, 0, '', 1478358155, 1478358155),
(224, 10000, 53, 54, '131.00', '86.00', '0.00', 0, '45.00', 0, '', 3, 0, '', 1478398631, 1478398631),
(225, 10000, 47, 48, '150.00', '120.00', '0.00', 0, '30.00', 0, '', 3, 0, '', 1478494830, 1478494830),
(226, 10000, 38, 39, '324.00', '186.50', '0.00', 0, '137.50', 0, '', 2, 1, '', 1478498677, 1478498414),
(227, 10000, 38, 39, '324.00', '186.50', '0.00', 0, '137.50', 0, '', 3, 0, '', 1478498737, 1478498737),
(228, 10000, 47, 48, '168.00', '108.00', '0.00', 0, '60.00', 0, '', 3, 0, '', 1478790754, 1478790754),
(229, 10000, 82, 84, '120.00', '39.00', '8.00', 100, '73.00', 0, '', 3, 0, '', 1478948317, 1478948317),
(230, 10000, 83, 85, '604.00', '333.00', '0.00', 0, '271.00', 0, '', 2, 1, '', 1479126856, 1479118165),
(231, 10000, 83, 85, '604.00', '333.00', '85.00', 100, '186.00', 0, '', 3, 1, '', 1479126883, 1479126883),
(232, 10000, 39, 40, '42.00', '27.00', '0.00', 0, '15.00', 0, '', 3, 0, '', 1479803226, 1479803226),
(233, 10000, 84, 86, '78.00', '27.00', '10.00', 100, '41.00', 0, '', 3, 0, '', 1480060135, 1480060135),
(234, 10000, 37, 38, '70.00', '45.00', '0.00', 0, '25.00', 0, '', 3, 0, '', 1480321683, 1480321683),
(235, 10000, 85, 87, '120.00', '39.00', '12.00', 100, '69.00', 0, '', 3, 0, '', 1480321844, 1480321844),
(236, 10000, 75, 78, '248.00', '168.00', '0.00', 0, '80.00', 0, '', 3, 0, '', 1480589374, 1480589374),
(237, 10000, 86, 88, '120.00', '36.00', '8.00', 100, '76.00', 0, '', 3, 0, '', 1480589703, 1480589703),
(238, 10000, 47, 48, '485.00', '380.00', '0.00', 0, '105.00', 0, '', 3, 0, '', 1480740929, 1480740929),
(239, 10000, 37, 38, '70.00', '45.00', '0.00', 0, '25.00', 0, '', 3, 0, '', 1480921261, 1480921261),
(240, 10000, 87, 89, '600.00', '337.00', '46.00', 100, '217.00', 0, '', 3, 0, '', 1481115099, 1481115099),
(241, 10000, 40, 41, '233.00', '208.00', '0.00', 0, '25.00', 0, '', 3, 0, '', 1481192894, 1481192894),
(242, 10000, 45, 46, '266.00', '152.00', '0.00', 0, '114.00', 0, '', 3, 0, '', 1481192921, 1481192921),
(243, 10000, 64, 66, '209.00', '149.00', '0.00', 0, '60.00', 0, '', 3, 0, '', 1481192948, 1481192948),
(244, 10000, 24, 25, '1063.00', '804.00', '0.00', 0, '259.00', 0, '', 3, 0, '', 1481199405, 1481199405),
(245, 10000, 24, 25, '1063.00', '804.00', '0.00', 0, '259.00', 0, '', 2, 1, '', 1481199409, 1481199409),
(246, 10000, 47, 48, '124.00', '84.00', '0.00', 0, '40.00', 0, '', 3, 0, '', 1481212779, 1481212779),
(247, 10000, 88, 90, '78.00', '27.00', '5.00', 100, '46.00', 0, '', 3, 0, '', 1481278474, 1481278474),
(248, 10000, 89, 91, '3000.00', '2222.50', '108.00', 100, '669.50', 0, '', 3, 0, '', 1482238324, 1482238121),
(249, 10000, 82, 84, '600.00', '312.00', '0.00', 0, '288.00', 0, '', 3, 0, '', 1482238414, 1482238414),
(250, 10000, 47, 48, '395.00', '310.00', '0.00', 0, '85.00', 0, '', 3, 0, '', 1482238469, 1482238469),
(251, 10000, 40, 41, '60.00', '54.00', '0.00', 0, '6.00', 0, '', 3, 1, '', 1482238494, 1482238494),
(252, 10000, 86, 88, '628.00', '390.00', '0.00', 0, '238.00', 0, '', 3, 0, '', 1482238718, 1482238718),
(253, 10000, 90, 92, '240.00', '130.00', '18.00', 100, '92.00', 0, '', 3, 0, '', 1482727703, 1482727703),
(254, 10000, 40, 41, '120.00', '108.00', '0.00', 0, '12.00', 0, '', 3, 0, '', 1482727781, 1482727781),
(255, 10000, 77, 80, '1504.00', '914.00', '0.00', 0, '590.00', 0, '', 3, 0, '', 1482756451, 1482756451),
(256, 10000, 91, 93, '93.00', '54.00', '8.00', 100, '31.00', 0, '', 3, 0, '', 1482816864, 1482816864),
(257, 10000, 92, 94, '320.00', '170.00', '20.00', 100, '130.00', 0, '', 3, 0, '', 1482892937, 1482892937),
(258, 10000, 77, 80, '600.00', '432.00', '0.00', 0, '168.00', 0, '', 3, 0, '', 1483028032, 1483028032),
(259, 10000, 89, 91, '552.00', '432.00', '0.00', 0, '120.00', 0, '', 3, 0, '', 1483116878, 1483116878),
(260, 10000, 88, 90, '93.00', '54.00', '7.00', 100, '32.00', 0, '', 3, 0, '', 1483350266, 1483350266),
(261, 10000, 47, 48, '205.00', '160.00', '0.00', 0, '45.00', 0, '', 3, 0, '', 1483505139, 1483505139),
(262, 10000, 93, 95, '124.00', '72.00', '7.00', 100, '45.00', 0, '', 3, 0, '', 1483602469, 1483602469),
(263, 10000, 40, 41, '100.00', '90.00', '0.00', 0, '10.00', 0, '', 3, 0, '', 1483606294, 1483606294),
(264, 10000, 24, 25, '225.00', '180.00', '0.00', 0, '45.00', 0, '', 3, 0, '', 1483688124, 1483688124),
(265, 10000, 94, 96, '93.00', '54.00', '11.00', 100, '28.00', 0, '', 3, 0, '', 1483691120, 1483691120),
(266, 10000, 17, 18, '1208.00', '913.00', '0.00', 0, '295.00', 0, '', 3, 0, '', 1483759366, 1483698371),
(267, 10000, 77, 80, '531.00', '376.00', '0.00', 0, '155.00', 0, '', 3, 0, '', 1483759469, 1483759469),
(268, 10000, 95, 97, '120.00', '36.00', '10.00', 100, '74.00', 0, '', 3, 0, '', 1484031518, 1484031518),
(269, 10000, 77, 80, '222.00', '157.00', '0.00', 0, '65.00', 0, '', 3, 0, '', 1484042774, 1484042774),
(270, 10000, 40, 41, '60.00', '54.00', '0.00', 0, '6.00', 0, '', 3, 0, '', 1484105595, 1484105595),
(271, 10000, 38, 39, '357.00', '202.00', '0.00', 0, '155.00', 0, '', 3, 0, '', 1484105618, 1484105618),
(272, 10000, 96, 98, '109.00', '60.00', '8.00', 100, '41.00', 0, '', 3, 0, '', 1484105870, 1484105870),
(273, 10000, 24, 25, '480.00', '355.00', '0.00', 0, '125.00', 0, '', 3, 0, '', 1484121511, 1484121511),
(274, 10000, 40, 41, '60.00', '54.00', '0.00', 0, '6.00', 0, '', 3, 0, '', 1484717439, 1484717439),
(275, 10000, 99, 101, '600.00', '432.00', '25.50', 100, '142.50', 0, '', 3, 0, '', 1486301277, 1486301277),
(276, 10000, 98, 100, '300.00', '216.00', '35.00', 100, '49.00', 0, '', 3, 0, '', 1486301310, 1486301310),
(277, 10000, 97, 99, '300.00', '187.00', '20.00', 100, '93.00', 0, '', 3, 0, '', 1486301330, 1486301330),
(278, 10000, 100, 102, '300.00', '167.00', '14.00', 100, '119.00', 0, '', 3, 0, '', 1486371509, 1486371509),
(279, 10000, 24, 25, '422.00', '332.00', '0.00', 0, '90.00', 0, '', 3, 0, '', 1486444124, 1486444124),
(280, 10000, 77, 80, '60.00', '40.00', '0.00', 0, '20.00', 0, '', 3, 0, '', 1486546636, 1486546636),
(281, 10000, 24, 25, '410.00', '320.00', '0.00', 0, '90.00', 0, '', 3, 0, '', 1486618906, 1486618906),
(282, 10000, 37, 38, '100.00', '52.00', '0.00', 0, '48.00', 0, '', 3, 0, '', 1486618941, 1486618941),
(283, 10000, 101, 103, '300.00', '156.00', '26.00', 100, '118.00', 0, '', 3, 0, '', 1486712059, 1486712059),
(284, 10000, 37, 38, '235.00', '143.00', '0.00', 0, '92.00', 0, '', 3, 0, '', 1486958048, 1486958048),
(285, 10000, 80, 82, '311.00', '186.50', '5.00', 100, '119.50', 0, '', 3, 0, '', 1486958099, 1486958099),
(286, 10000, 47, 48, '137.00', '97.00', '0.00', 0, '40.00', 0, '', 3, 0, '', 1487219364, 1487219364),
(287, 10000, 102, 104, '120.00', '39.00', '8.00', 100, '73.00', 0, '', 3, 0, '', 1487308737, 1487308737),
(288, 10000, 24, 25, '90.00', '65.00', '0.00', 0, '25.00', 0, '', 3, 0, '', 1487318012, 1487318012),
(289, 10000, 39, 40, '138.00', '98.00', '0.00', 0, '40.00', 0, '', 3, 0, '', 1487489215, 1487489215),
(290, 10000, 75, 78, '207.00', '162.00', '0.00', 0, '45.00', 0, '', 3, 0, '', 1487573222, 1487573222),
(291, 10000, 77, 80, '717.00', '517.00', '0.00', 0, '200.00', 0, '', 3, 0, '', 1487659455, 1487659455),
(292, 10000, 103, 105, '120.00', '39.00', '8.00', 100, '73.00', 0, '', 3, 0, '', 1487737527, 1487737527),
(293, 10000, 104, 106, '120.00', '36.00', '8.00', 100, '76.00', 0, '', 3, 0, '', 1488255434, 1488255434),
(294, 10000, 24, 25, '260.00', '180.00', '0.00', 0, '80.00', 0, '', 3, 0, '', 1488347106, 1488347106),
(295, 10000, 33, 34, '70.00', '45.00', '0.00', 0, '25.00', 0, '', 3, 0, '', 1488350475, 1488350475),
(296, 10000, 33, 34, '70.00', '45.00', '0.00', 0, '25.00', 0, '', 2, 1, '', 1488350477, 1488350477),
(297, 10000, 47, 48, '180.00', '130.00', '0.00', 0, '50.00', 0, '', 3, 0, '', 1488768847, 1488768847),
(298, 10000, 45, 46, '764.00', '483.00', '0.00', 0, '281.00', 0, '', 3, 0, '', 1488768893, 1488768893),
(299, 10000, 74, 76, '313.00', '188.00', '0.00', 0, '125.00', 0, '', 3, 0, '', 1488871592, 1488871592),
(300, 10000, 33, 34, '140.00', '90.00', '0.00', 0, '50.00', 0, '', 3, 0, '', 1489036959, 1489036959),
(301, 10000, 45, 46, '75.00', '39.00', '0.00', 0, '36.00', 0, '', 3, 0, '', 1489297759, 1489297759),
(302, 10000, 77, 80, '1286.00', '916.00', '0.00', 0, '370.00', 0, '', 3, 0, '', 1489297803, 1489297803),
(303, 10000, 105, 108, '158.00', '55.00', '16.00', 100, '87.00', 0, '', 3, 0, '', 1489389626, 1489389626),
(304, 10000, 45, 46, '50.00', '26.00', '0.00', 0, '24.00', 0, '', 3, 0, '', 1489659983, 1489659983),
(305, 10000, 37, 38, '50.00', '26.00', '0.00', 0, '24.00', 0, '', 3, 0, '', 1489659998, 1489659998),
(306, 10000, 24, 25, '178.00', '113.00', '0.00', 0, '65.00', 0, '', 3, 0, '', 1489660017, 1489660017),
(307, 10000, 24, 25, '225.00', '180.00', '0.00', 0, '45.00', 0, '', 3, 0, '', 1489734811, 1489734811),
(308, 10000, 26, 27, '170.00', '130.00', '0.00', 0, '40.00', 0, '', 3, 0, '', 1489808437, 1489808437),
(309, 10000, 77, 80, '574.00', '435.50', '0.00', 0, '138.50', 0, '', 3, 0, '', 1490947886, 1489897084),
(310, 10000, 24, 25, '776.00', '581.00', '0.00', 0, '195.00', 0, '', 3, 0, '', 1489981826, 1489897144),
(311, 10000, 37, 38, '120.00', '71.00', '0.00', 0, '49.00', 0, '', 3, 0, '', 1489998132, 1489998132),
(312, 10000, 75, 78, '426.00', '306.00', '0.00', 0, '120.00', 0, '', 3, 0, '', 1490780553, 1490780553),
(313, 10000, 37, 38, '70.00', '45.00', '0.00', 0, '25.00', 0, '', 3, 0, '', 1490856528, 1490856528),
(314, 10000, 106, 109, '120.00', '39.00', '8.00', 100, '73.00', 0, '', 3, 0, '', 1490856718, 1490856718),
(315, 10000, 47, 48, '142.00', '102.00', '0.00', 0, '40.00', 0, '', 3, 0, '', 1490929037, 1490929037),
(316, 10000, 40, 41, '204.00', '184.00', '0.00', 0, '20.00', 0, '', 3, 0, '', 1490929065, 1490929065),
(317, 10000, 77, 80, '246.00', '171.00', '0.00', 0, '75.00', 0, '', 3, 0, '', 1491363572, 1491363572),
(318, 10000, 47, 48, '284.00', '204.00', '0.00', 0, '80.00', 0, '', 3, 0, '', 1491375183, 1491375183),
(319, 10000, 40, 41, '122.00', '102.00', '0.00', 0, '20.00', 0, '', 3, 0, '', 1493881896, 1491470270),
(320, 10000, 39, 40, '174.00', '122.00', '0.00', 0, '52.00', 0, '', 3, 0, '', 1491534699, 1491534699),
(321, 10000, 73, 75, '98.00', '47.00', '0.00', 0, '51.00', 0, '', 3, 0, '', 1491793590, 1491793590),
(322, 10000, 73, 75, '170.00', '78.00', '5.00', 100, '87.00', 0, '', 3, 0, '', 1491793657, 1491793657),
(323, 10000, 77, 80, '2860.00', '2050.00', '0.00', 0, '810.00', 0, '', 2, 1, '', 1491809670, 1491809670),
(324, 10000, 107, 111, '2860.00', '2050.00', '0.00', 0, '810.00', 0, '', 3, 0, '', 1491813255, 1491813255),
(325, 10000, 82, 84, '597.00', '315.00', '0.00', 0, '282.00', 0, '', 3, 0, '', 1492052973, 1492052973),
(326, 10000, 37, 38, '145.00', '81.00', '0.00', 0, '64.00', 0, '', 3, 0, '', 1492137358, 1492137358),
(327, 10000, 108, 112, '60.00', '13.00', '7.00', 100, '40.00', 0, '', 3, 0, '', 1492137541, 1492137541),
(328, 10000, 38, 39, '200.00', '100.00', '0.00', 0, '100.00', 0, '', 3, 0, '', 1492569504, 1492569504),
(329, 10000, 109, 113, '120.00', '39.00', '10.00', 100, '71.00', 0, '', 3, 0, '', 1492752669, 1492752669),
(330, 10000, 37, 38, '180.00', '102.00', '0.00', 0, '78.00', 0, '', 3, 0, '', 1493189421, 1493189421),
(331, 10000, 80, 82, '125.00', '75.00', '0.00', 0, '50.00', 0, '', 3, 0, '', 1493189455, 1493189455),
(332, 10000, 74, 76, '3242.00', '2407.00', '0.00', 0, '835.00', 0, '', 3, 0, '', 1493189712, 1493189712),
(333, 10000, 107, 111, '145.00', '110.00', '0.00', 0, '35.00', 0, '', 3, 0, '', 1493264551, 1493264551),
(334, 10000, 107, 111, '160.00', '125.00', '0.00', 0, '35.00', 0, '', 3, 0, '', 1493881864, 1493881864),
(335, 10000, 37, 38, '180.00', '102.00', '0.00', 0, '78.00', 0, '', 3, 0, '', 1493881953, 1493881953),
(336, 10000, 109, 113, '109.00', '60.00', '0.00', 0, '49.00', 0, '', 3, 0, '', 1493882003, 1493882003),
(337, 10000, 110, 114, '198.00', '102.00', '8.00', 100, '88.00', 0, '', 3, 0, '', 1493882297, 1493882290),
(338, 10000, 40, 41, '232.00', '202.00', '0.00', 0, '30.00', 0, '', 3, 0, '', 1494401705, 1494401705),
(339, 10000, 39, 40, '426.00', '306.00', '0.00', 0, '120.00', 0, '', 3, 0, '', 1494401728, 1494401728),
(340, 10000, 61, 62, '100.00', '52.00', '0.00', 0, '48.00', 0, '', 3, 0, '', 1494487483, 1494487483),
(341, 10000, 37, 38, '75.00', '39.00', '0.00', 0, '36.00', 0, '', 3, 0, '', 1494489852, 1494489852),
(342, 10000, 77, 80, '707.00', '507.00', '0.00', 0, '200.00', 0, '', 3, 0, '', 1494489919, 1494489919),
(343, 10000, 111, 115, '615.00', '335.00', '58.00', 100, '222.00', 0, '', 3, 0, '', 1494490110, 1494490110),
(344, 10000, 109, 113, '590.00', '375.50', '45.00', 100, '169.50', 0, '', 3, 0, '', 1494736748, 1494736748),
(345, 10000, 112, 116, '128.80', '70.20', '5.00', 100, '53.60', 0, '', 3, 0, '', 1494736920, 1494736920),
(346, 10000, 107, 111, '75.00', '60.00', '0.00', 0, '15.00', 0, '', 3, 0, '', 1494736947, 1494736947),
(347, 10000, 74, 76, '168.00', '108.00', '0.00', 0, '60.00', 0, '', 3, 0, '芭比粉2，女王红1，樱花粉1', 1494821509, 1494821448),
(348, 10000, 37, 38, '75.00', '39.00', '0.00', 0, '36.00', 0, '', 3, 0, '', 1495686058, 1495686058),
(349, 10000, 61, 62, '100.00', '52.00', '0.00', 0, '48.00', 0, '', 3, 0, '', 1495686121, 1495686121),
(350, 10000, 74, 76, '510.00', '390.00', '0.00', 0, '120.00', 0, '', 3, 0, '', 1495686142, 1495686142),
(351, 10000, 110, 114, '625.00', '346.50', '26.00', 100, '252.50', 0, '', 3, 0, '', 1495686491, 1495686491),
(352, 10000, 113, 118, '120.00', '39.00', '17.00', 100, '64.00', 0, '', 3, 0, '', 1495869448, 1495869448);

-- --------------------------------------------------------

--
-- 表的结构 `thank_order_goods`
--

CREATE TABLE IF NOT EXISTS `thank_order_goods` (
  `id` int(11) unsigned NOT NULL COMMENT 'ID',
  `member_id` int(11) unsigned NOT NULL DEFAULT '0' COMMENT '会员id',
  `order_id` int(11) unsigned NOT NULL DEFAULT '0' COMMENT '订单ID',
  `product_id` int(11) unsigned NOT NULL DEFAULT '0' COMMENT '商品ID',
  `grade` tinyint(1) unsigned NOT NULL DEFAULT '0' COMMENT '代理级别',
  `num` int(11) unsigned NOT NULL DEFAULT '0' COMMENT '商品数量',
  `price` decimal(10,2) NOT NULL DEFAULT '0.00' COMMENT '商品单价',
  `amount` decimal(10,2) NOT NULL DEFAULT '0.00' COMMENT '总价',
  `my_price` decimal(10,2) NOT NULL DEFAULT '0.00' COMMENT '我的价格',
  `cost` decimal(10,2) NOT NULL DEFAULT '0.00' COMMENT '我的总价',
  `isdel` tinyint(1) unsigned NOT NULL DEFAULT '0' COMMENT '是否删除',
  `update_time` int(11) unsigned NOT NULL DEFAULT '0' COMMENT '更新时间',
  `create_time` int(11) unsigned NOT NULL DEFAULT '0' COMMENT '创建时间'
) ENGINE=InnoDB AUTO_INCREMENT=1004 DEFAULT CHARSET=utf8 COMMENT='商品详情表';

--
-- 转存表中的数据 `thank_order_goods`
--

INSERT INTO `thank_order_goods` (`id`, `member_id`, `order_id`, `product_id`, `grade`, `num`, `price`, `amount`, `my_price`, `cost`, `isdel`, `update_time`, `create_time`) VALUES
(38, 10004, 31, 23, 30, 10, '40.00', '400.00', '12.00', '120.00', 0, 1433136475, 1433136475),
(39, 10004, 32, 23, 30, 30, '40.00', '1200.00', '12.00', '360.00', 0, 1433136592, 1433136592),
(40, 10004, 32, 24, 30, 10, '40.00', '400.00', '8.00', '80.00', 0, 1433136592, 1433136592),
(41, 10004, 32, 25, 30, 50, '160.00', '8000.00', '75.00', '3750.00', 0, 1433136592, 1433136592),
(42, 10004, 32, 29, 30, 10, '130.00', '1300.00', '55.00', '550.00', 0, 1433136592, 1433136592),
(43, 10004, 33, 23, 32, 50, '18.00', '900.00', '12.00', '600.00', 0, 1433222992, 1433222992),
(44, 10004, 33, 24, 32, 20, '16.00', '320.00', '8.00', '160.00', 0, 1433222992, 1433222992),
(45, 10004, 33, 25, 32, 1, '120.00', '120.00', '75.00', '75.00', 0, 1433222992, 1433222992),
(46, 10004, 33, 26, 32, 1, '6.00', '6.00', '4.00', '4.00', 0, 1433222992, 1433222992),
(47, 10004, 33, 27, 32, 1, '85.00', '85.00', '40.00', '40.00', 0, 1433222992, 1433222992),
(48, 10004, 33, 28, 32, 1, '85.00', '85.00', '55.00', '55.00', 0, 1433222992, 1433222992),
(49, 10004, 33, 29, 32, 1, '85.00', '85.00', '55.00', '55.00', 0, 1433222992, 1433222992),
(50, 10004, 34, 23, 33, 1, '14.00', '14.00', '12.00', '12.00', 0, 1433222992, 1433222992),
(51, 10004, 35, 25, 29, 1, '198.00', '198.00', '75.00', '75.00', 0, 1433222992, 1433222992),
(52, 10004, 36, 23, 33, 10, '14.00', '140.00', '12.00', '120.00', 0, 1433395963, 1433395963),
(53, 10004, 37, 24, 34, 10, '10.00', '100.00', '8.00', '80.00', 0, 1433482363, 1433482363),
(54, 10004, 38, 23, 31, 50, '25.00', '1250.00', '12.00', '600.00', 0, 1433568763, 1433568763),
(55, 10004, 38, 28, 31, 10, '95.00', '950.00', '55.00', '550.00', 0, 1433568763, 1433568763),
(56, 10004, 39, 23, 31, 20, '25.00', '500.00', '12.00', '240.00', 0, 1433741563, 1433741563),
(57, 10004, 39, 24, 31, 5, '25.00', '125.00', '8.00', '40.00', 0, 1433741563, 1433741563),
(58, 10004, 39, 25, 31, 1, '140.00', '140.00', '75.00', '75.00', 0, 1433741563, 1433741563),
(59, 10004, 39, 26, 31, 10, '7.00', '70.00', '4.00', '40.00', 0, 1433741563, 1433741563),
(60, 10004, 39, 27, 31, 1, '100.00', '100.00', '40.00', '40.00', 0, 1433741563, 1433741563),
(61, 10004, 39, 28, 31, 1, '95.00', '95.00', '55.00', '55.00', 0, 1433741563, 1433741563),
(62, 10004, 39, 29, 31, 1, '100.00', '100.00', '55.00', '55.00', 0, 1433741563, 1433741563),
(63, 10004, 40, 23, 31, 10, '25.00', '250.00', '12.00', '120.00', 0, 1433827963, 1433827963),
(64, 10004, 40, 25, 31, 3, '140.00', '420.00', '75.00', '225.00', 0, 1433827963, 1433827963),
(65, 10004, 40, 26, 31, 20, '7.00', '140.00', '4.00', '80.00', 0, 1433827963, 1433827963),
(66, 10004, 40, 28, 31, 3, '95.00', '285.00', '55.00', '165.00', 0, 1433827963, 1433827963),
(67, 10004, 40, 29, 31, 3, '100.00', '300.00', '55.00', '165.00', 0, 1433827963, 1433827963),
(68, 10004, 41, 23, 30, 10, '40.00', '400.00', '12.00', '120.00', 0, 1434000763, 1434000763),
(69, 10004, 41, 24, 30, 1, '40.00', '40.00', '8.00', '8.00', 0, 1434000763, 1434000763),
(70, 10004, 41, 25, 30, 2, '160.00', '320.00', '75.00', '150.00', 0, 1434000763, 1434000763),
(71, 10004, 41, 26, 30, 2, '8.00', '16.00', '4.00', '8.00', 0, 1434000763, 1434000763),
(72, 10004, 41, 27, 30, 3, '120.00', '360.00', '40.00', '120.00', 0, 1434000763, 1434000763),
(73, 10004, 42, 23, 31, 10, '25.00', '250.00', '12.00', '120.00', 0, 1434346363, 1434346363),
(74, 10004, 42, 26, 31, 1, '7.00', '7.00', '4.00', '4.00', 0, 1434346363, 1434346363),
(75, 10004, 42, 27, 31, 1, '100.00', '100.00', '40.00', '40.00', 0, 1434346363, 1434346363),
(76, 10004, 42, 28, 31, 1, '95.00', '95.00', '55.00', '55.00', 0, 1434346363, 1434346363),
(77, 10004, 42, 29, 31, 1, '100.00', '100.00', '55.00', '55.00', 0, 1434346363, 1434346363),
(78, 10004, 43, 23, 32, 2, '18.00', '36.00', '12.00', '24.00', 0, 1434519163, 1434519163),
(79, 10004, 43, 24, 32, 3, '16.00', '48.00', '8.00', '24.00', 0, 1434519163, 1434519163),
(80, 10004, 43, 25, 32, 3, '120.00', '360.00', '75.00', '225.00', 0, 1434519163, 1434519163),
(81, 10004, 43, 26, 32, 3, '6.00', '18.00', '4.00', '12.00', 0, 1434519163, 1434519163),
(82, 10004, 43, 27, 32, 3, '85.00', '255.00', '40.00', '120.00', 0, 1434519163, 1434519163),
(83, 10004, 44, 23, 32, 33, '18.00', '594.00', '12.00', '396.00', 0, 1435210363, 1435210363),
(84, 10004, 44, 24, 32, 3, '16.00', '48.00', '8.00', '24.00', 0, 1435210363, 1435210363),
(85, 10004, 44, 25, 32, 3, '120.00', '360.00', '75.00', '225.00', 0, 1435210363, 1435210363),
(86, 10004, 44, 26, 32, 3, '6.00', '18.00', '4.00', '12.00', 0, 1435210363, 1435210363),
(87, 10004, 44, 27, 32, 2, '85.00', '170.00', '40.00', '80.00', 0, 1435210363, 1435210363),
(88, 10004, 45, 23, 32, 22, '18.00', '396.00', '12.00', '264.00', 0, 1435469563, 1435469563),
(89, 10004, 45, 26, 32, 2, '6.00', '12.00', '4.00', '8.00', 0, 1435469563, 1435469563),
(90, 10004, 45, 27, 32, 2, '85.00', '170.00', '40.00', '80.00', 0, 1435469563, 1435469563),
(91, 10004, 45, 28, 32, 2, '85.00', '170.00', '55.00', '110.00', 0, 1435469563, 1435469563),
(92, 10004, 45, 29, 32, 2, '85.00', '170.00', '55.00', '110.00', 0, 1435469563, 1435469563),
(93, 10004, 46, 23, 31, 11, '25.00', '275.00', '12.00', '132.00', 0, 1435729136, 1435729136),
(94, 10004, 46, 24, 31, 2, '25.00', '50.00', '8.00', '16.00', 0, 1435729136, 1435729136),
(95, 10004, 46, 25, 31, 2, '140.00', '280.00', '75.00', '150.00', 0, 1435729136, 1435729136),
(96, 10004, 47, 23, 33, 11, '14.00', '154.00', '12.00', '132.00', 0, 1435815536, 1435815536),
(97, 10004, 47, 24, 33, 2, '12.00', '24.00', '8.00', '16.00', 0, 1435815536, 1435815536),
(98, 10004, 47, 25, 33, 2, '100.00', '200.00', '75.00', '150.00', 0, 1435815536, 1435815536),
(99, 10004, 47, 26, 33, 2, '5.00', '10.00', '4.00', '8.00', 0, 1435815536, 1435815536),
(100, 10004, 47, 27, 33, 2, '65.00', '130.00', '40.00', '80.00', 0, 1435815536, 1435815536),
(101, 10004, 48, 23, 33, 3, '14.00', '42.00', '12.00', '36.00', 0, 1435988336, 1435988336),
(102, 10004, 48, 24, 33, 3, '12.00', '36.00', '8.00', '24.00', 0, 1435988336, 1435988336),
(103, 10004, 48, 25, 33, 3, '100.00', '300.00', '75.00', '225.00', 0, 1435988336, 1435988336),
(104, 10004, 49, 23, 31, 2, '25.00', '50.00', '12.00', '24.00', 0, 1436506736, 1436506736),
(105, 10004, 49, 24, 31, 3, '25.00', '75.00', '8.00', '24.00', 0, 1436506736, 1436506736),
(106, 10004, 49, 25, 31, 3, '140.00', '420.00', '75.00', '225.00', 0, 1436506736, 1436506736),
(107, 10004, 50, 23, 34, 50, '13.00', '650.00', '12.00', '600.00', 0, 1436938736, 1436938736),
(108, 10004, 50, 24, 34, 11, '10.00', '110.00', '8.00', '88.00', 0, 1436938736, 1436938736),
(109, 10004, 50, 26, 34, 19, '4.50', '85.50', '4.00', '76.00', 0, 1436938736, 1436938736),
(110, 10004, 50, 27, 34, 10, '50.00', '500.00', '40.00', '400.00', 0, 1436938736, 1436938736),
(111, 10004, 50, 28, 34, 10, '65.00', '650.00', '55.00', '550.00', 0, 1436938736, 1436938736),
(112, 10004, 50, 29, 34, 80, '65.00', '5200.00', '55.00', '4400.00', 0, 1436938736, 1436938736),
(113, 10004, 51, 23, 32, 10, '18.00', '180.00', '12.00', '120.00', 0, 1437370736, 1437370736),
(114, 10004, 51, 24, 32, 12, '16.00', '192.00', '8.00', '96.00', 0, 1437370736, 1437370736),
(115, 10004, 51, 25, 32, 1, '120.00', '120.00', '75.00', '75.00', 0, 1437370736, 1437370736),
(116, 10004, 51, 28, 32, 1, '85.00', '85.00', '55.00', '55.00', 0, 1437370736, 1437370736),
(117, 10004, 51, 29, 32, 1, '85.00', '85.00', '55.00', '55.00', 0, 1437370736, 1437370736),
(118, 10004, 52, 23, 31, 55, '25.00', '1375.00', '12.00', '660.00', 0, 1438234736, 1438234736),
(119, 10004, 52, 24, 31, 5, '25.00', '125.00', '8.00', '40.00', 0, 1438234736, 1438234736),
(120, 10004, 52, 25, 31, 5, '140.00', '700.00', '75.00', '375.00', 0, 1438234736, 1438234736),
(121, 10004, 52, 26, 31, 3, '7.00', '21.00', '4.00', '12.00', 0, 1438234736, 1438234736),
(122, 10004, 53, 23, 32, 16, '18.00', '288.00', '12.00', '192.00', 0, 1438493936, 1438493936),
(123, 10004, 53, 24, 32, 15, '16.00', '240.00', '8.00', '120.00', 0, 1438493936, 1438493936),
(124, 10004, 53, 25, 32, 1, '120.00', '120.00', '75.00', '75.00', 0, 1438493936, 1438493936),
(125, 10004, 53, 26, 32, 1, '6.00', '6.00', '4.00', '4.00', 0, 1438493936, 1438493936),
(126, 10004, 53, 27, 32, 1, '85.00', '85.00', '40.00', '40.00', 0, 1438493936, 1438493936),
(127, 10004, 53, 28, 32, 1, '85.00', '85.00', '55.00', '55.00', 0, 1438493936, 1438493936),
(128, 10004, 53, 29, 32, 1, '85.00', '85.00', '55.00', '55.00', 0, 1438493936, 1438493936),
(129, 10004, 54, 23, 32, 3, '18.00', '54.00', '12.00', '36.00', 0, 1439185136, 1439185136),
(130, 10004, 54, 24, 32, 3, '16.00', '48.00', '8.00', '24.00', 0, 1439185136, 1439185136),
(131, 10004, 54, 25, 32, 3, '120.00', '360.00', '75.00', '225.00', 0, 1439185136, 1439185136),
(132, 10004, 55, 23, 30, 2, '40.00', '80.00', '12.00', '24.00', 0, 1440049136, 1440049136),
(133, 10004, 55, 24, 30, 2, '40.00', '80.00', '8.00', '16.00', 0, 1440049136, 1440049136),
(134, 10004, 55, 25, 30, 2, '160.00', '320.00', '75.00', '150.00', 0, 1440049136, 1440049136),
(135, 10004, 55, 26, 30, 2, '8.00', '16.00', '4.00', '8.00', 0, 1440049136, 1440049136),
(136, 10004, 55, 27, 30, 4, '120.00', '480.00', '40.00', '160.00', 0, 1440049136, 1440049136),
(137, 10004, 56, 23, 29, 33, '60.00', '1980.00', '12.00', '396.00', 0, 1440481136, 1440481136),
(138, 10004, 56, 24, 29, 3, '60.00', '180.00', '8.00', '24.00', 0, 1440481136, 1440481136),
(139, 10004, 56, 25, 29, 3, '198.00', '594.00', '75.00', '225.00', 0, 1440481136, 1440481136),
(140, 10004, 57, 23, 34, 60, '13.00', '780.00', '12.00', '720.00', 0, 1440567536, 1440567536),
(141, 10004, 57, 24, 34, 6, '10.00', '60.00', '8.00', '48.00', 0, 1440567536, 1440567536),
(142, 10004, 57, 25, 34, 6, '85.00', '510.00', '75.00', '450.00', 0, 1440567536, 1440567536),
(143, 10004, 57, 26, 34, 6, '4.50', '27.00', '4.00', '24.00', 0, 1440567536, 1440567536),
(144, 10004, 57, 27, 34, 6, '50.00', '300.00', '40.00', '240.00', 0, 1440567536, 1440567536),
(145, 10004, 57, 29, 34, 4, '65.00', '260.00', '55.00', '220.00', 0, 1440567536, 1440567536),
(146, 10004, 58, 23, 31, 11, '25.00', '275.00', '12.00', '132.00', 0, 1441172336, 1441172336),
(147, 10004, 58, 24, 31, 2, '25.00', '50.00', '8.00', '16.00', 0, 1441172336, 1441172336),
(148, 10004, 58, 25, 31, 2, '140.00', '280.00', '75.00', '150.00', 0, 1441172336, 1441172336),
(149, 10004, 58, 26, 31, 2, '7.00', '14.00', '4.00', '8.00', 0, 1441172336, 1441172336),
(150, 10004, 59, 23, 32, 20, '18.00', '360.00', '12.00', '240.00', 0, 1441690736, 1441690736),
(151, 10004, 59, 24, 32, 3, '16.00', '48.00', '8.00', '24.00', 0, 1441690736, 1441690736),
(152, 10004, 59, 25, 32, 3, '120.00', '360.00', '75.00', '225.00', 0, 1441690736, 1441690736),
(153, 10004, 60, 23, 30, 10, '40.00', '400.00', '12.00', '120.00', 0, 1443418736, 1443418736),
(154, 10004, 60, 25, 30, 7, '160.00', '1120.00', '75.00', '525.00', 0, 1443418736, 1443418736),
(155, 10004, 60, 26, 30, 7, '8.00', '56.00', '4.00', '28.00', 0, 1443418736, 1443418736),
(156, 10004, 60, 27, 30, 7, '120.00', '840.00', '40.00', '280.00', 0, 1443418736, 1443418736),
(157, 10004, 60, 28, 30, 7, '120.00', '840.00', '55.00', '385.00', 0, 1443418736, 1443418736),
(158, 10004, 61, 23, 34, 10, '13.00', '130.00', '12.00', '120.00', 0, 1443764336, 1443764336),
(159, 10004, 61, 24, 34, 4, '10.00', '40.00', '8.00', '32.00', 0, 1443764336, 1443764336),
(160, 10004, 61, 25, 34, 4, '85.00', '340.00', '75.00', '300.00', 0, 1443764336, 1443764336),
(161, 10004, 61, 26, 34, 4, '4.50', '18.00', '4.00', '16.00', 0, 1443764336, 1443764336),
(162, 10004, 61, 27, 34, 4, '50.00', '200.00', '40.00', '160.00', 0, 1443764336, 1443764336),
(163, 10004, 61, 28, 34, 4, '65.00', '260.00', '55.00', '220.00', 0, 1443764336, 1443764336),
(164, 10004, 61, 29, 34, 4, '65.00', '260.00', '55.00', '220.00', 0, 1443764336, 1443764336),
(165, 10004, 62, 23, 32, 100, '18.00', '1800.00', '12.00', '1200.00', 0, 1444973936, 1444973936),
(166, 10004, 62, 24, 32, 5, '16.00', '80.00', '8.00', '40.00', 0, 1444973936, 1444973936),
(167, 10004, 62, 25, 32, 5, '120.00', '600.00', '75.00', '375.00', 0, 1444973936, 1444973936),
(168, 10004, 62, 26, 32, 5, '6.00', '30.00', '4.00', '20.00', 0, 1444973936, 1444973936),
(169, 10004, 62, 27, 32, 5, '85.00', '425.00', '40.00', '200.00', 0, 1444973936, 1444973936),
(170, 10004, 62, 28, 32, 5, '85.00', '425.00', '55.00', '275.00', 0, 1444973936, 1444973936),
(171, 10004, 62, 29, 32, 5, '85.00', '425.00', '55.00', '275.00', 0, 1444973936, 1444973936),
(172, 10004, 63, 23, 32, 55, '18.00', '990.00', '12.00', '660.00', 0, 1447652336, 1447652336),
(173, 10004, 63, 27, 32, 55, '85.00', '4675.00', '40.00', '2200.00', 0, 1447652336, 1447652336),
(174, 10004, 63, 28, 32, 66, '85.00', '5610.00', '55.00', '3630.00', 0, 1447652336, 1447652336),
(175, 10004, 64, 23, 31, 100, '25.00', '2500.00', '12.00', '1200.00', 0, 1450244336, 1450244336),
(176, 10004, 64, 24, 31, 3, '25.00', '75.00', '8.00', '24.00', 0, 1450244336, 1450244336),
(177, 10004, 64, 25, 31, 3, '140.00', '420.00', '75.00', '225.00', 0, 1450244336, 1450244336),
(178, 10004, 64, 26, 31, 3, '7.00', '21.00', '4.00', '12.00', 0, 1450244336, 1450244336),
(179, 10004, 64, 27, 31, 3, '100.00', '300.00', '40.00', '120.00', 0, 1450244336, 1450244336),
(180, 10004, 65, 23, 30, 12, '40.00', '480.00', '12.00', '144.00', 0, 1451540336, 1451540336),
(181, 10004, 65, 24, 30, 22, '40.00', '880.00', '8.00', '176.00', 0, 1451540336, 1451540336),
(182, 10004, 65, 25, 30, 2, '160.00', '320.00', '75.00', '150.00', 0, 1451540336, 1451540336),
(183, 10004, 65, 26, 30, 2, '8.00', '16.00', '4.00', '8.00', 0, 1451540336, 1451540336),
(184, 10004, 66, 23, 33, 33, '14.00', '462.00', '12.00', '396.00', 0, 1453527536, 1453527536),
(185, 10004, 66, 24, 33, 3, '12.00', '36.00', '8.00', '24.00', 0, 1453527536, 1453527536),
(186, 10004, 66, 25, 33, 3, '100.00', '300.00', '75.00', '225.00', 0, 1453527536, 1453527536),
(187, 10004, 66, 26, 33, 3, '5.00', '15.00', '4.00', '12.00', 0, 1453527536, 1453527536),
(188, 10004, 66, 27, 33, 3, '65.00', '195.00', '40.00', '120.00', 0, 1453527536, 1453527536),
(189, 10004, 66, 28, 33, 3, '75.00', '225.00', '55.00', '165.00', 0, 1453527536, 1453527536),
(190, 10004, 67, 23, 34, 3, '13.00', '39.00', '12.00', '36.00', 0, 1453786736, 1453786736),
(191, 10004, 67, 24, 34, 3, '10.00', '30.00', '8.00', '24.00', 0, 1453786736, 1453786736),
(192, 10004, 67, 25, 34, 3, '85.00', '255.00', '75.00', '225.00', 0, 1453786736, 1453786736),
(193, 10004, 67, 26, 34, 3, '4.50', '13.50', '4.00', '12.00', 0, 1453786736, 1453786736),
(194, 10004, 67, 27, 34, 3, '50.00', '150.00', '40.00', '120.00', 0, 1453786736, 1453786736),
(195, 10004, 68, 23, 31, 3, '25.00', '75.00', '12.00', '36.00', 0, 1456205936, 1456205936),
(196, 10004, 68, 24, 31, 3, '25.00', '75.00', '8.00', '24.00', 0, 1456205936, 1456205936),
(197, 10004, 68, 25, 31, 3, '140.00', '420.00', '75.00', '225.00', 0, 1456205936, 1456205936),
(198, 10004, 68, 26, 31, 3, '7.00', '21.00', '4.00', '12.00', 0, 1456205936, 1456205936),
(199, 10004, 69, 23, 33, 100, '14.00', '1400.00', '12.00', '1200.00', 0, 1458711536, 1458711536),
(200, 10004, 69, 24, 33, 60, '12.00', '720.00', '8.00', '480.00', 0, 1458711536, 1458711536),
(201, 10004, 69, 25, 33, 44, '100.00', '4400.00', '75.00', '3300.00', 0, 1458711536, 1458711536),
(202, 10004, 69, 26, 33, 4, '5.00', '20.00', '4.00', '16.00', 0, 1458711536, 1458711536),
(203, 10004, 69, 27, 33, 5, '65.00', '325.00', '40.00', '200.00', 0, 1458711536, 1458711536),
(204, 10004, 69, 28, 33, 66, '75.00', '4950.00', '55.00', '3630.00', 0, 1458711536, 1458711536),
(205, 10004, 69, 29, 33, 7, '75.00', '525.00', '55.00', '385.00', 0, 1458711536, 1458711536),
(206, 10004, 70, 23, 34, 100, '13.00', '1300.00', '12.00', '1200.00', 0, 1461217136, 1461217136),
(207, 10004, 70, 24, 34, 77, '10.00', '770.00', '8.00', '616.00', 0, 1461217136, 1461217136),
(208, 10004, 70, 25, 34, 80, '85.00', '6800.00', '75.00', '6000.00', 0, 1461217136, 1461217136),
(209, 10004, 70, 26, 34, 7, '4.50', '31.50', '4.00', '28.00', 0, 1461217136, 1461217136),
(210, 10004, 70, 27, 34, 66, '50.00', '3300.00', '40.00', '2640.00', 0, 1461217136, 1461217136),
(211, 10004, 70, 28, 34, 5, '65.00', '325.00', '55.00', '275.00', 0, 1461217136, 1461217136),
(212, 10004, 71, 23, 31, 10, '25.00', '250.00', '12.00', '120.00', 0, 1463809136, 1463809136),
(213, 10004, 71, 24, 31, 44, '25.00', '1100.00', '8.00', '352.00', 0, 1463809136, 1463809136),
(214, 10004, 71, 25, 31, 4, '140.00', '560.00', '75.00', '300.00', 0, 1463809136, 1463809136),
(215, 10004, 71, 26, 31, 4, '7.00', '28.00', '4.00', '16.00', 0, 1463809136, 1463809136),
(216, 10004, 71, 27, 31, 4, '100.00', '400.00', '40.00', '160.00', 0, 1463809136, 1463809136),
(217, 10004, 72, 23, 31, 10, '25.00', '250.00', '12.00', '120.00', 0, 1467351536, 1467351536),
(218, 10004, 72, 24, 31, 4, '25.00', '100.00', '8.00', '32.00', 0, 1467351536, 1467351536),
(219, 10004, 72, 25, 31, 4, '140.00', '560.00', '75.00', '300.00', 0, 1467351536, 1467351536),
(220, 10004, 72, 26, 31, 4, '7.00', '28.00', '4.00', '16.00', 0, 1467351536, 1467351536),
(221, 10004, 73, 23, 34, 100, '13.00', '1300.00', '12.00', '1200.00', 0, 1467610736, 1467610736),
(222, 10004, 73, 24, 34, 90, '10.00', '900.00', '8.00', '720.00', 0, 1467610736, 1467610736),
(223, 10004, 73, 25, 34, 87, '85.00', '7395.00', '75.00', '6525.00', 0, 1467610736, 1467610736),
(224, 10004, 73, 26, 34, 5, '4.50', '22.50', '4.00', '20.00', 0, 1467610736, 1467610736),
(225, 10004, 73, 27, 34, 4, '50.00', '200.00', '40.00', '160.00', 0, 1467610736, 1467610736),
(226, 10004, 73, 28, 34, 3, '65.00', '195.00', '55.00', '165.00', 0, 1467610736, 1467610736),
(227, 10004, 73, 29, 34, 3, '65.00', '195.00', '55.00', '165.00', 0, 1467610736, 1467610736),
(228, 10004, 74, 23, 34, 80, '13.00', '1040.00', '12.00', '960.00', 0, 1468215536, 1468215536),
(229, 10004, 74, 24, 34, 6, '10.00', '60.00', '8.00', '48.00', 0, 1468215536, 1468215536),
(230, 10004, 74, 25, 34, 5, '85.00', '425.00', '75.00', '375.00', 0, 1468215536, 1468215536),
(231, 10004, 74, 26, 34, 6, '4.50', '27.00', '4.00', '24.00', 0, 1468215536, 1468215536),
(232, 10004, 74, 27, 34, 7, '50.00', '350.00', '40.00', '280.00', 0, 1468215536, 1468215536),
(233, 10004, 74, 28, 34, 8, '65.00', '520.00', '55.00', '440.00', 0, 1468215536, 1468215536),
(234, 10004, 74, 29, 34, 9, '65.00', '585.00', '55.00', '495.00', 0, 1468215536, 1468215536),
(235, 10004, 75, 23, 33, 20, '14.00', '280.00', '12.00', '240.00', 0, 1468302496, 1468302496),
(236, 10004, 75, 24, 33, 30, '12.00', '360.00', '8.00', '240.00', 0, 1468302496, 1468302496),
(237, 10004, 75, 25, 33, 20, '100.00', '2000.00', '75.00', '1500.00', 0, 1468302496, 1468302496),
(238, 10004, 75, 26, 33, 10, '5.00', '50.00', '4.00', '40.00', 0, 1468302496, 1468302496),
(239, 10004, 75, 27, 33, 5, '65.00', '325.00', '40.00', '200.00', 0, 1468302496, 1468302496),
(240, 10004, 75, 28, 33, 5, '75.00', '375.00', '55.00', '275.00', 0, 1468302496, 1468302496),
(241, 10004, 75, 29, 33, 5, '75.00', '375.00', '55.00', '275.00', 0, 1468302496, 1468302496),
(242, 10004, 76, 23, 34, 20, '13.00', '260.00', '12.00', '240.00', 0, 1468304370, 1468304370),
(243, 10004, 77, 23, 33, 10, '14.00', '140.00', '12.00', '120.00', 0, 1468304708, 1468304708),
(244, 10004, 78, 23, 32, 10, '18.00', '180.00', '12.00', '120.00', 0, 1468374031, 1468374031),
(245, 10004, 78, 24, 32, 10, '16.00', '160.00', '8.00', '80.00', 0, 1468374031, 1468374031),
(246, 10004, 78, 25, 32, 1, '120.00', '120.00', '75.00', '75.00', 0, 1468374031, 1468374031),
(247, 10004, 78, 26, 32, 20, '6.00', '120.00', '4.00', '80.00', 0, 1468374031, 1468374031),
(248, 10004, 78, 27, 32, 1, '85.00', '85.00', '40.00', '40.00', 0, 1468374031, 1468374031),
(249, 10004, 78, 28, 32, 1, '85.00', '85.00', '55.00', '55.00', 0, 1468374031, 1468374031),
(250, 10004, 78, 29, 32, 1, '85.00', '85.00', '55.00', '55.00', 0, 1468374031, 1468374031),
(251, 10004, 79, 23, 33, 50, '14.00', '700.00', '12.00', '600.00', 0, 1468378570, 1468378570),
(252, 10004, 80, 23, 34, 20, '13.00', '260.00', '12.00', '240.00', 0, 1468403641, 1468403641),
(253, 10004, 81, 23, 32, 20, '18.00', '360.00', '12.00', '240.00', 0, 1468403661, 1468403661),
(254, 10004, 81, 24, 32, 10, '16.00', '160.00', '8.00', '80.00', 0, 1468403661, 1468403661),
(255, 10004, 82, 23, 34, 100, '13.00', '1300.00', '12.00', '1200.00', 0, 1468414916, 1468414916),
(256, 10004, 83, 23, 32, 10, '18.00', '180.00', '12.00', '120.00', 0, 1468417415, 1468417415),
(257, 10004, 84, 23, 30, 500, '40.00', '20000.00', '12.00', '6000.00', 0, 1468477091, 1468477091),
(258, 10004, 84, 24, 30, 100, '40.00', '4000.00', '8.00', '800.00', 0, 1468477091, 1468477091),
(259, 10004, 84, 25, 30, 10, '160.00', '1600.00', '75.00', '750.00', 0, 1468477091, 1468477091),
(260, 10004, 84, 26, 30, 10, '8.00', '80.00', '4.00', '40.00', 0, 1468477091, 1468477091),
(261, 10004, 84, 27, 30, 10, '120.00', '1200.00', '40.00', '400.00', 0, 1468477091, 1468477091),
(262, 10004, 84, 28, 30, 10, '120.00', '1200.00', '55.00', '550.00', 0, 1468477091, 1468477091),
(263, 10004, 84, 29, 30, 10, '130.00', '1300.00', '55.00', '550.00', 0, 1468477091, 1468477091),
(264, 10004, 85, 23, 32, 20, '18.00', '360.00', '12.00', '240.00', 0, 1468477380, 1468477380),
(265, 10004, 85, 24, 32, 10, '16.00', '160.00', '8.00', '80.00', 0, 1468477380, 1468477380),
(266, 10004, 85, 25, 32, 5, '120.00', '600.00', '75.00', '375.00', 0, 1468477380, 1468477380),
(267, 10000, 86, 1, 3, 2, '25.00', '50.00', '13.00', '26.00', 0, 1468503683, 1468503683),
(268, 10000, 87, 1, 3, 10, '25.00', '250.00', '13.00', '130.00', 0, 1468503764, 1468503764),
(269, 10000, 87, 3, 3, 1, '140.00', '140.00', '85.00', '85.00', 0, 1468503764, 1468503764),
(270, 10000, 87, 4, 3, 16, '7.00', '112.00', '4.50', '72.00', 0, 1468503764, 1468503764),
(271, 10000, 88, 1, 3, 1, '25.00', '25.00', '13.00', '13.00', 0, 1468503818, 1468503818),
(272, 10000, 88, 3, 3, 1, '140.00', '140.00', '85.00', '85.00', 0, 1468503818, 1468503818),
(273, 10000, 88, 4, 3, 10, '7.00', '70.00', '4.50', '45.00', 0, 1468503818, 1468503818),
(274, 10000, 88, 5, 3, 2, '100.00', '200.00', '50.00', '100.00', 0, 1468503818, 1468503818),
(275, 10000, 88, 6, 3, 1, '95.00', '95.00', '65.00', '65.00', 0, 1468503818, 1468503818),
(276, 10000, 89, 1, 3, 3, '25.00', '75.00', '13.00', '39.00', 0, 1468503870, 1468503870),
(277, 10000, 89, 3, 3, 1, '140.00', '140.00', '85.00', '85.00', 0, 1468503870, 1468503870),
(278, 10000, 89, 4, 3, 12, '7.00', '84.00', '4.50', '54.00', 0, 1468503870, 1468503870),
(279, 10000, 89, 5, 3, 1, '100.00', '100.00', '50.00', '50.00', 0, 1468503870, 1468503870),
(280, 10000, 89, 7, 3, 2, '100.00', '200.00', '65.00', '130.00', 0, 1468503870, 1468503870),
(281, 10000, 90, 1, 3, 2, '25.00', '50.00', '13.00', '26.00', 0, 1468503893, 1468503893),
(282, 10000, 91, 1, 3, 12, '25.00', '300.00', '13.00', '156.00', 0, 1468503923, 1468503923),
(283, 10000, 91, 2, 3, 4, '25.00', '100.00', '10.00', '40.00', 0, 1468503923, 1468503923),
(284, 10000, 91, 4, 3, 14, '7.00', '98.00', '4.50', '63.00', 0, 1468503923, 1468503923),
(285, 10000, 91, 7, 3, 1, '100.00', '100.00', '65.00', '65.00', 0, 1468503923, 1468503923),
(286, 10000, 92, 1, 3, 5, '25.00', '125.00', '13.00', '65.00', 0, 1468503955, 1468503955),
(287, 10000, 92, 4, 3, 10, '7.00', '70.00', '4.50', '45.00', 0, 1468503955, 1468503955),
(288, 10000, 93, 1, 3, 3, '25.00', '75.00', '13.00', '39.00', 0, 1468504017, 1468504017),
(289, 10000, 93, 2, 3, 1, '25.00', '25.00', '10.00', '10.00', 0, 1468504017, 1468504017),
(290, 10000, 93, 3, 3, 2, '140.00', '280.00', '85.00', '170.00', 0, 1468504017, 1468504017),
(291, 10000, 93, 4, 3, 3, '7.00', '21.00', '4.50', '13.50', 0, 1468504017, 1468504017),
(292, 10000, 93, 5, 3, 1, '100.00', '100.00', '50.00', '50.00', 0, 1468504017, 1468504017),
(293, 10000, 94, 3, 3, 1, '140.00', '140.00', '85.00', '85.00', 0, 1468504065, 1468504065),
(294, 10000, 94, 5, 3, 2, '100.00', '200.00', '50.00', '100.00', 0, 1468504065, 1468504065),
(295, 10000, 95, 1, 3, 3, '25.00', '75.00', '13.00', '39.00', 0, 1468504100, 1468504100),
(296, 10000, 95, 2, 3, 2, '25.00', '50.00', '10.00', '20.00', 0, 1468504100, 1468504100),
(297, 10000, 95, 3, 3, 1, '140.00', '140.00', '85.00', '85.00', 0, 1468504100, 1468504100),
(298, 10000, 95, 4, 3, 6, '7.00', '42.00', '4.50', '27.00', 0, 1468504100, 1468504100),
(299, 10000, 95, 5, 3, 1, '100.00', '100.00', '50.00', '50.00', 0, 1468504100, 1468504100),
(300, 10000, 95, 6, 3, 1, '95.00', '95.00', '65.00', '65.00', 0, 1468504100, 1468504100),
(301, 10000, 95, 7, 3, 1, '100.00', '100.00', '65.00', '65.00', 0, 1468504100, 1468504100),
(302, 10000, 96, 1, 3, 3, '25.00', '75.00', '13.00', '39.00', 0, 1468504168, 1468504137),
(303, 10000, 96, 3, 3, 4, '140.00', '560.00', '85.00', '340.00', 0, 1468504137, 1468504137),
(304, 10000, 96, 6, 3, 4, '95.00', '380.00', '65.00', '260.00', 0, 1468504168, 1468504168),
(305, 10000, 97, 3, 3, 1, '140.00', '140.00', '85.00', '85.00', 0, 1468504182, 1468504182),
(306, 10004, 98, 23, 33, 100, '14.00', '1400.00', '12.00', '1200.00', 0, 1468547186, 1468547186),
(307, 10004, 99, 23, 34, 50, '13.00', '650.00', '12.00', '600.00', 0, 1468547204, 1468547204),
(308, 10004, 99, 25, 34, 10, '85.00', '850.00', '75.00', '750.00', 0, 1468547204, 1468547204),
(309, 10004, 99, 26, 34, 600, '4.50', '2700.00', '4.00', '2400.00', 0, 1468547204, 1468547204),
(310, 10004, 100, 23, 34, 100, '13.00', '1300.00', '12.00', '1200.00', 0, 1468632482, 1468632482),
(311, 10004, 101, 26, 34, 600, '4.50', '2700.00', '4.00', '2400.00', 0, 1468632495, 1468632495),
(312, 10004, 102, 23, 34, 100, '13.00', '1300.00', '12.00', '1200.00', 0, 1468806564, 1468806564),
(313, 10004, 102, 25, 34, 200, '85.00', '17000.00', '75.00', '15000.00', 0, 1468806564, 1468806564),
(314, 10004, 103, 23, 33, 500, '14.00', '7000.00', '12.00', '6000.00', 0, 1468830732, 1468830732),
(315, 10004, 103, 24, 33, 10, '12.00', '120.00', '8.00', '80.00', 0, 1468830732, 1468830732),
(316, 10004, 103, 25, 33, 10, '100.00', '1000.00', '75.00', '750.00', 0, 1468830732, 1468830732),
(317, 10000, 104, 7, 1, 1, '168.00', '168.00', '65.00', '65.00', 0, 1468836597, 1468836597),
(318, 10004, 105, 23, 33, 1000, '14.00', '14000.00', '12.00', '12000.00', 0, 1468847644, 1468847644),
(319, 10004, 105, 26, 33, 200, '5.00', '1000.00', '4.00', '800.00', 0, 1468847644, 1468847644),
(320, 10004, 106, 23, 33, 10, '14.00', '140.00', '12.00', '120.00', 0, 1468909223, 1468909223),
(321, 10000, 107, 1, 3, 4, '25.00', '100.00', '13.00', '52.00', 0, 1469001205, 1469001205),
(322, 10000, 107, 2, 3, 4, '25.00', '100.00', '10.00', '40.00', 0, 1469001205, 1469001205),
(323, 10000, 107, 7, 3, 4, '100.00', '400.00', '65.00', '260.00', 0, 1469001205, 1469001205),
(324, 10004, 108, 23, 33, 200, '14.00', '2800.00', '12.00', '2400.00', 0, 1469065551, 1469065551),
(325, 10004, 108, 24, 33, 10, '12.00', '120.00', '8.00', '80.00', 0, 1469065551, 1469065551),
(326, 10004, 108, 25, 33, 10, '100.00', '1000.00', '75.00', '750.00', 0, 1469065551, 1469065551),
(327, 10004, 108, 26, 33, 100, '5.00', '500.00', '4.00', '400.00', 0, 1469065551, 1469065551),
(328, 10004, 108, 27, 33, 10, '65.00', '650.00', '40.00', '400.00', 0, 1469065551, 1469065551),
(329, 10004, 108, 28, 33, 10, '75.00', '750.00', '55.00', '550.00', 0, 1469065551, 1469065551),
(330, 10004, 108, 29, 33, 10, '75.00', '750.00', '55.00', '550.00', 0, 1469065551, 1469065551),
(331, 10000, 109, 1, 3, 2, '25.00', '50.00', '13.00', '26.00', 0, 1469110450, 1469110450),
(332, 10000, 109, 2, 3, 2, '25.00', '50.00', '10.00', '20.00', 0, 1469110450, 1469110450),
(333, 10000, 109, 3, 3, 1, '140.00', '140.00', '85.00', '85.00', 0, 1469110450, 1469110450),
(334, 10000, 109, 5, 3, 2, '100.00', '200.00', '50.00', '100.00', 0, 1469110450, 1469110450),
(335, 10000, 109, 7, 3, 2, '100.00', '200.00', '65.00', '130.00', 0, 1469110450, 1469110450),
(336, 10000, 110, 1, 2, 1, '40.00', '40.00', '13.00', '13.00', 0, 1469110610, 1469110610),
(337, 10000, 110, 2, 2, 2, '40.00', '80.00', '10.00', '20.00', 0, 1469110610, 1469110610),
(338, 10000, 110, 4, 2, 2, '8.00', '16.00', '4.50', '9.00', 0, 1469110610, 1469110610),
(339, 10000, 110, 7, 2, 1, '130.00', '130.00', '65.00', '65.00', 0, 1469110610, 1469110610),
(340, 10000, 111, 1, 2, 3, '40.00', '120.00', '13.00', '39.00', 0, 1469110770, 1469110770),
(341, 10004, 112, 23, 34, 100, '13.00', '1300.00', '12.00', '1200.00', 0, 1469169570, 1469169570),
(342, 10004, 112, 24, 34, 10, '10.00', '100.00', '8.00', '80.00', 0, 1469169570, 1469169570),
(343, 10004, 112, 25, 34, 20, '85.00', '1700.00', '75.00', '1500.00', 0, 1469169570, 1469169570),
(344, 10004, 112, 26, 34, 100, '4.50', '450.00', '4.00', '400.00', 0, 1469169570, 1469169570),
(345, 10004, 112, 27, 34, 10, '50.00', '500.00', '40.00', '400.00', 0, 1469169570, 1469169570),
(346, 10004, 112, 29, 34, 20, '65.00', '1300.00', '55.00', '1100.00', 0, 1469169570, 1469169570),
(347, 10000, 113, 1, 2, 2, '40.00', '80.00', '13.00', '26.00', 0, 1469173609, 1469173609),
(348, 10000, 113, 4, 2, 10, '8.00', '80.00', '4.50', '45.00', 0, 1469173609, 1469173609),
(349, 10000, 114, 1, 4, 22, '18.00', '396.00', '13.00', '286.00', 0, 1469411102, 1469344918),
(350, 10000, 114, 2, 4, 7, '16.00', '112.00', '10.00', '70.00', 0, 1469411102, 1469344918),
(351, 10000, 114, 3, 4, 4, '120.00', '480.00', '85.00', '340.00', 0, 1469411102, 1469344918),
(352, 10000, 114, 4, 4, 60, '6.00', '360.00', '4.50', '270.00', 0, 1469411102, 1469344918),
(353, 10000, 114, 6, 4, 11, '85.00', '935.00', '65.00', '715.00', 0, 1469411102, 1469344918),
(354, 10000, 114, 7, 4, 5, '85.00', '425.00', '65.00', '325.00', 0, 1469411102, 1469344918),
(355, 10000, 115, 1, 3, 4, '25.00', '100.00', '13.00', '52.00', 0, 1469345053, 1469345053),
(356, 10000, 115, 3, 3, 2, '140.00', '280.00', '85.00', '170.00', 0, 1469345053, 1469345053),
(357, 10000, 115, 7, 3, 2, '100.00', '200.00', '65.00', '130.00', 0, 1469345053, 1469345053),
(358, 10004, 116, 23, 33, 50, '14.00', '700.00', '12.00', '600.00', 0, 1469411665, 1469411665),
(359, 10004, 116, 24, 33, 34, '12.00', '408.00', '8.00', '272.00', 0, 1469411665, 1469411665),
(360, 10004, 116, 25, 33, 22, '100.00', '2200.00', '75.00', '1650.00', 0, 1469411665, 1469411665),
(361, 10004, 116, 26, 33, 2, '5.00', '10.00', '4.00', '8.00', 0, 1469411665, 1469411665),
(362, 10004, 116, 27, 33, 2, '65.00', '130.00', '40.00', '80.00', 0, 1469411665, 1469411665),
(363, 10004, 116, 28, 33, 33, '75.00', '2475.00', '55.00', '1815.00', 0, 1469411665, 1469411665),
(364, 10004, 116, 29, 33, 33, '75.00', '2475.00', '55.00', '1815.00', 0, 1469411665, 1469411665),
(365, 10000, 117, 1, 3, 10, '25.00', '250.00', '13.00', '130.00', 0, 1469452631, 1469452631),
(366, 10000, 117, 3, 3, 1, '140.00', '140.00', '85.00', '85.00', 0, 1469452631, 1469452631),
(367, 10000, 117, 4, 3, 2, '7.00', '14.00', '4.50', '9.00', 0, 1469452631, 1469452631),
(368, 10000, 117, 5, 3, 1, '100.00', '100.00', '50.00', '50.00', 0, 1469452631, 1469452631),
(369, 10000, 117, 7, 3, 1, '100.00', '100.00', '65.00', '65.00', 0, 1469452631, 1469452631),
(370, 10000, 118, 2, 3, 1, '25.00', '25.00', '10.00', '10.00', 0, 1469455627, 1469455627),
(371, 10000, 118, 4, 3, 10, '7.00', '70.00', '4.50', '45.00', 0, 1469455627, 1469455627),
(372, 10000, 119, 2, 3, 4, '25.00', '100.00', '10.00', '40.00', 0, 1469536736, 1469536688),
(373, 10000, 119, 3, 3, 1, '140.00', '140.00', '85.00', '85.00', 0, 1469536736, 1469536688),
(374, 10000, 119, 4, 3, 10, '7.00', '70.00', '4.50', '45.00', 0, 1469536736, 1469536688),
(375, 10000, 119, 6, 3, 1, '95.00', '95.00', '65.00', '65.00', 0, 1469536736, 1469536688),
(376, 10000, 119, 7, 3, 2, '100.00', '200.00', '65.00', '130.00', 0, 1469536736, 1469536688),
(377, 10004, 120, 23, 34, 20, '13.00', '260.00', '12.00', '240.00', 0, 1469590592, 1469590592),
(378, 10004, 120, 25, 34, 10, '85.00', '850.00', '75.00', '750.00', 0, 1469590592, 1469590592),
(379, 10004, 120, 26, 34, 10, '4.50', '45.00', '4.00', '40.00', 0, 1469590592, 1469590592),
(380, 10004, 120, 27, 34, 10, '50.00', '500.00', '40.00', '400.00', 0, 1469590592, 1469590592),
(381, 10004, 120, 28, 34, 10, '65.00', '650.00', '55.00', '550.00', 0, 1469590592, 1469590592),
(382, 10000, 121, 1, 3, 4, '25.00', '100.00', '13.00', '52.00', 0, 1469592371, 1469592371),
(383, 10000, 121, 2, 3, 2, '25.00', '50.00', '10.00', '20.00', 0, 1469592371, 1469592371),
(384, 10000, 121, 3, 3, 1, '140.00', '140.00', '85.00', '85.00', 0, 1469592371, 1469592371),
(385, 10000, 121, 4, 3, 5, '7.00', '35.00', '4.50', '22.50', 0, 1469592371, 1469592371),
(386, 10000, 121, 5, 3, 1, '100.00', '100.00', '50.00', '50.00', 0, 1469592371, 1469592371),
(387, 10000, 121, 7, 3, 1, '100.00', '100.00', '65.00', '65.00', 0, 1469592371, 1469592371),
(388, 10000, 122, 1, 3, 1, '25.00', '25.00', '13.00', '13.00', 0, 1469592499, 1469592499),
(389, 10000, 122, 2, 3, 1, '25.00', '25.00', '10.00', '10.00', 0, 1469592499, 1469592499),
(390, 10000, 122, 3, 3, 1, '140.00', '140.00', '85.00', '85.00', 0, 1469592499, 1469592499),
(391, 10000, 122, 4, 3, 5, '7.00', '35.00', '4.50', '22.50', 0, 1469592499, 1469592499),
(392, 10000, 122, 5, 3, 1, '100.00', '100.00', '50.00', '50.00', 0, 1469592499, 1469592499),
(393, 10000, 122, 6, 3, 1, '95.00', '95.00', '65.00', '65.00', 0, 1469592499, 1469592499),
(394, 10000, 122, 7, 3, 1, '100.00', '100.00', '65.00', '65.00', 0, 1469592499, 1469592499),
(395, 10000, 123, 1, 2, 1, '40.00', '40.00', '13.00', '13.00', 0, 1469676222, 1469676222),
(396, 10000, 123, 2, 2, 2, '40.00', '80.00', '10.00', '20.00', 0, 1469676222, 1469676222),
(397, 10004, 124, 23, 33, 100, '14.00', '1400.00', '12.00', '1200.00', 0, 1469756321, 1469756321),
(398, 10004, 124, 24, 33, 100, '12.00', '1200.00', '8.00', '800.00', 0, 1469756321, 1469756321),
(399, 10004, 124, 25, 33, 10, '100.00', '1000.00', '75.00', '750.00', 0, 1469756321, 1469756321),
(400, 10004, 124, 26, 33, 100, '5.00', '500.00', '4.00', '400.00', 0, 1469756321, 1469756321),
(401, 10004, 124, 27, 33, 11, '65.00', '715.00', '40.00', '440.00', 0, 1469756321, 1469756321),
(402, 10004, 124, 28, 33, 20, '75.00', '1500.00', '55.00', '1100.00', 0, 1469756321, 1469756321),
(403, 10004, 124, 29, 33, 20, '75.00', '1500.00', '55.00', '1100.00', 0, 1469756321, 1469756321),
(404, 10000, 125, 1, 4, 11, '18.00', '198.00', '13.00', '143.00', 0, 1469786688, 1469786688),
(405, 10000, 125, 2, 4, 20, '16.00', '320.00', '10.00', '200.00', 0, 1469786688, 1469786688),
(406, 10000, 125, 3, 4, 3, '120.00', '360.00', '85.00', '255.00', 0, 1469786688, 1469786688),
(407, 10000, 125, 4, 4, 21, '6.00', '126.00', '4.50', '94.50', 0, 1469786688, 1469786688),
(408, 10000, 125, 5, 4, 2, '85.00', '170.00', '50.00', '100.00', 0, 1469786688, 1469786688),
(409, 10000, 125, 6, 4, 15, '85.00', '1275.00', '65.00', '975.00', 0, 1469786688, 1469786688),
(410, 10000, 125, 7, 4, 3, '85.00', '255.00', '65.00', '195.00', 0, 1469786688, 1469786688),
(411, 10000, 126, 1, 2, 1, '40.00', '40.00', '13.00', '13.00', 0, 1469875968, 1469875968),
(412, 10000, 126, 2, 2, 2, '40.00', '80.00', '10.00', '20.00', 0, 1469875968, 1469875968),
(413, 10000, 126, 4, 2, 2, '8.00', '16.00', '4.50', '9.00', 0, 1469875968, 1469875968),
(414, 10000, 126, 7, 2, 1, '130.00', '130.00', '65.00', '65.00', 0, 1469875968, 1469875968),
(415, 10000, 127, 1, 3, 10, '25.00', '250.00', '13.00', '130.00', 0, 1469954459, 1469954459),
(416, 10000, 127, 2, 3, 2, '25.00', '50.00', '10.00', '20.00', 0, 1469954459, 1469954459),
(417, 10000, 128, 1, 3, 4, '25.00', '100.00', '13.00', '52.00', 0, 1470037918, 1470037918),
(418, 10000, 128, 2, 3, 4, '25.00', '100.00', '10.00', '40.00', 0, 1470037918, 1470037918),
(419, 10000, 128, 3, 3, 2, '140.00', '280.00', '85.00', '170.00', 0, 1470037918, 1470037918),
(420, 10000, 128, 4, 3, 10, '7.00', '70.00', '4.50', '45.00', 0, 1470037918, 1470037918),
(421, 10000, 129, 1, 4, 18, '18.00', '324.00', '13.00', '234.00', 0, 1470134063, 1470129894),
(422, 10000, 129, 2, 4, 18, '16.00', '288.00', '10.00', '180.00', 0, 1470134063, 1470129894),
(423, 10000, 129, 3, 4, 6, '120.00', '720.00', '85.00', '510.00', 0, 1470134063, 1470129894),
(424, 10000, 129, 4, 4, 40, '6.00', '240.00', '4.50', '180.00', 0, 1470134063, 1470129894),
(425, 10000, 129, 5, 4, 3, '85.00', '255.00', '50.00', '150.00', 0, 1470134063, 1470129894),
(426, 10000, 129, 6, 4, 6, '85.00', '510.00', '65.00', '390.00', 0, 1470134063, 1470129894),
(427, 10000, 129, 7, 4, 5, '85.00', '425.00', '65.00', '325.00', 0, 1470134063, 1470129894),
(428, 10000, 130, 2, 3, 4, '25.00', '100.00', '10.00', '40.00', 0, 1470212705, 1470212705),
(429, 10000, 130, 3, 3, 2, '140.00', '280.00', '85.00', '170.00', 0, 1470212705, 1470212705),
(430, 10000, 130, 4, 3, 10, '7.00', '70.00', '4.50', '45.00', 0, 1470212705, 1470212705),
(431, 10000, 130, 5, 3, 1, '100.00', '100.00', '50.00', '50.00', 0, 1470212705, 1470212705),
(432, 10000, 131, 1, 3, 1, '25.00', '25.00', '13.00', '13.00', 0, 1470226349, 1470226349),
(433, 10000, 131, 6, 3, 5, '95.00', '475.00', '65.00', '325.00', 0, 1470226349, 1470226349),
(434, 10000, 132, 6, 3, 2, '95.00', '190.00', '65.00', '130.00', 0, 1470294742, 1470294742),
(435, 10000, 132, 7, 3, 2, '100.00', '200.00', '65.00', '130.00', 0, 1470294742, 1470294742),
(436, 10000, 133, 1, 2, 3, '40.00', '120.00', '13.00', '39.00', 0, 1470295904, 1470295904),
(437, 10000, 134, 2, 3, 2, '25.00', '50.00', '10.00', '20.00', 0, 1470320957, 1470320957),
(438, 10000, 134, 3, 3, 1, '140.00', '140.00', '85.00', '85.00', 0, 1470320957, 1470320957),
(439, 10000, 134, 4, 3, 30, '7.00', '210.00', '4.50', '135.00', 0, 1470320957, 1470320957),
(440, 10000, 134, 7, 3, 1, '100.00', '100.00', '65.00', '65.00', 0, 1470320957, 1470320957),
(441, 10000, 135, 1, 3, 3, '25.00', '75.00', '13.00', '39.00', 0, 1470381319, 1470381319),
(442, 10000, 135, 2, 3, 3, '25.00', '75.00', '10.00', '30.00', 0, 1470381319, 1470381319),
(443, 10000, 135, 4, 3, 22, '7.00', '154.00', '4.50', '99.00', 0, 1470381319, 1470381319),
(444, 10000, 135, 5, 3, 1, '100.00', '100.00', '50.00', '50.00', 0, 1470381319, 1470381319),
(445, 10000, 135, 7, 3, 1, '100.00', '100.00', '65.00', '65.00', 0, 1470381319, 1470381319),
(446, 10000, 136, 1, 3, 6, '25.00', '150.00', '13.00', '78.00', 0, 1470384253, 1470384253),
(447, 10000, 136, 2, 3, 5, '25.00', '125.00', '10.00', '50.00', 0, 1470384253, 1470384253),
(448, 10000, 136, 4, 3, 5, '7.00', '35.00', '4.50', '22.50', 0, 1470384253, 1470384253),
(449, 10000, 137, 1, 2, 2, '40.00', '80.00', '13.00', '26.00', 0, 1470449575, 1470449575),
(450, 10000, 137, 4, 2, 10, '8.00', '80.00', '4.50', '45.00', 0, 1470449575, 1470449575),
(451, 10000, 138, 1, 4, 2, '18.00', '36.00', '13.00', '26.00', 0, 1470639227, 1470639227),
(452, 10000, 138, 2, 4, 4, '16.00', '64.00', '10.00', '40.00', 0, 1470639227, 1470639227),
(453, 10000, 138, 4, 4, 10, '6.00', '60.00', '4.50', '45.00', 0, 1470639227, 1470639227),
(454, 10000, 138, 5, 4, 1, '85.00', '85.00', '50.00', '50.00', 0, 1470639227, 1470639227),
(455, 10000, 138, 6, 4, 3, '85.00', '255.00', '65.00', '195.00', 0, 1470639227, 1470639227),
(456, 10004, 139, 23, 33, 100, '14.00', '1400.00', '12.00', '1200.00', 0, 1470643662, 1470643662),
(457, 10004, 139, 24, 33, 100, '12.00', '1200.00', '8.00', '800.00', 0, 1470643662, 1470643662),
(458, 10004, 139, 25, 33, 20, '100.00', '2000.00', '75.00', '1500.00', 0, 1470643662, 1470643662),
(459, 10004, 139, 26, 33, 20, '5.00', '100.00', '4.00', '80.00', 0, 1470643662, 1470643662),
(460, 10004, 139, 27, 33, 10, '65.00', '650.00', '40.00', '400.00', 0, 1470643662, 1470643662),
(461, 10004, 139, 28, 33, 10, '75.00', '750.00', '55.00', '550.00', 0, 1470643662, 1470643662),
(462, 10004, 139, 29, 33, 10, '75.00', '750.00', '55.00', '550.00', 0, 1470643662, 1470643662),
(463, 10000, 140, 1, 3, 2, '25.00', '50.00', '13.00', '26.00', 0, 1470761741, 1470761741),
(464, 10000, 140, 2, 3, 4, '25.00', '100.00', '10.00', '40.00', 0, 1470761741, 1470761741),
(465, 10000, 140, 3, 3, 1, '140.00', '140.00', '85.00', '85.00', 0, 1470761741, 1470761741),
(466, 10000, 140, 4, 3, 32, '7.00', '224.00', '4.50', '144.00', 0, 1470761741, 1470761741),
(467, 10000, 140, 5, 3, 1, '100.00', '100.00', '50.00', '50.00', 0, 1470761741, 1470761741),
(468, 10000, 140, 7, 3, 1, '100.00', '100.00', '65.00', '65.00', 0, 1470761741, 1470761741),
(469, 10004, 141, 23, 34, 55, '13.00', '715.00', '12.00', '660.00', 0, 1470811863, 1470811863),
(470, 10004, 141, 24, 34, 55, '10.00', '550.00', '8.00', '440.00', 0, 1470811863, 1470811863),
(471, 10004, 141, 25, 34, 55, '85.00', '4675.00', '75.00', '4125.00', 0, 1470811863, 1470811863),
(472, 10004, 141, 26, 34, 44, '4.50', '198.00', '4.00', '176.00', 0, 1470811863, 1470811863),
(473, 10004, 141, 27, 34, 55, '50.00', '2750.00', '40.00', '2200.00', 0, 1470811863, 1470811863),
(474, 10004, 141, 28, 34, 66, '65.00', '4290.00', '55.00', '3630.00', 0, 1470811863, 1470811863),
(475, 10004, 141, 29, 34, 77, '65.00', '5005.00', '55.00', '4235.00', 0, 1470811863, 1470811863),
(476, 10000, 142, 1, 3, 12, '25.00', '300.00', '13.00', '156.00', 0, 1471138344, 1471138344),
(477, 10000, 142, 4, 3, 5, '7.00', '35.00', '4.50', '22.50', 0, 1471138344, 1471138344),
(478, 10000, 143, 1, 3, 4, '25.00', '100.00', '13.00', '52.00', 0, 1471318884, 1471318884),
(479, 10000, 143, 7, 3, 2, '100.00', '200.00', '65.00', '130.00', 0, 1471318884, 1471318884),
(480, 10000, 144, 1, 2, 2, '40.00', '80.00', '13.00', '26.00', 0, 1471319153, 1471319153),
(481, 10000, 144, 2, 2, 1, '40.00', '40.00', '10.00', '10.00', 0, 1471319153, 1471319153),
(482, 10000, 145, 72, 3, 1, '88.00', '88.00', '58.00', '58.00', 0, 1471447689, 1471447689),
(483, 10000, 146, 72, 3, 1, '88.00', '88.00', '58.00', '58.00', 0, 1471447721, 1471447721),
(484, 10000, 147, 72, 4, 3, '78.00', '234.00', '58.00', '174.00', 0, 1471447752, 1471447752),
(485, 10000, 148, 1, 4, 10, '18.00', '180.00', '13.00', '130.00', 0, 1471447904, 1471447904),
(486, 10000, 148, 2, 4, 15, '16.00', '240.00', '10.00', '150.00', 0, 1471447904, 1471447904),
(487, 10000, 148, 3, 4, 4, '120.00', '480.00', '85.00', '340.00', 0, 1471447904, 1471447904),
(488, 10000, 148, 4, 4, 60, '6.00', '360.00', '4.50', '270.00', 0, 1471447904, 1471447904),
(489, 10000, 148, 5, 4, 5, '85.00', '425.00', '50.00', '250.00', 0, 1471447904, 1471447904),
(490, 10000, 148, 6, 4, 7, '85.00', '595.00', '65.00', '455.00', 0, 1471447904, 1471447904),
(491, 10000, 148, 7, 4, 5, '85.00', '425.00', '65.00', '325.00', 0, 1471447904, 1471447904),
(492, 10000, 148, 72, 4, 5, '78.00', '390.00', '58.00', '290.00', 0, 1471447904, 1471447904),
(493, 10000, 149, 72, 3, 1, '88.00', '88.00', '58.00', '58.00', 0, 1471484777, 1471484777),
(494, 10000, 150, 1, 4, 5, '18.00', '90.00', '13.00', '65.00', 0, 1471488116, 1471487106),
(495, 10000, 150, 2, 4, 15, '16.00', '240.00', '10.00', '150.00', 0, 1471488116, 1471487106),
(496, 10000, 150, 3, 4, 6, '120.00', '720.00', '85.00', '510.00', 0, 1471488116, 1471487106),
(497, 10000, 150, 4, 4, 80, '6.00', '480.00', '4.50', '360.00', 0, 1471488116, 1471487106),
(498, 10000, 150, 5, 4, 5, '85.00', '425.00', '50.00', '250.00', 0, 1471488116, 1471487106),
(499, 10000, 150, 6, 4, 3, '85.00', '255.00', '65.00', '195.00', 0, 1471488116, 1471487106),
(500, 10000, 150, 7, 4, 6, '85.00', '510.00', '65.00', '390.00', 0, 1471488116, 1471487106),
(501, 10000, 150, 72, 4, 3, '78.00', '234.00', '58.00', '174.00', 0, 1471488116, 1471487106),
(502, 10000, 151, 72, 4, 1, '78.00', '78.00', '58.00', '58.00', 0, 1471526978, 1471526978),
(503, 10000, 152, 1, 2, 3, '40.00', '120.00', '13.00', '39.00', 0, 1471792573, 1471792573),
(504, 10004, 153, 23, 34, 165, '13.00', '2145.00', '12.00', '1980.00', 0, 1472004792, 1472004792),
(505, 10004, 153, 24, 34, 6, '10.00', '60.00', '8.00', '48.00', 0, 1472004792, 1472004792),
(506, 10004, 153, 25, 34, 54, '85.00', '4590.00', '75.00', '4050.00', 0, 1472004792, 1472004792),
(507, 10004, 153, 26, 34, 343, '4.50', '1543.50', '4.00', '1372.00', 0, 1472004792, 1472004792),
(508, 10004, 153, 27, 34, 564, '50.00', '28200.00', '40.00', '22560.00', 0, 1472004792, 1472004792),
(509, 10004, 153, 28, 34, 65, '65.00', '4225.00', '55.00', '3575.00', 0, 1472004792, 1472004792),
(510, 10004, 153, 29, 34, 65, '65.00', '4225.00', '55.00', '3575.00', 0, 1472004792, 1472004792),
(511, 10000, 154, 72, 3, 7, '88.00', '616.00', '58.00', '406.00', 0, 1472018726, 1472018726),
(512, 10000, 155, 1, 3, 4, '25.00', '100.00', '13.00', '52.00', 0, 1472018770, 1472018770),
(513, 10000, 155, 2, 3, 4, '25.00', '100.00', '10.00', '40.00', 0, 1472018770, 1472018770),
(514, 10000, 155, 5, 3, 1, '100.00', '100.00', '50.00', '50.00', 0, 1472018770, 1472018770),
(515, 10000, 156, 72, 4, 3, '78.00', '234.00', '58.00', '174.00', 0, 1472132156, 1472132156),
(516, 10000, 157, 72, 4, 2, '78.00', '156.00', '58.00', '116.00', 0, 1472185543, 1472185543),
(517, 10000, 158, 4, 3, 10, '7.00', '70.00', '4.50', '45.00', 0, 1472202131, 1472202131),
(518, 10000, 158, 5, 3, 2, '100.00', '200.00', '50.00', '100.00', 0, 1472202131, 1472202131),
(519, 10000, 158, 72, 3, 2, '88.00', '176.00', '58.00', '116.00', 0, 1472202131, 1472202131),
(520, 10000, 159, 1, 4, 30, '18.00', '540.00', '13.00', '390.00', 0, 1472270357, 1472270357),
(521, 10000, 159, 2, 4, 10, '16.00', '160.00', '10.00', '100.00', 0, 1472270357, 1472270357),
(522, 10000, 159, 3, 4, 8, '120.00', '960.00', '85.00', '680.00', 0, 1472270357, 1472270357),
(523, 10000, 159, 4, 4, 30, '6.00', '180.00', '4.50', '135.00', 0, 1472270357, 1472270357),
(524, 10000, 159, 5, 4, 2, '85.00', '170.00', '50.00', '100.00', 0, 1472270357, 1472270357),
(525, 10000, 159, 6, 4, 3, '85.00', '255.00', '65.00', '195.00', 0, 1472270357, 1472270357),
(526, 10000, 159, 7, 4, 2, '85.00', '170.00', '65.00', '130.00', 0, 1472270357, 1472270357),
(527, 10000, 159, 72, 4, 1, '78.00', '78.00', '58.00', '58.00', 0, 1472270357, 1472270357),
(528, 10000, 160, 1, 3, 1, '25.00', '25.00', '13.00', '13.00', 0, 1472347670, 1472347670),
(529, 10000, 160, 3, 3, 2, '140.00', '280.00', '85.00', '170.00', 0, 1472347670, 1472347670),
(530, 10000, 161, 3, 4, 1, '120.00', '120.00', '85.00', '85.00', 0, 1472450384, 1472450384),
(531, 10000, 162, 72, 3, 1, '88.00', '88.00', '58.00', '58.00', 0, 1472564681, 1472564681),
(532, 10000, 163, 72, 5, 52, '68.00', '3536.00', '58.00', '3016.00', 0, 1472702722, 1472702722),
(533, 10000, 164, 3, 4, 1, '120.00', '120.00', '85.00', '85.00', 0, 1472709093, 1472709093),
(534, 10000, 165, 72, 4, 1, '78.00', '78.00', '58.00', '58.00', 0, 1472735272, 1472735272),
(535, 10000, 166, 3, 1, 1, '198.00', '198.00', '85.00', '85.00', 0, 1472743870, 1472743870),
(536, 10000, 167, 1, 4, 10, '18.00', '180.00', '13.00', '130.00', 0, 1472786368, 1472786368),
(537, 10000, 167, 2, 4, 10, '16.00', '160.00', '10.00', '100.00', 0, 1472786368, 1472786368),
(538, 10000, 167, 4, 4, 20, '6.00', '120.00', '4.50', '90.00', 0, 1472786368, 1472786368),
(539, 10000, 167, 5, 4, 6, '85.00', '510.00', '50.00', '300.00', 0, 1472786368, 1472786368),
(540, 10000, 167, 6, 4, 6, '85.00', '510.00', '65.00', '390.00', 0, 1472786368, 1472786368),
(541, 10000, 167, 7, 4, 6, '85.00', '510.00', '65.00', '390.00', 0, 1472786368, 1472786368),
(542, 10000, 167, 72, 4, 2, '78.00', '156.00', '58.00', '116.00', 0, 1472786368, 1472786368),
(543, 10000, 168, 1, 3, 4, '25.00', '100.00', '13.00', '52.00', 0, 1472805449, 1472805449),
(544, 10000, 168, 2, 3, 1, '25.00', '25.00', '10.00', '10.00', 0, 1472805449, 1472805449),
(545, 10000, 168, 4, 3, 25, '7.00', '175.00', '4.50', '112.50', 0, 1472805449, 1472805449),
(546, 10000, 169, 72, 4, 1, '78.00', '78.00', '58.00', '58.00', 0, 1472806859, 1472806859),
(547, 10000, 170, 72, 4, 1, '78.00', '78.00', '58.00', '58.00', 0, 1472883345, 1472883345),
(548, 10000, 171, 1, 3, 2, '25.00', '50.00', '13.00', '26.00', 0, 1472896034, 1472896034),
(549, 10000, 171, 2, 3, 2, '25.00', '50.00', '10.00', '20.00', 0, 1472896034, 1472896034),
(550, 10000, 171, 4, 3, 10, '7.00', '70.00', '4.50', '45.00', 0, 1472896034, 1472896034),
(551, 10000, 172, 1, 3, 1, '25.00', '25.00', '13.00', '13.00', 0, 1472964588, 1472964588),
(552, 10000, 172, 2, 3, 1, '25.00', '25.00', '10.00', '10.00', 0, 1472964588, 1472964588),
(553, 10000, 172, 3, 3, 1, '140.00', '140.00', '85.00', '85.00', 0, 1472964588, 1472964588),
(554, 10000, 172, 4, 3, 2, '7.00', '14.00', '4.50', '9.00', 0, 1472964588, 1472964588),
(555, 10000, 172, 5, 3, 2, '100.00', '200.00', '50.00', '100.00', 0, 1472964588, 1472964588),
(556, 10000, 172, 6, 3, 1, '95.00', '95.00', '65.00', '65.00', 0, 1472964588, 1472964588),
(557, 10000, 172, 7, 3, 1, '100.00', '100.00', '65.00', '65.00', 0, 1472964588, 1472964588),
(558, 10000, 173, 1, 3, 5, '25.00', '125.00', '13.00', '65.00', 0, 1473053182, 1473053182),
(559, 10000, 173, 2, 3, 1, '25.00', '25.00', '10.00', '10.00', 0, 1473053182, 1473053182),
(560, 10000, 174, 1, 3, 2, '25.00', '50.00', '13.00', '26.00', 0, 1473065234, 1473065234),
(561, 10000, 174, 2, 3, 1, '25.00', '25.00', '10.00', '10.00', 0, 1473065234, 1473065234),
(562, 10000, 174, 4, 3, 20, '7.00', '140.00', '4.50', '90.00', 0, 1473065234, 1473065234),
(563, 10000, 174, 7, 3, 1, '100.00', '100.00', '65.00', '65.00', 0, 1473065234, 1473065234),
(564, 10000, 175, 1, 4, 20, '18.00', '360.00', '13.00', '260.00', 1, 1473079387, 1473079273),
(565, 10000, 175, 2, 4, 20, '16.00', '320.00', '10.00', '200.00', 1, 1473079387, 1473079273),
(566, 10000, 175, 3, 4, 6, '120.00', '720.00', '85.00', '510.00', 1, 1473079387, 1473079273),
(567, 10000, 175, 4, 4, 50, '6.00', '300.00', '4.50', '225.00', 1, 1473079387, 1473079273),
(568, 10000, 175, 5, 4, 4, '85.00', '340.00', '50.00', '200.00', 1, 1473079387, 1473079273),
(569, 10000, 175, 6, 4, 2, '85.00', '170.00', '65.00', '130.00', 1, 1473079387, 1473079273),
(570, 10000, 175, 7, 4, 6, '85.00', '510.00', '65.00', '390.00', 1, 1473079387, 1473079273),
(571, 10000, 175, 72, 4, 4, '78.00', '312.00', '58.00', '232.00', 1, 1473079387, 1473079273),
(572, 10000, 176, 1, 4, 20, '18.00', '360.00', '13.00', '260.00', 1, 1473213569, 1473213540),
(573, 10000, 176, 2, 4, 20, '16.00', '320.00', '10.00', '200.00', 1, 1473213569, 1473213540),
(574, 10000, 176, 3, 4, 6, '120.00', '720.00', '85.00', '510.00', 1, 1473213569, 1473213540),
(575, 10000, 176, 4, 4, 10, '6.00', '60.00', '4.50', '45.00', 1, 1473213569, 1473213540),
(576, 10000, 176, 5, 4, 4, '85.00', '340.00', '50.00', '200.00', 1, 1473213569, 1473213540),
(577, 10000, 176, 7, 4, 6, '85.00', '510.00', '65.00', '390.00', 1, 1473213569, 1473213540),
(578, 10000, 176, 72, 4, 9, '78.00', '702.00', '58.00', '522.00', 1, 1473213569, 1473213540),
(579, 10000, 177, 1, 4, 20, '18.00', '360.00', '13.00', '260.00', 0, 1473221077, 1473221077),
(580, 10000, 177, 2, 4, 20, '16.00', '320.00', '10.00', '200.00', 0, 1473221077, 1473221077),
(581, 10000, 177, 3, 4, 6, '120.00', '720.00', '85.00', '510.00', 0, 1473221077, 1473221077),
(582, 10000, 177, 4, 4, 10, '6.00', '60.00', '4.50', '45.00', 0, 1473221077, 1473221077),
(583, 10000, 177, 5, 4, 4, '85.00', '340.00', '50.00', '200.00', 0, 1473221077, 1473221077);
INSERT INTO `thank_order_goods` (`id`, `member_id`, `order_id`, `product_id`, `grade`, `num`, `price`, `amount`, `my_price`, `cost`, `isdel`, `update_time`, `create_time`) VALUES
(584, 10000, 177, 7, 4, 6, '85.00', '510.00', '65.00', '390.00', 0, 1473221077, 1473221077),
(585, 10000, 177, 72, 4, 9, '78.00', '702.00', '58.00', '522.00', 0, 1473221077, 1473221077),
(586, 10000, 178, 4, 2, 20, '8.00', '160.00', '4.50', '90.00', 0, 1473313575, 1473313575),
(587, 10000, 179, 1, 3, 2, '25.00', '50.00', '13.00', '26.00', 0, 1473353600, 1473353600),
(588, 10000, 179, 4, 3, 50, '7.00', '350.00', '4.50', '225.00', 0, 1473353600, 1473353600),
(589, 10000, 179, 5, 3, 1, '100.00', '100.00', '50.00', '50.00', 0, 1473353600, 1473353600),
(590, 10000, 179, 7, 3, 1, '100.00', '100.00', '65.00', '65.00', 0, 1473353600, 1473353600),
(591, 10000, 180, 72, 4, 1, '78.00', '78.00', '58.00', '58.00', 0, 1473421886, 1473421886),
(592, 10000, 181, 72, 4, 1, '78.00', '78.00', '58.00', '58.00', 0, 1473482906, 1473482906),
(593, 10000, 182, 1, 3, 1, '25.00', '25.00', '13.00', '13.00', 0, 1473685468, 1473685468),
(594, 10000, 182, 3, 3, 2, '140.00', '280.00', '85.00', '170.00', 0, 1473685468, 1473685468),
(595, 10000, 182, 4, 3, 1, '7.00', '7.00', '4.50', '4.50', 0, 1473685468, 1473685468),
(596, 10000, 182, 5, 3, 1, '100.00', '100.00', '50.00', '50.00', 0, 1473685468, 1473685468),
(597, 10000, 182, 7, 3, 1, '100.00', '100.00', '65.00', '65.00', 0, 1473685468, 1473685468),
(598, 10000, 182, 72, 3, 1, '88.00', '88.00', '58.00', '58.00', 0, 1473685468, 1473685468),
(599, 10000, 183, 7, 3, 6, '100.00', '600.00', '65.00', '390.00', 0, 1474020553, 1474020553),
(600, 10000, 184, 1, 3, 1, '25.00', '25.00', '13.00', '13.00', 0, 1474020573, 1474020573),
(601, 10000, 184, 2, 3, 1, '25.00', '25.00', '10.00', '10.00', 0, 1474020573, 1474020573),
(602, 10000, 184, 4, 3, 10, '7.00', '70.00', '4.50', '45.00', 0, 1474020573, 1474020573),
(603, 10000, 185, 1, 3, 7, '25.00', '175.00', '13.00', '91.00', 0, 1474185800, 1474185800),
(604, 10000, 185, 3, 3, 1, '140.00', '140.00', '85.00', '85.00', 0, 1474185800, 1474185800),
(605, 10000, 186, 3, 3, 2, '140.00', '280.00', '85.00', '170.00', 0, 1474185824, 1474185824),
(606, 10000, 186, 72, 3, 1, '88.00', '88.00', '58.00', '58.00', 0, 1474185824, 1474185824),
(607, 10000, 187, 3, 4, 3, '120.00', '360.00', '85.00', '255.00', 0, 1474449333, 1474449333),
(608, 10000, 188, 72, 3, 7, '88.00', '616.00', '58.00', '406.00', 0, 1474511472, 1474511472),
(609, 10000, 189, 72, 1, 1, '108.00', '108.00', '58.00', '58.00', 0, 1474860749, 1474860749),
(610, 10000, 190, 72, 1, 1, '108.00', '108.00', '58.00', '58.00', 0, 1474941698, 1474941698),
(611, 10000, 191, 1, 3, 4, '25.00', '100.00', '13.00', '52.00', 0, 1474954011, 1474954011),
(612, 10000, 191, 2, 3, 2, '25.00', '50.00', '10.00', '20.00', 0, 1474954011, 1474954011),
(613, 10000, 191, 4, 3, 7, '7.00', '49.00', '4.50', '31.50', 0, 1474954011, 1474954011),
(614, 10000, 191, 7, 3, 1, '100.00', '100.00', '65.00', '65.00', 0, 1474954011, 1474954011),
(615, 10000, 192, 72, 1, 1, '108.00', '108.00', '58.00', '58.00', 0, 1475044619, 1475044619),
(616, 10000, 193, 1, 2, 1, '40.00', '40.00', '13.00', '13.00', 0, 1475130627, 1475130627),
(617, 10000, 193, 2, 2, 2, '40.00', '80.00', '10.00', '20.00', 0, 1475130627, 1475130627),
(618, 10000, 194, 72, 1, 1, '108.00', '108.00', '58.00', '58.00', 0, 1475225483, 1475225483),
(619, 10000, 195, 1, 4, 10, '18.00', '180.00', '13.00', '130.00', 1, 1475254679, 1475254487),
(620, 10000, 195, 2, 4, 5, '16.00', '80.00', '10.00', '50.00', 1, 1475254679, 1475254487),
(621, 10000, 195, 3, 4, 5, '120.00', '600.00', '85.00', '425.00', 1, 1475254679, 1475254487),
(622, 10000, 195, 4, 4, 10, '6.00', '60.00', '4.50', '45.00', 1, 1475254679, 1475254487),
(623, 10000, 195, 5, 4, 2, '85.00', '170.00', '50.00', '100.00', 1, 1475254679, 1475254487),
(624, 10000, 195, 7, 4, 2, '85.00', '170.00', '65.00', '130.00', 1, 1475254679, 1475254487),
(625, 10000, 195, 72, 4, 3, '78.00', '234.00', '58.00', '174.00', 1, 1475254679, 1475254487),
(626, 10000, 195, 73, 4, 8, '42.00', '336.00', '27.00', '216.00', 1, 1475254679, 1475254487),
(627, 10000, 195, 74, 4, 3, '47.00', '141.00', '32.00', '96.00', 1, 1475254679, 1475254487),
(628, 10000, 195, 75, 4, 3, '47.00', '141.00', '32.00', '96.00', 1, 1475254679, 1475254487),
(629, 10000, 195, 76, 4, 3, '47.00', '141.00', '32.00', '96.00', 1, 1475254679, 1475254487),
(630, 10000, 195, 77, 4, 3, '75.00', '225.00', '60.00', '180.00', 1, 1475254679, 1475254487),
(631, 10000, 195, 78, 4, 2, '75.00', '150.00', '60.00', '120.00', 1, 1475254679, 1475254487),
(632, 10000, 195, 79, 4, 3, '140.00', '420.00', '120.00', '360.00', 1, 1475254679, 1475254487),
(633, 10000, 196, 2, 3, 1, '25.00', '25.00', '10.00', '10.00', 0, 1475996418, 1475996418),
(634, 10000, 196, 3, 3, 2, '140.00', '280.00', '85.00', '170.00', 0, 1475996418, 1475996418),
(635, 10000, 197, 72, 1, 1, '108.00', '108.00', '58.00', '58.00', 0, 1476027840, 1476027840),
(636, 10000, 198, 1, 2, 2, '40.00', '80.00', '13.00', '26.00', 0, 1476027945, 1476027945),
(637, 10000, 198, 2, 2, 1, '40.00', '40.00', '10.00', '10.00', 0, 1476027945, 1476027945),
(638, 10000, 199, 1, 3, 3, '25.00', '75.00', '13.00', '39.00', 0, 1476027971, 1476027971),
(639, 10000, 200, 73, 4, 3, '42.00', '126.00', '27.00', '81.00', 0, 1476081938, 1476081938),
(640, 10000, 200, 77, 4, 1, '75.00', '75.00', '60.00', '60.00', 0, 1476081938, 1476081938),
(641, 10000, 201, 1, 4, 20, '18.00', '360.00', '13.00', '260.00', 0, 1476257500, 1476257500),
(642, 10000, 201, 3, 4, 5, '120.00', '600.00', '85.00', '425.00', 0, 1476257500, 1476257500),
(643, 10000, 201, 6, 4, 19, '85.00', '1615.00', '65.00', '1235.00', 0, 1476257500, 1476257500),
(644, 10000, 201, 7, 4, 5, '85.00', '425.00', '65.00', '325.00', 0, 1476257500, 1476257500),
(645, 10000, 202, 73, 5, 16, '32.00', '512.00', '27.00', '432.00', 0, 1476272603, 1476272603),
(646, 10000, 202, 74, 5, 2, '37.00', '74.00', '32.00', '64.00', 0, 1476272603, 1476272603),
(647, 10000, 202, 75, 5, 2, '37.00', '74.00', '32.00', '64.00', 0, 1476272603, 1476272603),
(648, 10000, 202, 77, 5, 2, '65.00', '130.00', '60.00', '120.00', 0, 1476272603, 1476272603),
(649, 10000, 202, 78, 5, 5, '65.00', '325.00', '60.00', '300.00', 0, 1476272603, 1476272603),
(650, 10000, 203, 73, 4, 1, '42.00', '42.00', '27.00', '27.00', 0, 1476423897, 1476322353),
(651, 10000, 203, 2, 4, 1, '16.00', '16.00', '10.00', '10.00', 0, 1476423897, 1476423897),
(652, 10000, 204, 1, 3, 4, '25.00', '100.00', '13.00', '52.00', 0, 1476780391, 1476780391),
(653, 10000, 204, 5, 3, 2, '100.00', '200.00', '50.00', '100.00', 0, 1476780391, 1476780391),
(654, 10000, 204, 7, 3, 2, '100.00', '200.00', '65.00', '130.00', 0, 1476780391, 1476780391),
(655, 10000, 204, 73, 3, 2, '52.00', '104.00', '27.00', '54.00', 0, 1476780391, 1476780391),
(656, 10000, 205, 73, 4, 4, '42.00', '168.00', '27.00', '108.00', 0, 1476876512, 1476876442),
(657, 10000, 205, 74, 4, 1, '47.00', '47.00', '32.00', '32.00', 0, 1476876512, 1476876442),
(658, 10000, 205, 75, 4, 1, '47.00', '47.00', '32.00', '32.00', 0, 1476876512, 1476876442),
(659, 10000, 205, 76, 4, 1, '47.00', '47.00', '32.00', '32.00', 0, 1476876512, 1476876442),
(660, 10000, 205, 77, 4, 1, '75.00', '75.00', '60.00', '60.00', 0, 1476876512, 1476876442),
(661, 10000, 205, 78, 4, 1, '75.00', '75.00', '60.00', '60.00', 0, 1476876512, 1476876442),
(662, 10000, 205, 4, 4, 20, '6.00', '120.00', '4.50', '90.00', 0, 1476876512, 1476876512),
(663, 10000, 206, 1, 3, 10, '25.00', '250.00', '13.00', '130.00', 0, 1477236813, 1477236813),
(664, 10000, 206, 3, 3, 9, '140.00', '1260.00', '85.00', '765.00', 0, 1477236813, 1477236813),
(665, 10000, 206, 73, 3, 5, '52.00', '260.00', '27.00', '135.00', 0, 1477236813, 1477236813),
(666, 10000, 206, 75, 3, 2, '57.00', '114.00', '32.00', '64.00', 0, 1477236813, 1477236813),
(667, 10000, 206, 77, 3, 1, '85.00', '85.00', '60.00', '60.00', 0, 1477236813, 1477236813),
(668, 10000, 207, 1, 3, 2, '25.00', '50.00', '13.00', '26.00', 0, 1477237024, 1477237024),
(669, 10000, 207, 2, 3, 1, '25.00', '25.00', '10.00', '10.00', 0, 1477237024, 1477237024),
(670, 10000, 207, 3, 3, 1, '140.00', '140.00', '85.00', '85.00', 0, 1477237024, 1477237024),
(671, 10000, 207, 4, 3, 5, '7.00', '35.00', '4.50', '22.50', 0, 1477237024, 1477237024),
(672, 10000, 207, 5, 3, 1, '100.00', '100.00', '50.00', '50.00', 0, 1477237024, 1477237024),
(673, 10000, 207, 7, 3, 1, '100.00', '100.00', '65.00', '65.00', 0, 1477237024, 1477237024),
(674, 10000, 207, 73, 3, 3, '52.00', '156.00', '27.00', '81.00', 0, 1477237024, 1477237024),
(675, 10000, 208, 72, 3, 9, '88.00', '792.00', '58.00', '522.00', 0, 1477237308, 1477237308),
(676, 10000, 209, 72, 3, 6, '88.00', '528.00', '58.00', '348.00', 1, 1477373483, 1477373483),
(677, 10000, 210, 6, 2, 2, '120.00', '240.00', '65.00', '130.00', 0, 1477373670, 1477373670),
(678, 10000, 211, 72, 3, 7, '88.00', '616.00', '58.00', '406.00', 0, 1477384241, 1477384241),
(679, 10000, 212, 1, 3, 1, '25.00', '25.00', '13.00', '13.00', 0, 1477485196, 1477485196),
(680, 10000, 212, 3, 3, 1, '140.00', '140.00', '85.00', '85.00', 0, 1477485196, 1477485196),
(681, 10000, 212, 4, 3, 10, '7.00', '70.00', '4.50', '45.00', 0, 1477485196, 1477485196),
(682, 10000, 212, 5, 3, 1, '100.00', '100.00', '50.00', '50.00', 0, 1477485196, 1477485196),
(683, 10000, 212, 7, 3, 1, '100.00', '100.00', '65.00', '65.00', 0, 1477485196, 1477485196),
(684, 10000, 213, 1, 2, 3, '40.00', '120.00', '13.00', '39.00', 0, 1477551053, 1477551053),
(685, 10000, 214, 6, 2, 2, '120.00', '240.00', '65.00', '130.00', 0, 1477580310, 1477580310),
(686, 10000, 215, 6, 2, 2, '120.00', '240.00', '65.00', '130.00', 0, 1477754976, 1477754976),
(687, 10000, 216, 72, 3, 3, '88.00', '264.00', '58.00', '174.00', 0, 1477901651, 1477901651),
(688, 10000, 217, 4, 3, 50, '7.00', '350.00', '4.50', '225.00', 0, 1477980087, 1477980087),
(689, 10000, 218, 2, 4, 11, '16.00', '176.00', '10.00', '110.00', 0, 1478226325, 1478094295),
(690, 10000, 218, 5, 4, 5, '85.00', '425.00', '50.00', '250.00', 0, 1478226325, 1478094295),
(691, 10000, 219, 3, 5, 10, '100.00', '1000.00', '85.00', '850.00', 0, 1478142167, 1478142167),
(692, 10000, 218, 1, 4, 2, '18.00', '36.00', '13.00', '26.00', 0, 1478226325, 1478226325),
(693, 10000, 218, 78, 4, 1, '75.00', '75.00', '60.00', '60.00', 0, 1478226325, 1478226325),
(694, 10000, 220, 1, 4, 10, '18.00', '180.00', '13.00', '130.00', 0, 1478241930, 1478241930),
(695, 10000, 221, 5, 3, 1, '100.00', '100.00', '50.00', '50.00', 0, 1478246795, 1478246795),
(696, 10000, 221, 7, 3, 1, '100.00', '100.00', '65.00', '65.00', 0, 1478246795, 1478246795),
(697, 10000, 221, 73, 3, 2, '52.00', '104.00', '27.00', '54.00', 0, 1478246795, 1478246795),
(698, 10000, 222, 1, 3, 1, '25.00', '25.00', '13.00', '13.00', 0, 1478278104, 1478278104),
(699, 10000, 222, 3, 3, 1, '140.00', '140.00', '85.00', '85.00', 0, 1478278104, 1478278104),
(700, 10000, 222, 7, 3, 1, '100.00', '100.00', '65.00', '65.00', 0, 1478278104, 1478278104),
(701, 10000, 222, 75, 3, 1, '57.00', '57.00', '32.00', '32.00', 0, 1478278104, 1478278104),
(702, 10000, 223, 1, 4, 10, '18.00', '180.00', '13.00', '130.00', 0, 1478358155, 1478358155),
(703, 10000, 223, 2, 4, 10, '16.00', '160.00', '10.00', '100.00', 0, 1478358155, 1478358155),
(704, 10000, 223, 3, 4, 2, '120.00', '240.00', '85.00', '170.00', 0, 1478358155, 1478358155),
(705, 10000, 223, 4, 4, 30, '6.00', '180.00', '4.50', '135.00', 0, 1478358155, 1478358155),
(706, 10000, 223, 73, 4, 6, '42.00', '252.00', '27.00', '162.00', 0, 1478358155, 1478358155),
(707, 10000, 223, 74, 4, 1, '47.00', '47.00', '32.00', '32.00', 0, 1478358155, 1478358155),
(708, 10000, 223, 75, 4, 2, '47.00', '94.00', '32.00', '64.00', 0, 1478358155, 1478358155),
(709, 10000, 223, 76, 4, 1, '47.00', '47.00', '32.00', '32.00', 0, 1478358155, 1478358155),
(710, 10000, 223, 77, 4, 2, '75.00', '150.00', '60.00', '120.00', 0, 1478358155, 1478358155),
(711, 10000, 223, 78, 4, 2, '75.00', '150.00', '60.00', '120.00', 0, 1478358155, 1478358155),
(712, 10000, 224, 73, 4, 2, '42.00', '84.00', '27.00', '54.00', 0, 1478398631, 1478398631),
(713, 10000, 224, 75, 4, 1, '47.00', '47.00', '32.00', '32.00', 0, 1478398631, 1478398631),
(714, 10000, 225, 77, 4, 1, '75.00', '75.00', '60.00', '60.00', 0, 1478494830, 1478494830),
(715, 10000, 225, 78, 4, 1, '75.00', '75.00', '60.00', '60.00', 0, 1478494830, 1478494830),
(716, 10000, 226, 4, 3, 5, '7.00', '35.00', '4.50', '22.50', 1, 1478498677, 1478498414),
(717, 10000, 226, 5, 3, 1, '100.00', '100.00', '50.00', '50.00', 1, 1478498677, 1478498414),
(718, 10000, 226, 73, 3, 2, '52.00', '104.00', '27.00', '54.00', 1, 1478498677, 1478498414),
(719, 10000, 226, 77, 3, 1, '85.00', '85.00', '60.00', '60.00', 1, 1478498677, 1478498414),
(720, 10000, 226, 78, 3, 1, '85.00', '85.00', '60.00', '60.00', 1, 1478498414, 1478498414),
(721, 10000, 227, 4, 3, 5, '7.00', '35.00', '4.50', '22.50', 0, 1478498737, 1478498737),
(722, 10000, 227, 5, 3, 1, '100.00', '100.00', '50.00', '50.00', 0, 1478498737, 1478498737),
(723, 10000, 227, 73, 3, 2, '52.00', '104.00', '27.00', '54.00', 0, 1478498737, 1478498737),
(724, 10000, 227, 77, 3, 1, '85.00', '85.00', '60.00', '60.00', 0, 1478498737, 1478498737),
(725, 10000, 228, 73, 4, 4, '42.00', '168.00', '27.00', '108.00', 0, 1478790754, 1478790754),
(726, 10000, 229, 1, 2, 3, '40.00', '120.00', '13.00', '39.00', 0, 1478948317, 1478948317),
(727, 10000, 230, 1, 3, 18, '25.00', '450.00', '13.00', '234.00', 1, 1479126856, 1479118165),
(728, 10000, 230, 2, 3, 1, '25.00', '25.00', '10.00', '10.00', 1, 1479118165, 1479118165),
(729, 10000, 230, 4, 3, 22, '7.00', '154.00', '4.50', '99.00', 1, 1479126856, 1479118165),
(730, 10000, 231, 1, 3, 18, '25.00', '450.00', '13.00', '234.00', 1, 1479126883, 1479126883),
(731, 10000, 231, 4, 3, 22, '7.00', '154.00', '4.50', '99.00', 1, 1479126883, 1479126883),
(732, 10000, 232, 73, 4, 1, '42.00', '42.00', '27.00', '27.00', 0, 1479803226, 1479803226),
(733, 10000, 233, 73, 1, 1, '78.00', '78.00', '27.00', '27.00', 0, 1480060135, 1480060135),
(734, 10000, 234, 4, 3, 10, '7.00', '70.00', '4.50', '45.00', 0, 1480321683, 1480321683),
(735, 10000, 235, 1, 2, 3, '40.00', '120.00', '13.00', '39.00', 0, 1480321844, 1480321844),
(736, 10000, 236, 87, 4, 4, '62.00', '248.00', '42.00', '168.00', 0, 1480589374, 1480589374),
(737, 10000, 237, 1, 2, 2, '40.00', '80.00', '13.00', '26.00', 0, 1480589703, 1480589703),
(738, 10000, 237, 2, 2, 1, '40.00', '40.00', '10.00', '10.00', 0, 1480589703, 1480589703),
(739, 10000, 238, 78, 4, 1, '75.00', '75.00', '60.00', '60.00', 0, 1480740929, 1480740929),
(740, 10000, 238, 88, 4, 2, '205.00', '410.00', '160.00', '320.00', 0, 1480740929, 1480740929),
(741, 10000, 239, 4, 3, 10, '7.00', '70.00', '4.50', '45.00', 0, 1480921261, 1480921261),
(742, 10000, 240, 1, 3, 4, '25.00', '100.00', '13.00', '52.00', 0, 1481115099, 1481115099),
(743, 10000, 240, 2, 3, 2, '25.00', '50.00', '10.00', '20.00', 0, 1481115099, 1481115099),
(744, 10000, 240, 3, 3, 1, '140.00', '140.00', '85.00', '85.00', 0, 1481115099, 1481115099),
(745, 10000, 240, 4, 3, 10, '7.00', '70.00', '4.50', '45.00', 0, 1481115099, 1481115099),
(746, 10000, 240, 5, 3, 1, '100.00', '100.00', '50.00', '50.00', 0, 1481115099, 1481115099),
(747, 10000, 240, 72, 3, 1, '88.00', '88.00', '58.00', '58.00', 0, 1481115099, 1481115099),
(748, 10000, 240, 73, 3, 1, '52.00', '52.00', '27.00', '27.00', 0, 1481115099, 1481115099),
(749, 10000, 241, 75, 5, 1, '37.00', '37.00', '32.00', '32.00', 0, 1481192894, 1481192894),
(750, 10000, 241, 89, 5, 2, '98.00', '196.00', '88.00', '176.00', 0, 1481192894, 1481192894),
(751, 10000, 242, 1, 3, 2, '25.00', '50.00', '13.00', '26.00', 0, 1481192921, 1481192921),
(752, 10000, 242, 87, 3, 3, '72.00', '216.00', '42.00', '126.00', 0, 1481192921, 1481192921),
(753, 10000, 243, 6, 4, 1, '85.00', '85.00', '65.00', '65.00', 0, 1481192948, 1481192948),
(754, 10000, 243, 87, 4, 2, '62.00', '124.00', '42.00', '84.00', 0, 1481192948, 1481192948),
(755, 10000, 244, 1, 4, 4, '18.00', '72.00', '13.00', '52.00', 0, 1481199405, 1481199405),
(756, 10000, 244, 2, 4, 4, '16.00', '64.00', '10.00', '40.00', 0, 1481199405, 1481199405),
(757, 10000, 244, 4, 4, 60, '6.00', '360.00', '4.50', '270.00', 0, 1481199405, 1481199405),
(758, 10000, 244, 78, 4, 4, '75.00', '300.00', '60.00', '240.00', 0, 1481199405, 1481199405),
(759, 10000, 244, 87, 4, 1, '62.00', '62.00', '42.00', '42.00', 0, 1481199405, 1481199405),
(760, 10000, 244, 88, 4, 1, '205.00', '205.00', '160.00', '160.00', 0, 1481199405, 1481199405),
(761, 10000, 245, 1, 4, 4, '18.00', '72.00', '13.00', '52.00', 1, 1481199409, 1481199409),
(762, 10000, 245, 2, 4, 4, '16.00', '64.00', '10.00', '40.00', 1, 1481199409, 1481199409),
(763, 10000, 245, 4, 4, 60, '6.00', '360.00', '4.50', '270.00', 1, 1481199409, 1481199409),
(764, 10000, 245, 78, 4, 4, '75.00', '300.00', '60.00', '240.00', 1, 1481199409, 1481199409),
(765, 10000, 245, 87, 4, 1, '62.00', '62.00', '42.00', '42.00', 1, 1481199409, 1481199409),
(766, 10000, 245, 88, 4, 1, '205.00', '205.00', '160.00', '160.00', 1, 1481199409, 1481199409),
(767, 10000, 246, 87, 4, 2, '62.00', '124.00', '42.00', '84.00', 0, 1481212779, 1481212779),
(768, 10000, 247, 73, 1, 1, '78.00', '78.00', '27.00', '27.00', 0, 1481278474, 1481278474),
(769, 10000, 248, 1, 4, 16, '18.00', '288.00', '13.00', '208.00', 0, 1482238324, 1482238121),
(770, 10000, 248, 2, 4, 11, '16.00', '176.00', '10.00', '110.00', 0, 1482238324, 1482238121),
(771, 10000, 248, 3, 4, 7, '120.00', '840.00', '85.00', '595.00', 0, 1482238324, 1482238121),
(772, 10000, 248, 4, 4, 51, '6.00', '306.00', '4.50', '229.50', 0, 1482238324, 1482238121),
(773, 10000, 248, 7, 4, 6, '85.00', '510.00', '65.00', '390.00', 0, 1482238324, 1482238121),
(774, 10000, 248, 77, 4, 1, '75.00', '75.00', '60.00', '60.00', 0, 1482238324, 1482238121),
(775, 10000, 248, 78, 4, 1, '75.00', '75.00', '60.00', '60.00', 0, 1482238324, 1482238121),
(776, 10000, 248, 91, 4, 5, '23.00', '115.00', '18.00', '90.00', 0, 1482238324, 1482238216),
(777, 10000, 248, 88, 4, 3, '205.00', '615.00', '160.00', '480.00', 0, 1482238324, 1482238324),
(778, 10000, 249, 1, 3, 24, '25.00', '600.00', '13.00', '312.00', 0, 1482238414, 1482238414),
(779, 10000, 250, 78, 4, 1, '75.00', '75.00', '60.00', '60.00', 0, 1482238469, 1482238469),
(780, 10000, 250, 88, 4, 1, '205.00', '205.00', '160.00', '160.00', 0, 1482238469, 1482238469),
(781, 10000, 250, 91, 4, 5, '23.00', '115.00', '18.00', '90.00', 0, 1482238469, 1482238469),
(782, 10000, 251, 91, 5, 3, '20.00', '60.00', '18.00', '54.00', 1, 1482238494, 1482238494),
(783, 10000, 252, 1, 3, 4, '25.00', '100.00', '13.00', '52.00', 0, 1482238718, 1482238718),
(784, 10000, 252, 2, 3, 2, '25.00', '50.00', '10.00', '20.00', 0, 1482238718, 1482238718),
(785, 10000, 252, 6, 3, 2, '95.00', '190.00', '65.00', '130.00', 0, 1482238718, 1482238718),
(786, 10000, 252, 7, 3, 2, '100.00', '200.00', '65.00', '130.00', 0, 1482238718, 1482238718),
(787, 10000, 252, 72, 3, 1, '88.00', '88.00', '58.00', '58.00', 0, 1482238718, 1482238718),
(788, 10000, 253, 6, 2, 2, '120.00', '240.00', '65.00', '130.00', 0, 1482727703, 1482727703),
(789, 10000, 254, 91, 5, 6, '20.00', '120.00', '18.00', '108.00', 0, 1482727781, 1482727781),
(790, 10000, 255, 1, 3, 10, '25.00', '250.00', '13.00', '130.00', 0, 1482756451, 1482756451),
(791, 10000, 255, 2, 3, 1, '25.00', '25.00', '10.00', '10.00', 0, 1482756451, 1482756451),
(792, 10000, 255, 3, 3, 4, '140.00', '560.00', '85.00', '340.00', 0, 1482756451, 1482756451),
(793, 10000, 255, 7, 3, 2, '100.00', '200.00', '65.00', '130.00', 0, 1482756451, 1482756451),
(794, 10000, 255, 74, 3, 1, '57.00', '57.00', '32.00', '32.00', 0, 1482756451, 1482756451),
(795, 10000, 255, 75, 3, 1, '57.00', '57.00', '32.00', '32.00', 0, 1482756451, 1482756451),
(796, 10000, 255, 76, 3, 1, '57.00', '57.00', '32.00', '32.00', 0, 1482756451, 1482756451),
(797, 10000, 255, 77, 3, 2, '85.00', '170.00', '60.00', '120.00', 0, 1482756451, 1482756451),
(798, 10000, 255, 89, 3, 1, '128.00', '128.00', '88.00', '88.00', 0, 1482756451, 1482756451),
(799, 10000, 256, 91, 1, 3, '31.00', '93.00', '18.00', '54.00', 0, 1482816864, 1482816864),
(800, 10000, 257, 3, 2, 2, '160.00', '320.00', '85.00', '170.00', 0, 1482892937, 1482892937),
(801, 10000, 258, 91, 3, 24, '25.00', '600.00', '18.00', '432.00', 0, 1483028032, 1483028032),
(802, 10000, 259, 91, 4, 24, '23.00', '552.00', '18.00', '432.00', 0, 1483116878, 1483116878),
(803, 10000, 260, 91, 1, 3, '31.00', '93.00', '18.00', '54.00', 0, 1483350267, 1483350267),
(804, 10000, 261, 88, 4, 1, '205.00', '205.00', '160.00', '160.00', 0, 1483505139, 1483505139),
(805, 10000, 262, 91, 1, 4, '31.00', '124.00', '18.00', '72.00', 0, 1483602469, 1483602469),
(806, 10000, 263, 91, 5, 5, '20.00', '100.00', '18.00', '90.00', 0, 1483606294, 1483606294),
(807, 10000, 264, 78, 4, 3, '75.00', '225.00', '60.00', '180.00', 0, 1483688124, 1483688124),
(808, 10000, 265, 91, 1, 3, '31.00', '93.00', '18.00', '54.00', 0, 1483691120, 1483691120),
(809, 10000, 266, 1, 4, 15, '18.00', '270.00', '13.00', '195.00', 0, 1483759366, 1483698371),
(810, 10000, 266, 77, 4, 3, '75.00', '225.00', '60.00', '180.00', 0, 1483759366, 1483698371),
(811, 10000, 266, 88, 4, 2, '205.00', '410.00', '160.00', '320.00', 0, 1483759366, 1483698371),
(812, 10000, 266, 91, 4, 7, '23.00', '161.00', '18.00', '126.00', 0, 1483759366, 1483698371),
(813, 10000, 266, 2, 4, 5, '16.00', '80.00', '10.00', '50.00', 0, 1483759366, 1483759366),
(814, 10000, 266, 87, 4, 1, '62.00', '62.00', '42.00', '42.00', 0, 1483759366, 1483759366),
(815, 10000, 267, 1, 4, 5, '18.00', '90.00', '13.00', '65.00', 0, 1483759469, 1483759469),
(816, 10000, 267, 3, 4, 2, '120.00', '240.00', '85.00', '170.00', 0, 1483759469, 1483759469),
(817, 10000, 267, 73, 4, 3, '42.00', '126.00', '27.00', '81.00', 0, 1483759469, 1483759469),
(818, 10000, 267, 77, 4, 1, '75.00', '75.00', '60.00', '60.00', 0, 1483759469, 1483759469),
(819, 10000, 268, 1, 2, 2, '40.00', '80.00', '13.00', '26.00', 0, 1484031518, 1484031518),
(820, 10000, 268, 2, 2, 1, '40.00', '40.00', '10.00', '10.00', 0, 1484031518, 1484031518),
(821, 10000, 269, 1, 4, 10, '18.00', '180.00', '13.00', '130.00', 0, 1484042774, 1484042774),
(822, 10000, 269, 73, 4, 1, '42.00', '42.00', '27.00', '27.00', 0, 1484042774, 1484042774),
(823, 10000, 270, 91, 5, 3, '20.00', '60.00', '18.00', '54.00', 0, 1484105595, 1484105595),
(824, 10000, 271, 5, 3, 2, '100.00', '200.00', '50.00', '100.00', 0, 1484105618, 1484105618),
(825, 10000, 271, 78, 3, 1, '85.00', '85.00', '60.00', '60.00', 0, 1484105618, 1484105618),
(826, 10000, 271, 87, 3, 1, '72.00', '72.00', '42.00', '42.00', 0, 1484105618, 1484105618),
(827, 10000, 272, 77, 1, 1, '109.00', '109.00', '60.00', '60.00', 0, 1484105870, 1484105870),
(828, 10000, 273, 1, 4, 5, '18.00', '90.00', '13.00', '65.00', 0, 1484121511, 1484121511),
(829, 10000, 273, 3, 4, 2, '120.00', '240.00', '85.00', '170.00', 0, 1484121511, 1484121511),
(830, 10000, 273, 78, 4, 2, '75.00', '150.00', '60.00', '120.00', 0, 1484121511, 1484121511),
(831, 10000, 274, 91, 5, 3, '20.00', '60.00', '18.00', '54.00', 0, 1484717439, 1484717439),
(832, 10000, 275, 91, 3, 24, '25.00', '600.00', '18.00', '432.00', 0, 1486301277, 1486301277),
(833, 10000, 276, 91, 3, 12, '25.00', '300.00', '18.00', '216.00', 0, 1486301310, 1486301310),
(834, 10000, 277, 1, 3, 3, '25.00', '75.00', '13.00', '39.00', 0, 1486301330, 1486301330),
(835, 10000, 277, 7, 3, 2, '100.00', '200.00', '65.00', '130.00', 0, 1486301330, 1486301330),
(836, 10000, 277, 91, 3, 1, '25.00', '25.00', '18.00', '18.00', 0, 1486301330, 1486301330),
(837, 10000, 278, 1, 3, 4, '25.00', '100.00', '13.00', '52.00', 0, 1486371509, 1486371509),
(838, 10000, 278, 5, 3, 1, '100.00', '100.00', '50.00', '50.00', 0, 1486371509, 1486371509),
(839, 10000, 278, 7, 3, 1, '100.00', '100.00', '65.00', '65.00', 0, 1486371509, 1486371509),
(840, 10000, 279, 75, 4, 1, '47.00', '47.00', '32.00', '32.00', 0, 1486444124, 1486444124),
(841, 10000, 279, 78, 4, 5, '75.00', '375.00', '60.00', '300.00', 0, 1486444124, 1486444124),
(842, 10000, 280, 1, 4, 1, '18.00', '18.00', '13.00', '13.00', 0, 1486546636, 1486546636),
(843, 10000, 280, 73, 4, 1, '42.00', '42.00', '27.00', '27.00', 0, 1486546636, 1486546636),
(844, 10000, 281, 88, 4, 2, '205.00', '410.00', '160.00', '320.00', 0, 1486618906, 1486618906),
(845, 10000, 282, 1, 3, 4, '25.00', '100.00', '13.00', '52.00', 0, 1486618941, 1486618941),
(846, 10000, 283, 1, 3, 12, '25.00', '300.00', '13.00', '156.00', 0, 1486712059, 1486712059),
(847, 10000, 284, 1, 3, 1, '25.00', '25.00', '13.00', '13.00', 0, 1486958048, 1486958048),
(848, 10000, 284, 3, 3, 1, '140.00', '140.00', '85.00', '85.00', 0, 1486958048, 1486958048),
(849, 10000, 284, 4, 3, 10, '7.00', '70.00', '4.50', '45.00', 0, 1486958048, 1486958048),
(850, 10000, 285, 1, 3, 1, '25.00', '25.00', '13.00', '13.00', 0, 1486958099, 1486958099),
(851, 10000, 285, 2, 3, 1, '25.00', '25.00', '10.00', '10.00', 0, 1486958099, 1486958099),
(852, 10000, 285, 3, 3, 1, '140.00', '140.00', '85.00', '85.00', 0, 1486958099, 1486958099),
(853, 10000, 285, 4, 3, 3, '7.00', '21.00', '4.50', '13.50', 0, 1486958099, 1486958099),
(854, 10000, 285, 7, 3, 1, '100.00', '100.00', '65.00', '65.00', 0, 1486958099, 1486958099),
(855, 10000, 286, 1, 4, 5, '18.00', '90.00', '13.00', '65.00', 0, 1487219364, 1487219364),
(856, 10000, 286, 76, 4, 1, '47.00', '47.00', '32.00', '32.00', 0, 1487219364, 1487219364),
(857, 10000, 287, 1, 2, 3, '40.00', '120.00', '13.00', '39.00', 0, 1487308737, 1487308737),
(858, 10000, 288, 1, 4, 5, '18.00', '90.00', '13.00', '65.00', 0, 1487318012, 1487318012),
(859, 10000, 289, 1, 4, 1, '18.00', '18.00', '13.00', '13.00', 0, 1487489215, 1487489215),
(860, 10000, 289, 3, 4, 1, '120.00', '120.00', '85.00', '85.00', 0, 1487489215, 1487489215),
(861, 10000, 290, 91, 4, 9, '23.00', '207.00', '18.00', '162.00', 0, 1487573222, 1487573222),
(862, 10000, 291, 1, 4, 10, '18.00', '180.00', '13.00', '130.00', 0, 1487659455, 1487659455),
(863, 10000, 291, 3, 4, 3, '120.00', '360.00', '85.00', '255.00', 0, 1487659455, 1487659455),
(864, 10000, 291, 87, 4, 1, '62.00', '62.00', '42.00', '42.00', 0, 1487659455, 1487659455),
(865, 10000, 291, 91, 4, 5, '23.00', '115.00', '18.00', '90.00', 0, 1487659455, 1487659455),
(866, 10000, 292, 1, 2, 3, '40.00', '120.00', '13.00', '39.00', 0, 1487737527, 1487737527),
(867, 10000, 293, 1, 2, 2, '40.00', '80.00', '13.00', '26.00', 0, 1488255434, 1488255434),
(868, 10000, 293, 2, 2, 1, '40.00', '40.00', '10.00', '10.00', 0, 1488255434, 1488255434),
(869, 10000, 294, 1, 4, 10, '18.00', '180.00', '13.00', '130.00', 0, 1488347106, 1488347106),
(870, 10000, 294, 2, 4, 5, '16.00', '80.00', '10.00', '50.00', 0, 1488347106, 1488347106),
(871, 10000, 295, 4, 3, 10, '7.00', '70.00', '4.50', '45.00', 0, 1488350475, 1488350475),
(872, 10000, 296, 4, 3, 10, '7.00', '70.00', '4.50', '45.00', 1, 1488350477, 1488350477),
(873, 10000, 297, 1, 4, 10, '18.00', '180.00', '13.00', '130.00', 0, 1488768847, 1488768847),
(874, 10000, 298, 1, 3, 3, '25.00', '75.00', '13.00', '39.00', 0, 1488768893, 1488768893),
(875, 10000, 298, 4, 3, 20, '7.00', '140.00', '4.50', '90.00', 0, 1488768893, 1488768893),
(876, 10000, 298, 7, 3, 2, '100.00', '200.00', '65.00', '130.00', 0, 1488768893, 1488768893),
(877, 10000, 298, 75, 3, 1, '57.00', '57.00', '32.00', '32.00', 0, 1488768893, 1488768893),
(878, 10000, 298, 76, 3, 1, '57.00', '57.00', '32.00', '32.00', 0, 1488768893, 1488768893),
(879, 10000, 298, 88, 3, 1, '235.00', '235.00', '160.00', '160.00', 0, 1488768893, 1488768893),
(880, 10000, 299, 1, 3, 5, '25.00', '125.00', '13.00', '65.00', 0, 1488871592, 1488871592),
(881, 10000, 299, 7, 3, 1, '100.00', '100.00', '65.00', '65.00', 0, 1488871592, 1488871592),
(882, 10000, 299, 72, 3, 1, '88.00', '88.00', '58.00', '58.00', 0, 1488871592, 1488871592),
(883, 10000, 300, 4, 3, 20, '7.00', '140.00', '4.50', '90.00', 0, 1489036959, 1489036959),
(884, 10000, 301, 1, 3, 3, '25.00', '75.00', '13.00', '39.00', 0, 1489297759, 1489297759),
(885, 10000, 302, 1, 4, 20, '18.00', '360.00', '13.00', '260.00', 0, 1489297803, 1489297803),
(886, 10000, 302, 3, 4, 5, '120.00', '600.00', '85.00', '425.00', 0, 1489297803, 1489297803),
(887, 10000, 302, 73, 4, 1, '42.00', '42.00', '27.00', '27.00', 0, 1489297803, 1489297803),
(888, 10000, 302, 92, 4, 2, '142.00', '284.00', '102.00', '204.00', 0, 1489297803, 1489297803),
(889, 10000, 303, 1, 1, 1, '60.00', '60.00', '13.00', '13.00', 0, 1489389626, 1489389626),
(890, 10000, 303, 87, 1, 1, '98.00', '98.00', '42.00', '42.00', 0, 1489389626, 1489389626),
(891, 10000, 304, 1, 3, 2, '25.00', '50.00', '13.00', '26.00', 0, 1489659983, 1489659983),
(892, 10000, 305, 1, 3, 2, '25.00', '50.00', '13.00', '26.00', 0, 1489659998, 1489659998),
(893, 10000, 306, 1, 4, 1, '18.00', '18.00', '13.00', '13.00', 0, 1489660017, 1489660017),
(894, 10000, 306, 2, 4, 10, '16.00', '160.00', '10.00', '100.00', 0, 1489660017, 1489660017),
(895, 10000, 307, 78, 4, 3, '75.00', '225.00', '60.00', '180.00', 0, 1489734811, 1489734811),
(896, 10000, 308, 6, 4, 2, '85.00', '170.00', '65.00', '130.00', 0, 1489808437, 1489808437),
(897, 10000, 309, 4, 4, 5, '6.00', '30.00', '4.50', '22.50', 0, 1490947886, 1489897084),
(898, 10000, 309, 7, 4, 6, '85.00', '510.00', '65.00', '390.00', 0, 1490947886, 1489897084),
(899, 10000, 310, 1, 4, 7, '18.00', '126.00', '13.00', '91.00', 0, 1489981826, 1489897144),
(900, 10000, 310, 3, 4, 2, '120.00', '240.00', '85.00', '170.00', 0, 1489981826, 1489897144),
(901, 10000, 310, 88, 4, 2, '205.00', '410.00', '160.00', '320.00', 0, 1489981826, 1489897144),
(902, 10000, 311, 1, 3, 2, '25.00', '50.00', '13.00', '26.00', 0, 1489998132, 1489998132),
(903, 10000, 311, 4, 3, 10, '7.00', '70.00', '4.50', '45.00', 0, 1489998132, 1489998132),
(904, 10000, 312, 92, 4, 3, '142.00', '426.00', '102.00', '306.00', 0, 1490780553, 1490780553),
(905, 10000, 313, 4, 3, 10, '7.00', '70.00', '4.50', '45.00', 0, 1490856528, 1490856528),
(906, 10000, 314, 1, 2, 3, '40.00', '120.00', '13.00', '39.00', 0, 1490856718, 1490856718),
(907, 10000, 315, 92, 4, 1, '142.00', '142.00', '102.00', '102.00', 0, 1490929037, 1490929037),
(908, 10000, 316, 74, 5, 1, '37.00', '37.00', '32.00', '32.00', 0, 1490929065, 1490929065),
(909, 10000, 316, 75, 5, 1, '37.00', '37.00', '32.00', '32.00', 0, 1490929065, 1490929065),
(910, 10000, 316, 78, 5, 2, '65.00', '130.00', '60.00', '120.00', 0, 1490929065, 1490929065),
(911, 10000, 309, 1, 4, 1, '18.00', '18.00', '13.00', '13.00', 0, 1490947886, 1490947886),
(912, 10000, 309, 2, 4, 1, '16.00', '16.00', '10.00', '10.00', 0, 1490947886, 1490947886),
(913, 10000, 317, 73, 4, 1, '42.00', '42.00', '27.00', '27.00', 0, 1491363572, 1491363572),
(914, 10000, 317, 87, 4, 1, '62.00', '62.00', '42.00', '42.00', 0, 1491363572, 1491363572),
(915, 10000, 317, 92, 4, 1, '142.00', '142.00', '102.00', '102.00', 0, 1491363572, 1491363572),
(916, 10000, 318, 92, 4, 2, '142.00', '284.00', '102.00', '204.00', 0, 1491375183, 1491375183),
(917, 10000, 319, 92, 5, 1, '122.00', '122.00', '102.00', '102.00', 0, 1493881896, 1491470270),
(918, 10000, 320, 2, 4, 2, '16.00', '32.00', '10.00', '20.00', 0, 1491534699, 1491534699),
(919, 10000, 320, 92, 4, 1, '142.00', '142.00', '102.00', '102.00', 0, 1491534699, 1491534699),
(920, 10000, 321, 90, 1, 1, '98.00', '98.00', '47.00', '47.00', 0, 1491793590, 1491793590),
(921, 10000, 322, 1, 2, 1, '40.00', '40.00', '13.00', '13.00', 0, 1491793657, 1491793657),
(922, 10000, 322, 7, 2, 1, '130.00', '130.00', '65.00', '65.00', 0, 1491793657, 1491793657),
(923, 10000, 323, 1, 4, 20, '18.00', '360.00', '13.00', '260.00', 1, 1491809670, 1491809670),
(924, 10000, 323, 2, 4, 10, '16.00', '160.00', '10.00', '100.00', 1, 1491809670, 1491809670),
(925, 10000, 323, 3, 4, 2, '120.00', '240.00', '85.00', '170.00', 1, 1491809670, 1491809670),
(926, 10000, 323, 4, 4, 50, '6.00', '300.00', '4.50', '225.00', 1, 1491809670, 1491809670),
(927, 10000, 323, 5, 4, 1, '85.00', '85.00', '50.00', '50.00', 1, 1491809670, 1491809670),
(928, 10000, 323, 7, 4, 1, '85.00', '85.00', '65.00', '65.00', 1, 1491809670, 1491809670),
(929, 10000, 323, 73, 4, 2, '42.00', '84.00', '27.00', '54.00', 1, 1491809670, 1491809670),
(930, 10000, 323, 78, 4, 1, '75.00', '75.00', '60.00', '60.00', 1, 1491809670, 1491809670),
(931, 10000, 323, 87, 4, 1, '62.00', '62.00', '42.00', '42.00', 1, 1491809670, 1491809670),
(932, 10000, 323, 89, 4, 1, '108.00', '108.00', '88.00', '88.00', 1, 1491809670, 1491809670),
(933, 10000, 323, 91, 4, 1, '23.00', '23.00', '18.00', '18.00', 1, 1491809670, 1491809670),
(934, 10000, 323, 92, 4, 9, '142.00', '1278.00', '102.00', '918.00', 1, 1491809670, 1491809670),
(935, 10000, 324, 1, 4, 20, '18.00', '360.00', '13.00', '260.00', 0, 1491813255, 1491813255),
(936, 10000, 324, 2, 4, 10, '16.00', '160.00', '10.00', '100.00', 0, 1491813255, 1491813255),
(937, 10000, 324, 3, 4, 2, '120.00', '240.00', '85.00', '170.00', 0, 1491813255, 1491813255),
(938, 10000, 324, 4, 4, 50, '6.00', '300.00', '4.50', '225.00', 0, 1491813255, 1491813255),
(939, 10000, 324, 5, 4, 1, '85.00', '85.00', '50.00', '50.00', 0, 1491813255, 1491813255),
(940, 10000, 324, 7, 4, 1, '85.00', '85.00', '65.00', '65.00', 0, 1491813255, 1491813255),
(941, 10000, 324, 73, 4, 2, '42.00', '84.00', '27.00', '54.00', 0, 1491813255, 1491813255),
(942, 10000, 324, 78, 4, 1, '75.00', '75.00', '60.00', '60.00', 0, 1491813255, 1491813255),
(943, 10000, 324, 87, 4, 1, '62.00', '62.00', '42.00', '42.00', 0, 1491813255, 1491813255),
(944, 10000, 324, 89, 4, 1, '108.00', '108.00', '88.00', '88.00', 0, 1491813255, 1491813255),
(945, 10000, 324, 91, 4, 1, '23.00', '23.00', '18.00', '18.00', 0, 1491813255, 1491813255),
(946, 10000, 324, 92, 4, 9, '142.00', '1278.00', '102.00', '918.00', 0, 1491813255, 1491813255),
(947, 10000, 325, 1, 3, 21, '25.00', '525.00', '13.00', '273.00', 0, 1492052973, 1492052973),
(948, 10000, 325, 87, 3, 1, '72.00', '72.00', '42.00', '42.00', 0, 1492052973, 1492052973),
(949, 10000, 326, 1, 3, 2, '25.00', '50.00', '13.00', '26.00', 0, 1492137358, 1492137358),
(950, 10000, 326, 2, 3, 1, '25.00', '25.00', '10.00', '10.00', 0, 1492137358, 1492137358),
(951, 10000, 326, 4, 3, 10, '7.00', '70.00', '4.50', '45.00', 0, 1492137358, 1492137358),
(952, 10000, 327, 1, 1, 1, '60.00', '60.00', '13.00', '13.00', 0, 1492137541, 1492137541),
(953, 10000, 328, 5, 3, 2, '100.00', '200.00', '50.00', '100.00', 0, 1492569504, 1492569504),
(954, 10000, 329, 1, 2, 3, '40.00', '120.00', '13.00', '39.00', 0, 1492752669, 1492752669),
(955, 10000, 330, 92, 3, 1, '180.00', '180.00', '102.00', '102.00', 0, 1493189421, 1493189421),
(956, 10000, 331, 1, 3, 3, '25.00', '75.00', '13.00', '39.00', 0, 1493189455, 1493189455),
(957, 10000, 331, 91, 3, 2, '25.00', '50.00', '18.00', '36.00', 0, 1493189455, 1493189455),
(958, 10000, 332, 1, 4, 30, '18.00', '540.00', '13.00', '390.00', 0, 1493189712, 1493189712),
(959, 10000, 332, 4, 4, 100, '6.00', '600.00', '4.50', '450.00', 0, 1493189712, 1493189712),
(960, 10000, 332, 5, 4, 1, '85.00', '85.00', '50.00', '50.00', 0, 1493189712, 1493189712),
(961, 10000, 332, 72, 4, 1, '78.00', '78.00', '58.00', '58.00', 0, 1493189712, 1493189712),
(962, 10000, 332, 73, 4, 1, '42.00', '42.00', '27.00', '27.00', 0, 1493189712, 1493189712),
(963, 10000, 332, 78, 4, 3, '75.00', '225.00', '60.00', '180.00', 0, 1493189712, 1493189712),
(964, 10000, 332, 88, 4, 4, '205.00', '820.00', '160.00', '640.00', 0, 1493189712, 1493189712),
(965, 10000, 332, 92, 4, 6, '142.00', '852.00', '102.00', '612.00', 0, 1493189712, 1493189712),
(966, 10000, 333, 4, 4, 10, '6.00', '60.00', '4.50', '45.00', 0, 1493264551, 1493264551),
(967, 10000, 333, 7, 4, 1, '85.00', '85.00', '65.00', '65.00', 0, 1493264551, 1493264551),
(968, 10000, 334, 7, 4, 1, '85.00', '85.00', '65.00', '65.00', 0, 1493881864, 1493881864),
(969, 10000, 334, 77, 4, 1, '75.00', '75.00', '60.00', '60.00', 0, 1493881864, 1493881864),
(970, 10000, 335, 92, 3, 1, '180.00', '180.00', '102.00', '102.00', 0, 1493881953, 1493881953),
(971, 10000, 336, 77, 2, 1, '109.00', '109.00', '60.00', '60.00', 0, 1493882003, 1493882003),
(972, 10000, 337, 92, 1, 1, '198.00', '198.00', '102.00', '102.00', 0, 1493882297, 1493882290),
(973, 10000, 338, 87, 5, 1, '52.00', '52.00', '42.00', '42.00', 0, 1494401705, 1494401705),
(974, 10000, 338, 88, 5, 1, '180.00', '180.00', '160.00', '160.00', 0, 1494401705, 1494401705),
(975, 10000, 339, 92, 4, 3, '142.00', '426.00', '102.00', '306.00', 0, 1494401728, 1494401728),
(976, 10000, 340, 1, 3, 4, '25.00', '100.00', '13.00', '52.00', 0, 1494487483, 1494487483),
(977, 10000, 341, 1, 3, 3, '25.00', '75.00', '13.00', '39.00', 0, 1494489852, 1494489852),
(978, 10000, 342, 4, 4, 10, '6.00', '60.00', '4.50', '45.00', 0, 1494489919, 1494489919),
(979, 10000, 342, 73, 4, 2, '42.00', '84.00', '27.00', '54.00', 0, 1494489919, 1494489919),
(980, 10000, 342, 77, 4, 1, '75.00', '75.00', '60.00', '60.00', 0, 1494489919, 1494489919),
(981, 10000, 342, 87, 4, 1, '62.00', '62.00', '42.00', '42.00', 0, 1494489919, 1494489919),
(982, 10000, 342, 92, 4, 3, '142.00', '426.00', '102.00', '306.00', 0, 1494489919, 1494489919),
(983, 10000, 343, 1, 3, 15, '25.00', '375.00', '13.00', '195.00', 0, 1494490110, 1494490110),
(984, 10000, 343, 4, 3, 20, '7.00', '140.00', '4.50', '90.00', 0, 1494490110, 1494490110),
(985, 10000, 343, 5, 3, 1, '100.00', '100.00', '50.00', '50.00', 0, 1494490110, 1494490110),
(986, 10000, 344, 2, 3, 2, '25.00', '50.00', '10.00', '20.00', 0, 1494736748, 1494736748),
(987, 10000, 344, 3, 3, 1, '140.00', '140.00', '85.00', '85.00', 0, 1494736748, 1494736748),
(988, 10000, 344, 7, 3, 1, '100.00', '100.00', '65.00', '65.00', 0, 1494736748, 1494736748),
(989, 10000, 344, 78, 3, 3, '85.00', '255.00', '60.00', '180.00', 0, 1494736748, 1494736748),
(990, 10000, 344, 92, 3, 5, '9.00', '45.00', '5.10', '25.50', 0, 1494736748, 1494736748),
(991, 10000, 345, 78, 1, 1, '109.00', '109.00', '60.00', '60.00', 0, 1494736920, 1494736920),
(992, 10000, 345, 92, 1, 2, '9.90', '19.80', '5.10', '10.20', 0, 1494736920, 1494736920),
(993, 10000, 346, 77, 4, 1, '75.00', '75.00', '60.00', '60.00', 0, 1494736947, 1494736947),
(994, 10000, 347, 73, 4, 4, '42.00', '168.00', '27.00', '108.00', 0, 1494821509, 1494821448),
(995, 10000, 348, 1, 3, 3, '25.00', '75.00', '13.00', '39.00', 0, 1495686058, 1495686058),
(996, 10000, 349, 1, 3, 4, '25.00', '100.00', '13.00', '52.00', 0, 1495686121, 1495686121),
(997, 10000, 350, 7, 4, 6, '85.00', '510.00', '65.00', '390.00', 0, 1495686142, 1495686142),
(998, 10000, 351, 1, 3, 4, '25.00', '100.00', '13.00', '52.00', 0, 1495686492, 1495686492),
(999, 10000, 351, 2, 3, 4, '25.00', '100.00', '10.00', '40.00', 0, 1495686492, 1495686492),
(1000, 10000, 351, 3, 3, 1, '140.00', '140.00', '85.00', '85.00', 0, 1495686492, 1495686492),
(1001, 10000, 351, 4, 3, 15, '7.00', '105.00', '4.50', '67.50', 0, 1495686492, 1495686492),
(1002, 10000, 351, 92, 3, 20, '9.00', '180.00', '5.10', '102.00', 0, 1495686492, 1495686492),
(1003, 10000, 352, 1, 2, 3, '40.00', '120.00', '13.00', '39.00', 0, 1495869448, 1495869448);

-- --------------------------------------------------------

--
-- 表的结构 `thank_product`
--

CREATE TABLE IF NOT EXISTS `thank_product` (
  `id` int(11) unsigned NOT NULL COMMENT 'ID',
  `member_id` int(11) NOT NULL DEFAULT '0' COMMENT '会员id',
  `title` varchar(500) NOT NULL DEFAULT '' COMMENT '商品名称',
  `picture` varchar(200) NOT NULL DEFAULT '' COMMENT '商品图片',
  `detail` text NOT NULL COMMENT '商品详情',
  `unit` tinyint(1) unsigned NOT NULL DEFAULT '0' COMMENT '商品单位0：个1：瓶2：盒3：片4：支5：箱',
  `status` tinyint(1) unsigned NOT NULL DEFAULT '0' COMMENT '0停用1启用',
  `isdel` tinyint(1) NOT NULL DEFAULT '0' COMMENT '是否删除',
  `update_time` int(11) unsigned NOT NULL DEFAULT '0' COMMENT '更新时间',
  `create_time` int(11) unsigned NOT NULL DEFAULT '0' COMMENT '创建时间'
) ENGINE=InnoDB AUTO_INCREMENT=93 DEFAULT CHARSET=utf8 COMMENT='商品表';

--
-- 转存表中的数据 `thank_product`
--

INSERT INTO `thank_product` (`id`, `member_id`, `title`, `picture`, `detail`, `unit`, `status`, `isdel`, `update_time`, `create_time`) VALUES
(1, 10000, '胡萝卜', '', '', 0, 1, 0, 1467637310, 1467637310),
(2, 10000, '水光针', '', '', 0, 1, 0, 1467637434, 1467637434),
(3, 10000, '红石榴套盒', '', '', 2, 1, 0, 1467637503, 1467637503),
(4, 10000, '水光面膜', '', '', 3, 1, 0, 1467637565, 1467637565),
(5, 10000, '素颜霜', '', '', 0, 1, 0, 1467637650, 1467637650),
(6, 10000, '魔法布丁', '', '', 2, 1, 0, 1467637713, 1467637713),
(7, 10000, '魔法泡泡', '', '', 0, 1, 0, 1467637789, 1467637789),
(23, 10004, '胡萝卜', '', '', 0, 1, 0, 1468294723, 1468294723),
(24, 10004, '水光针', '', '', 0, 1, 0, 1468294723, 1468294723),
(25, 10004, '红石榴套盒', '', '', 2, 1, 0, 1468294723, 1468294723),
(26, 10004, '水光面膜', '', '', 3, 1, 0, 1468294723, 1468294723),
(27, 10004, '素颜霜', '', '', 0, 1, 0, 1468294723, 1468294723),
(28, 10004, '魔法布丁', '', '', 2, 1, 0, 1468294723, 1468294723),
(29, 10004, '魔法泡泡', '', '', 0, 1, 0, 1468294723, 1468294723),
(30, 10005, '胡萝卜', '', '', 0, 1, 0, 1468417744, 1468417744),
(31, 10005, '水光针', '', '', 0, 1, 0, 1468417744, 1468417744),
(32, 10005, '红石榴套盒', '', '', 2, 1, 0, 1468417745, 1468417745),
(33, 10005, '水光面膜', '', '', 3, 1, 0, 1468417745, 1468417745),
(34, 10005, '素颜霜', '', '', 0, 1, 0, 1468417745, 1468417745),
(35, 10005, '魔法布丁', '', '', 2, 1, 0, 1468417745, 1468417745),
(36, 10005, '魔法泡泡', '', '', 0, 1, 0, 1468417745, 1468417745),
(37, 10006, '胡萝卜', '', '', 0, 1, 0, 1468417846, 1468417846),
(38, 10006, '水光针', '', '', 0, 1, 0, 1468417846, 1468417846),
(39, 10006, '红石榴套盒', '', '', 2, 1, 0, 1468417846, 1468417846),
(40, 10006, '水光面膜', '', '', 3, 1, 0, 1468417846, 1468417846),
(41, 10006, '素颜霜', '', '', 0, 1, 0, 1468417846, 1468417846),
(42, 10006, '魔法布丁', '', '', 2, 1, 0, 1468417846, 1468417846),
(43, 10006, '魔法泡泡', '', '', 0, 1, 0, 1468417846, 1468417846),
(44, 10008, '胡萝卜', '', '', 0, 1, 0, 1468824640, 1468824640),
(45, 10008, '水光针', '', '', 0, 1, 0, 1468824641, 1468824641),
(46, 10008, '红石榴套盒', '', '', 2, 1, 0, 1468824641, 1468824641),
(47, 10008, '水光面膜', '', '', 3, 1, 0, 1468824641, 1468824641),
(48, 10008, '素颜霜', '', '', 0, 1, 0, 1468824642, 1468824642),
(49, 10008, '魔法布丁', '', '', 2, 1, 0, 1468824642, 1468824642),
(50, 10008, '魔法泡泡', '', '', 0, 1, 0, 1468824643, 1468824643),
(51, 10009, '胡萝卜', '', '', 0, 1, 0, 1468847741, 1468847741),
(52, 10009, '水光针', '', '', 0, 1, 0, 1468847741, 1468847741),
(53, 10009, '红石榴套盒', '', '', 2, 1, 0, 1468847741, 1468847741),
(54, 10009, '水光面膜', '', '', 3, 1, 0, 1468847741, 1468847741),
(55, 10009, '素颜霜', '', '', 0, 1, 0, 1468847741, 1468847741),
(56, 10009, '魔法布丁', '', '', 2, 1, 0, 1468847741, 1468847741),
(57, 10009, '魔法泡泡', '', '', 0, 1, 0, 1468847741, 1468847741),
(58, 10011, '胡萝卜', '', '', 0, 1, 0, 1469591209, 1469591209),
(59, 10011, '水光针', '', '', 0, 1, 0, 1469591209, 1469591209),
(60, 10011, '红石榴套盒', '', '', 2, 1, 0, 1469591209, 1469591209),
(61, 10011, '水光面膜', '', '', 3, 1, 0, 1469591209, 1469591209),
(62, 10011, '素颜霜', '', '', 0, 1, 0, 1469591209, 1469591209),
(63, 10011, '魔法布丁', '', '', 2, 1, 0, 1469591209, 1469591209),
(64, 10011, '魔法泡泡', '', '', 0, 1, 0, 1469591209, 1469591209),
(65, 10012, '胡萝卜', '', '', 0, 1, 0, 1469591244, 1469591244),
(66, 10012, '水光针', '', '', 0, 1, 0, 1469591244, 1469591244),
(67, 10012, '红石榴套盒', '', '', 2, 1, 0, 1469591244, 1469591244),
(68, 10012, '水光面膜', '', '', 3, 1, 0, 1469591244, 1469591244),
(69, 10012, '素颜霜', '', '', 0, 1, 0, 1469591244, 1469591244),
(70, 10012, '魔法布丁', '', '', 2, 1, 0, 1469591244, 1469591244),
(71, 10012, '魔法泡泡', '', '', 0, 1, 0, 1469591244, 1469591244),
(72, 10000, '鲜桃C', '', '', 2, 1, 0, 1471448823, 1471433830),
(73, 10000, '唇釉', '', '', 0, 1, 0, 1475254201, 1475254201),
(74, 10000, '眼线笔', '', '', 0, 1, 0, 1475254242, 1475254242),
(75, 10000, '睫毛膏', '', '', 0, 1, 0, 1475254279, 1475254279),
(76, 10000, '眉笔', '', '', 0, 1, 0, 1475254310, 1475254310),
(77, 10000, '粉底', '', '', 0, 1, 0, 1475254358, 1475254358),
(78, 10000, '黑金面膜', '', '', 2, 1, 0, 1475254568, 1475254395),
(79, 10000, '眼影', '', '', 0, 1, 0, 1475254427, 1475254427),
(80, 10013, '胡萝卜', '', '', 0, 1, 0, 1477323968, 1477323968),
(81, 10013, '水光针', '', '', 0, 1, 0, 1477323968, 1477323968),
(82, 10013, '红石榴套盒', '', '', 2, 1, 0, 1477323968, 1477323968),
(83, 10013, '水光面膜', '', '', 3, 1, 0, 1477323968, 1477323968),
(84, 10013, '素颜霜', '', '', 0, 1, 0, 1477323968, 1477323968),
(85, 10013, '魔法布丁', '', '', 2, 1, 0, 1477323968, 1477323968),
(86, 10013, '魔法泡泡', '', '', 0, 1, 0, 1477323968, 1477323968),
(87, 10000, '口红', '', '', 0, 1, 0, 1480589151, 1480589151),
(88, 10000, '奢宠白金套装', '', '', 0, 1, 0, 1480589249, 1480589249),
(89, 10000, '流星炫彩粉球', '', '', 0, 1, 0, 1480589325, 1480589325),
(90, 10000, '气垫腮红', '', '', 0, 1, 0, 1480589359, 1480589359),
(91, 10000, '火锅', '', '', 0, 1, 0, 1482238197, 1482238197),
(92, 10000, '佰医堂藏红花膏', '', '', 3, 1, 0, 1494736715, 1489032327);

-- --------------------------------------------------------

--
-- 表的结构 `thank_product_extend`
--

CREATE TABLE IF NOT EXISTS `thank_product_extend` (
  `id` int(11) unsigned NOT NULL COMMENT 'ID',
  `member_id` int(11) NOT NULL DEFAULT '0' COMMENT '会员id',
  `product_id` int(11) unsigned NOT NULL DEFAULT '0' COMMENT '商品ID',
  `grade` tinyint(1) unsigned NOT NULL DEFAULT '0' COMMENT '代理级别',
  `price` decimal(10,2) NOT NULL DEFAULT '0.00' COMMENT '价格',
  `update_time` int(11) unsigned NOT NULL DEFAULT '0' COMMENT '更新时间',
  `create_time` int(11) unsigned NOT NULL DEFAULT '0' COMMENT '创建时间'
) ENGINE=InnoDB AUTO_INCREMENT=529 DEFAULT CHARSET=utf8 COMMENT='商品扩展表';

--
-- 转存表中的数据 `thank_product_extend`
--

INSERT INTO `thank_product_extend` (`id`, `member_id`, `product_id`, `grade`, `price`, `update_time`, `create_time`) VALUES
(1, 10000, 1, 1, '60.00', 1467637310, 1467637310),
(2, 10000, 1, 2, '40.00', 1467637310, 1467637310),
(3, 10000, 1, 3, '25.00', 1467637310, 1467637310),
(4, 10000, 1, 4, '18.00', 1467637310, 1467637310),
(5, 10000, 1, 5, '14.00', 1467637310, 1467637310),
(6, 10000, 1, 6, '13.00', 1467637310, 1467637310),
(7, 10000, 1, 7, '12.00', 1467637310, 1467637310),
(8, 10000, 2, 1, '60.00', 1467637434, 1467637434),
(9, 10000, 2, 2, '40.00', 1467637434, 1467637434),
(10, 10000, 2, 3, '25.00', 1467637434, 1467637434),
(11, 10000, 2, 4, '16.00', 1467637434, 1467637434),
(12, 10000, 2, 5, '12.00', 1467637434, 1467637434),
(13, 10000, 2, 6, '10.00', 1467637434, 1467637434),
(14, 10000, 2, 7, '8.00', 1467637434, 1467637434),
(15, 10000, 3, 1, '198.00', 1467637503, 1467637503),
(16, 10000, 3, 2, '160.00', 1467637503, 1467637503),
(17, 10000, 3, 3, '140.00', 1467637503, 1467637503),
(18, 10000, 3, 4, '120.00', 1467637503, 1467637503),
(19, 10000, 3, 5, '100.00', 1467637503, 1467637503),
(20, 10000, 3, 6, '85.00', 1467637503, 1467637503),
(21, 10000, 3, 7, '75.00', 1467637503, 1467637503),
(22, 10000, 4, 1, '12.80', 1467637565, 1467637565),
(23, 10000, 4, 2, '8.00', 1467637565, 1467637565),
(24, 10000, 4, 3, '7.00', 1467637565, 1467637565),
(25, 10000, 4, 4, '6.00', 1467637565, 1467637565),
(26, 10000, 4, 5, '5.00', 1467637565, 1467637565),
(27, 10000, 4, 6, '4.50', 1467637565, 1467637565),
(28, 10000, 4, 7, '4.00', 1467637565, 1467637565),
(29, 10000, 5, 1, '138.00', 1467637650, 1467637650),
(30, 10000, 5, 2, '120.00', 1467637650, 1467637650),
(31, 10000, 5, 3, '100.00', 1467637650, 1467637650),
(32, 10000, 5, 4, '85.00', 1467637650, 1467637650),
(33, 10000, 5, 5, '65.00', 1467637650, 1467637650),
(34, 10000, 5, 6, '50.00', 1467637650, 1467637650),
(35, 10000, 5, 7, '40.00', 1467637650, 1467637650),
(36, 10000, 6, 1, '148.00', 1467637713, 1467637713),
(37, 10000, 6, 2, '120.00', 1467637713, 1467637713),
(38, 10000, 6, 3, '95.00', 1467637713, 1467637713),
(39, 10000, 6, 4, '85.00', 1467637713, 1467637713),
(40, 10000, 6, 5, '75.00', 1467637713, 1467637713),
(41, 10000, 6, 6, '65.00', 1467637713, 1467637713),
(42, 10000, 6, 7, '55.00', 1467637713, 1467637713),
(43, 10000, 7, 1, '168.00', 1467637789, 1467637789),
(44, 10000, 7, 2, '130.00', 1467637789, 1467637789),
(45, 10000, 7, 3, '100.00', 1467637789, 1467637789),
(46, 10000, 7, 4, '85.00', 1467637789, 1467637789),
(47, 10000, 7, 5, '75.00', 1467637789, 1467637789),
(48, 10000, 7, 6, '65.00', 1467637789, 1467637789),
(49, 10000, 7, 7, '55.00', 1467637789, 1467637789),
(50, 10004, 23, 29, '60.00', 1468294723, 1468294723),
(51, 10004, 23, 30, '40.00', 1468294723, 1468294723),
(52, 10004, 23, 31, '25.00', 1468294723, 1468294723),
(53, 10004, 23, 32, '18.00', 1468294723, 1468294723),
(54, 10004, 23, 33, '14.00', 1468294723, 1468294723),
(55, 10004, 23, 34, '13.00', 1468294723, 1468294723),
(56, 10004, 23, 35, '12.00', 1468294723, 1468294723),
(57, 10004, 24, 29, '60.00', 1468294723, 1468294723),
(58, 10004, 24, 30, '40.00', 1468294723, 1468294723),
(59, 10004, 24, 31, '25.00', 1468294723, 1468294723),
(60, 10004, 24, 32, '16.00', 1468294723, 1468294723),
(61, 10004, 24, 33, '12.00', 1468294723, 1468294723),
(62, 10004, 24, 34, '10.00', 1468294723, 1468294723),
(63, 10004, 24, 35, '8.00', 1468294723, 1468294723),
(64, 10004, 25, 29, '198.00', 1468294723, 1468294723),
(65, 10004, 25, 30, '160.00', 1468294723, 1468294723),
(66, 10004, 25, 31, '140.00', 1468294723, 1468294723),
(67, 10004, 25, 32, '120.00', 1468294723, 1468294723),
(68, 10004, 25, 33, '100.00', 1468294723, 1468294723),
(69, 10004, 25, 34, '85.00', 1468294723, 1468294723),
(70, 10004, 25, 35, '75.00', 1468294723, 1468294723),
(71, 10004, 26, 29, '12.80', 1468294723, 1468294723),
(72, 10004, 26, 30, '8.00', 1468294723, 1468294723),
(73, 10004, 26, 31, '7.00', 1468294723, 1468294723),
(74, 10004, 26, 32, '6.00', 1468294723, 1468294723),
(75, 10004, 26, 33, '5.00', 1468294723, 1468294723),
(76, 10004, 26, 34, '4.50', 1468294723, 1468294723),
(77, 10004, 26, 35, '4.00', 1468294723, 1468294723),
(78, 10004, 27, 29, '138.00', 1468294723, 1468294723),
(79, 10004, 27, 30, '120.00', 1468294723, 1468294723),
(80, 10004, 27, 31, '100.00', 1468294723, 1468294723),
(81, 10004, 27, 32, '85.00', 1468294723, 1468294723),
(82, 10004, 27, 33, '65.00', 1468294723, 1468294723),
(83, 10004, 27, 34, '50.00', 1468294723, 1468294723),
(84, 10004, 27, 35, '40.00', 1468294723, 1468294723),
(85, 10004, 28, 29, '148.00', 1468294723, 1468294723),
(86, 10004, 28, 30, '120.00', 1468294723, 1468294723),
(87, 10004, 28, 31, '95.00', 1468294723, 1468294723),
(88, 10004, 28, 32, '85.00', 1468294723, 1468294723),
(89, 10004, 28, 33, '75.00', 1468294723, 1468294723),
(90, 10004, 28, 34, '65.00', 1468294723, 1468294723),
(91, 10004, 28, 35, '55.00', 1468294723, 1468294723),
(92, 10004, 29, 29, '168.00', 1468294723, 1468294723),
(93, 10004, 29, 30, '130.00', 1468294723, 1468294723),
(94, 10004, 29, 31, '100.00', 1468294723, 1468294723),
(95, 10004, 29, 32, '85.00', 1468294723, 1468294723),
(96, 10004, 29, 33, '75.00', 1468294723, 1468294723),
(97, 10004, 29, 34, '65.00', 1468294723, 1468294723),
(98, 10004, 29, 35, '55.00', 1468294723, 1468294723),
(99, 10005, 30, 36, '60.00', 1468417744, 1468417744),
(100, 10005, 30, 37, '40.00', 1468417744, 1468417744),
(101, 10005, 30, 38, '25.00', 1468417744, 1468417744),
(102, 10005, 30, 39, '18.00', 1468417744, 1468417744),
(103, 10005, 30, 40, '14.00', 1468417744, 1468417744),
(104, 10005, 30, 41, '13.00', 1468417744, 1468417744),
(105, 10005, 30, 42, '12.00', 1468417744, 1468417744),
(106, 10005, 31, 36, '60.00', 1468417744, 1468417744),
(107, 10005, 31, 37, '40.00', 1468417745, 1468417745),
(108, 10005, 31, 38, '25.00', 1468417745, 1468417745),
(109, 10005, 31, 39, '16.00', 1468417745, 1468417745),
(110, 10005, 31, 40, '12.00', 1468417745, 1468417745),
(111, 10005, 31, 41, '10.00', 1468417745, 1468417745),
(112, 10005, 31, 42, '8.00', 1468417745, 1468417745),
(113, 10005, 32, 36, '198.00', 1468417745, 1468417745),
(114, 10005, 32, 37, '160.00', 1468417745, 1468417745),
(115, 10005, 32, 38, '140.00', 1468417745, 1468417745),
(116, 10005, 32, 39, '120.00', 1468417745, 1468417745),
(117, 10005, 32, 40, '100.00', 1468417745, 1468417745),
(118, 10005, 32, 41, '85.00', 1468417745, 1468417745),
(119, 10005, 32, 42, '75.00', 1468417745, 1468417745),
(120, 10005, 33, 36, '12.80', 1468417745, 1468417745),
(121, 10005, 33, 37, '8.00', 1468417745, 1468417745),
(122, 10005, 33, 38, '7.00', 1468417745, 1468417745),
(123, 10005, 33, 39, '6.00', 1468417745, 1468417745),
(124, 10005, 33, 40, '5.00', 1468417745, 1468417745),
(125, 10005, 33, 41, '4.50', 1468417745, 1468417745),
(126, 10005, 33, 42, '4.00', 1468417745, 1468417745),
(127, 10005, 34, 36, '138.00', 1468417745, 1468417745),
(128, 10005, 34, 37, '120.00', 1468417745, 1468417745),
(129, 10005, 34, 38, '100.00', 1468417745, 1468417745),
(130, 10005, 34, 39, '85.00', 1468417745, 1468417745),
(131, 10005, 34, 40, '65.00', 1468417745, 1468417745),
(132, 10005, 34, 41, '50.00', 1468417745, 1468417745),
(133, 10005, 34, 42, '40.00', 1468417745, 1468417745),
(134, 10005, 35, 36, '148.00', 1468417745, 1468417745),
(135, 10005, 35, 37, '120.00', 1468417745, 1468417745),
(136, 10005, 35, 38, '95.00', 1468417745, 1468417745),
(137, 10005, 35, 39, '85.00', 1468417745, 1468417745),
(138, 10005, 35, 40, '75.00', 1468417745, 1468417745),
(139, 10005, 35, 41, '65.00', 1468417745, 1468417745),
(140, 10005, 35, 42, '55.00', 1468417745, 1468417745),
(141, 10005, 36, 36, '168.00', 1468417745, 1468417745),
(142, 10005, 36, 37, '130.00', 1468417745, 1468417745),
(143, 10005, 36, 38, '100.00', 1468417745, 1468417745),
(144, 10005, 36, 39, '85.00', 1468417745, 1468417745),
(145, 10005, 36, 40, '75.00', 1468417745, 1468417745),
(146, 10005, 36, 41, '65.00', 1468417745, 1468417745),
(147, 10005, 36, 42, '55.00', 1468417745, 1468417745),
(148, 10006, 37, 43, '60.00', 1468417846, 1468417846),
(149, 10006, 37, 44, '40.00', 1468417846, 1468417846),
(150, 10006, 37, 45, '25.00', 1468417846, 1468417846),
(151, 10006, 37, 46, '18.00', 1468417846, 1468417846),
(152, 10006, 37, 47, '14.00', 1468417846, 1468417846),
(153, 10006, 37, 48, '13.00', 1468417846, 1468417846),
(154, 10006, 37, 49, '12.00', 1468417846, 1468417846),
(155, 10006, 38, 43, '60.00', 1468417846, 1468417846),
(156, 10006, 38, 44, '40.00', 1468417846, 1468417846),
(157, 10006, 38, 45, '25.00', 1468417846, 1468417846),
(158, 10006, 38, 46, '16.00', 1468417846, 1468417846),
(159, 10006, 38, 47, '12.00', 1468417846, 1468417846),
(160, 10006, 38, 48, '10.00', 1468417846, 1468417846),
(161, 10006, 38, 49, '8.00', 1468417846, 1468417846),
(162, 10006, 39, 43, '198.00', 1468417846, 1468417846),
(163, 10006, 39, 44, '160.00', 1468417846, 1468417846),
(164, 10006, 39, 45, '140.00', 1468417846, 1468417846),
(165, 10006, 39, 46, '120.00', 1468417846, 1468417846),
(166, 10006, 39, 47, '100.00', 1468417846, 1468417846),
(167, 10006, 39, 48, '85.00', 1468417846, 1468417846),
(168, 10006, 39, 49, '75.00', 1468417846, 1468417846),
(169, 10006, 40, 43, '12.80', 1468417846, 1468417846),
(170, 10006, 40, 44, '8.00', 1468417846, 1468417846),
(171, 10006, 40, 45, '7.00', 1468417846, 1468417846),
(172, 10006, 40, 46, '6.00', 1468417846, 1468417846),
(173, 10006, 40, 47, '5.00', 1468417846, 1468417846),
(174, 10006, 40, 48, '4.50', 1468417846, 1468417846),
(175, 10006, 40, 49, '4.00', 1468417846, 1468417846),
(176, 10006, 41, 43, '138.00', 1468417846, 1468417846),
(177, 10006, 41, 44, '120.00', 1468417846, 1468417846),
(178, 10006, 41, 45, '100.00', 1468417846, 1468417846),
(179, 10006, 41, 46, '85.00', 1468417846, 1468417846),
(180, 10006, 41, 47, '65.00', 1468417846, 1468417846),
(181, 10006, 41, 48, '50.00', 1468417846, 1468417846),
(182, 10006, 41, 49, '40.00', 1468417846, 1468417846),
(183, 10006, 42, 43, '148.00', 1468417846, 1468417846),
(184, 10006, 42, 44, '120.00', 1468417846, 1468417846),
(185, 10006, 42, 45, '95.00', 1468417846, 1468417846),
(186, 10006, 42, 46, '85.00', 1468417846, 1468417846),
(187, 10006, 42, 47, '75.00', 1468417846, 1468417846),
(188, 10006, 42, 48, '65.00', 1468417846, 1468417846),
(189, 10006, 42, 49, '55.00', 1468417846, 1468417846),
(190, 10006, 43, 43, '168.00', 1468417846, 1468417846),
(191, 10006, 43, 44, '130.00', 1468417846, 1468417846),
(192, 10006, 43, 45, '100.00', 1468417846, 1468417846),
(193, 10006, 43, 46, '85.00', 1468417846, 1468417846),
(194, 10006, 43, 47, '75.00', 1468417846, 1468417846),
(195, 10006, 43, 48, '65.00', 1468417846, 1468417846),
(196, 10006, 43, 49, '55.00', 1468417846, 1468417846),
(197, 10008, 44, 50, '60.00', 1468824640, 1468824640),
(198, 10008, 44, 51, '40.00', 1468824640, 1468824640),
(199, 10008, 44, 52, '25.00', 1468824640, 1468824640),
(200, 10008, 44, 53, '18.00', 1468824640, 1468824640),
(201, 10008, 44, 54, '14.00', 1468824640, 1468824640),
(202, 10008, 44, 55, '13.00', 1468824640, 1468824640),
(203, 10008, 44, 56, '12.00', 1468824641, 1468824641),
(204, 10008, 45, 50, '60.00', 1468824641, 1468824641),
(205, 10008, 45, 51, '40.00', 1468824641, 1468824641),
(206, 10008, 45, 52, '25.00', 1468824641, 1468824641),
(207, 10008, 45, 53, '16.00', 1468824641, 1468824641),
(208, 10008, 45, 54, '12.00', 1468824641, 1468824641),
(209, 10008, 45, 55, '10.00', 1468824641, 1468824641),
(210, 10008, 45, 56, '8.00', 1468824641, 1468824641),
(211, 10008, 46, 50, '198.00', 1468824641, 1468824641),
(212, 10008, 46, 51, '160.00', 1468824641, 1468824641),
(213, 10008, 46, 52, '140.00', 1468824641, 1468824641),
(214, 10008, 46, 53, '120.00', 1468824641, 1468824641),
(215, 10008, 46, 54, '100.00', 1468824641, 1468824641),
(216, 10008, 46, 55, '85.00', 1468824641, 1468824641),
(217, 10008, 46, 56, '75.00', 1468824641, 1468824641),
(218, 10008, 47, 50, '12.80', 1468824642, 1468824642),
(219, 10008, 47, 51, '8.00', 1468824642, 1468824642),
(220, 10008, 47, 52, '7.00', 1468824642, 1468824642),
(221, 10008, 47, 53, '6.00', 1468824642, 1468824642),
(222, 10008, 47, 54, '5.00', 1468824642, 1468824642),
(223, 10008, 47, 55, '4.50', 1468824642, 1468824642),
(224, 10008, 47, 56, '4.00', 1468824642, 1468824642),
(225, 10008, 48, 50, '138.00', 1468824642, 1468824642),
(226, 10008, 48, 51, '120.00', 1468824642, 1468824642),
(227, 10008, 48, 52, '100.00', 1468824642, 1468824642),
(228, 10008, 48, 53, '85.00', 1468824642, 1468824642),
(229, 10008, 48, 54, '65.00', 1468824642, 1468824642),
(230, 10008, 48, 55, '50.00', 1468824642, 1468824642),
(231, 10008, 48, 56, '40.00', 1468824642, 1468824642),
(232, 10008, 49, 50, '148.00', 1468824642, 1468824642),
(233, 10008, 49, 51, '120.00', 1468824643, 1468824643),
(234, 10008, 49, 52, '95.00', 1468824643, 1468824643),
(235, 10008, 49, 53, '85.00', 1468824643, 1468824643),
(236, 10008, 49, 54, '75.00', 1468824643, 1468824643),
(237, 10008, 49, 55, '65.00', 1468824643, 1468824643),
(238, 10008, 49, 56, '55.00', 1468824643, 1468824643),
(239, 10008, 50, 50, '168.00', 1468824643, 1468824643),
(240, 10008, 50, 51, '130.00', 1468824643, 1468824643),
(241, 10008, 50, 52, '100.00', 1468824643, 1468824643),
(242, 10008, 50, 53, '85.00', 1468824643, 1468824643),
(243, 10008, 50, 54, '75.00', 1468824643, 1468824643),
(244, 10008, 50, 55, '65.00', 1468824643, 1468824643),
(245, 10008, 50, 56, '55.00', 1468824643, 1468824643),
(246, 10009, 51, 57, '60.00', 1468847741, 1468847741),
(247, 10009, 51, 58, '40.00', 1468847741, 1468847741),
(248, 10009, 51, 59, '25.00', 1468847741, 1468847741),
(249, 10009, 51, 60, '18.00', 1468847741, 1468847741),
(250, 10009, 51, 61, '14.00', 1468847741, 1468847741),
(251, 10009, 51, 62, '13.00', 1468847741, 1468847741),
(252, 10009, 51, 63, '12.00', 1468847741, 1468847741),
(253, 10009, 52, 57, '60.00', 1468847741, 1468847741),
(254, 10009, 52, 58, '40.00', 1468847741, 1468847741),
(255, 10009, 52, 59, '25.00', 1468847741, 1468847741),
(256, 10009, 52, 60, '16.00', 1468847741, 1468847741),
(257, 10009, 52, 61, '12.00', 1468847741, 1468847741),
(258, 10009, 52, 62, '10.00', 1468847741, 1468847741),
(259, 10009, 52, 63, '8.00', 1468847741, 1468847741),
(260, 10009, 53, 57, '198.00', 1468847741, 1468847741),
(261, 10009, 53, 58, '160.00', 1468847741, 1468847741),
(262, 10009, 53, 59, '140.00', 1468847741, 1468847741),
(263, 10009, 53, 60, '120.00', 1468847741, 1468847741),
(264, 10009, 53, 61, '100.00', 1468847741, 1468847741),
(265, 10009, 53, 62, '85.00', 1468847741, 1468847741),
(266, 10009, 53, 63, '75.00', 1468847741, 1468847741),
(267, 10009, 54, 57, '12.80', 1468847741, 1468847741),
(268, 10009, 54, 58, '8.00', 1468847741, 1468847741),
(269, 10009, 54, 59, '7.00', 1468847741, 1468847741),
(270, 10009, 54, 60, '6.00', 1468847741, 1468847741),
(271, 10009, 54, 61, '5.00', 1468847741, 1468847741),
(272, 10009, 54, 62, '4.50', 1468847741, 1468847741),
(273, 10009, 54, 63, '4.00', 1468847741, 1468847741),
(274, 10009, 55, 57, '138.00', 1468847741, 1468847741),
(275, 10009, 55, 58, '120.00', 1468847741, 1468847741),
(276, 10009, 55, 59, '100.00', 1468847741, 1468847741),
(277, 10009, 55, 60, '85.00', 1468847741, 1468847741),
(278, 10009, 55, 61, '65.00', 1468847741, 1468847741),
(279, 10009, 55, 62, '50.00', 1468847741, 1468847741),
(280, 10009, 55, 63, '40.00', 1468847741, 1468847741),
(281, 10009, 56, 57, '148.00', 1468847741, 1468847741),
(282, 10009, 56, 58, '120.00', 1468847741, 1468847741),
(283, 10009, 56, 59, '95.00', 1468847741, 1468847741),
(284, 10009, 56, 60, '85.00', 1468847741, 1468847741),
(285, 10009, 56, 61, '75.00', 1468847741, 1468847741),
(286, 10009, 56, 62, '65.00', 1468847741, 1468847741),
(287, 10009, 56, 63, '55.00', 1468847741, 1468847741),
(288, 10009, 57, 57, '168.00', 1468847741, 1468847741),
(289, 10009, 57, 58, '130.00', 1468847741, 1468847741),
(290, 10009, 57, 59, '100.00', 1468847741, 1468847741),
(291, 10009, 57, 60, '85.00', 1468847741, 1468847741),
(292, 10009, 57, 61, '75.00', 1468847741, 1468847741),
(293, 10009, 57, 62, '65.00', 1468847741, 1468847741),
(294, 10009, 57, 63, '55.00', 1468847741, 1468847741),
(295, 10011, 58, 64, '60.00', 1469591209, 1469591209),
(296, 10011, 58, 65, '40.00', 1469591209, 1469591209),
(297, 10011, 58, 66, '25.00', 1469591209, 1469591209),
(298, 10011, 58, 67, '18.00', 1469591209, 1469591209),
(299, 10011, 58, 68, '14.00', 1469591209, 1469591209),
(300, 10011, 58, 69, '13.00', 1469591209, 1469591209),
(301, 10011, 58, 70, '12.00', 1469591209, 1469591209),
(302, 10011, 59, 64, '60.00', 1469591209, 1469591209),
(303, 10011, 59, 65, '40.00', 1469591209, 1469591209),
(304, 10011, 59, 66, '25.00', 1469591209, 1469591209),
(305, 10011, 59, 67, '16.00', 1469591209, 1469591209),
(306, 10011, 59, 68, '12.00', 1469591209, 1469591209),
(307, 10011, 59, 69, '10.00', 1469591209, 1469591209),
(308, 10011, 59, 70, '8.00', 1469591209, 1469591209),
(309, 10011, 60, 64, '198.00', 1469591209, 1469591209),
(310, 10011, 60, 65, '160.00', 1469591209, 1469591209),
(311, 10011, 60, 66, '140.00', 1469591209, 1469591209),
(312, 10011, 60, 67, '120.00', 1469591209, 1469591209),
(313, 10011, 60, 68, '100.00', 1469591209, 1469591209),
(314, 10011, 60, 69, '85.00', 1469591209, 1469591209),
(315, 10011, 60, 70, '75.00', 1469591209, 1469591209),
(316, 10011, 61, 64, '12.80', 1469591209, 1469591209),
(317, 10011, 61, 65, '8.00', 1469591209, 1469591209),
(318, 10011, 61, 66, '7.00', 1469591209, 1469591209),
(319, 10011, 61, 67, '6.00', 1469591209, 1469591209),
(320, 10011, 61, 68, '5.00', 1469591209, 1469591209),
(321, 10011, 61, 69, '4.50', 1469591209, 1469591209),
(322, 10011, 61, 70, '4.00', 1469591209, 1469591209),
(323, 10011, 62, 64, '138.00', 1469591209, 1469591209),
(324, 10011, 62, 65, '120.00', 1469591209, 1469591209),
(325, 10011, 62, 66, '100.00', 1469591209, 1469591209),
(326, 10011, 62, 67, '85.00', 1469591209, 1469591209),
(327, 10011, 62, 68, '65.00', 1469591209, 1469591209),
(328, 10011, 62, 69, '50.00', 1469591209, 1469591209),
(329, 10011, 62, 70, '40.00', 1469591209, 1469591209),
(330, 10011, 63, 64, '148.00', 1469591209, 1469591209),
(331, 10011, 63, 65, '120.00', 1469591209, 1469591209),
(332, 10011, 63, 66, '95.00', 1469591209, 1469591209),
(333, 10011, 63, 67, '85.00', 1469591209, 1469591209),
(334, 10011, 63, 68, '75.00', 1469591209, 1469591209),
(335, 10011, 63, 69, '65.00', 1469591209, 1469591209),
(336, 10011, 63, 70, '55.00', 1469591209, 1469591209),
(337, 10011, 64, 64, '168.00', 1469591209, 1469591209),
(338, 10011, 64, 65, '130.00', 1469591209, 1469591209),
(339, 10011, 64, 66, '100.00', 1469591209, 1469591209),
(340, 10011, 64, 67, '85.00', 1469591209, 1469591209),
(341, 10011, 64, 68, '75.00', 1469591209, 1469591209),
(342, 10011, 64, 69, '65.00', 1469591209, 1469591209),
(343, 10011, 64, 70, '55.00', 1469591209, 1469591209),
(344, 10012, 65, 71, '60.00', 1469591244, 1469591244),
(345, 10012, 65, 72, '40.00', 1469591244, 1469591244),
(346, 10012, 65, 73, '25.00', 1469591244, 1469591244),
(347, 10012, 65, 74, '18.00', 1469591244, 1469591244),
(348, 10012, 65, 75, '14.00', 1469591244, 1469591244),
(349, 10012, 65, 76, '13.00', 1469591244, 1469591244),
(350, 10012, 65, 77, '12.00', 1469591244, 1469591244),
(351, 10012, 66, 71, '60.00', 1469591244, 1469591244),
(352, 10012, 66, 72, '40.00', 1469591244, 1469591244),
(353, 10012, 66, 73, '25.00', 1469591244, 1469591244),
(354, 10012, 66, 74, '16.00', 1469591244, 1469591244),
(355, 10012, 66, 75, '12.00', 1469591244, 1469591244),
(356, 10012, 66, 76, '10.00', 1469591244, 1469591244),
(357, 10012, 66, 77, '8.00', 1469591244, 1469591244),
(358, 10012, 67, 71, '198.00', 1469591244, 1469591244),
(359, 10012, 67, 72, '160.00', 1469591244, 1469591244),
(360, 10012, 67, 73, '140.00', 1469591244, 1469591244),
(361, 10012, 67, 74, '120.00', 1469591244, 1469591244),
(362, 10012, 67, 75, '100.00', 1469591244, 1469591244),
(363, 10012, 67, 76, '85.00', 1469591244, 1469591244),
(364, 10012, 67, 77, '75.00', 1469591244, 1469591244),
(365, 10012, 68, 71, '12.80', 1469591244, 1469591244),
(366, 10012, 68, 72, '8.00', 1469591244, 1469591244),
(367, 10012, 68, 73, '7.00', 1469591244, 1469591244),
(368, 10012, 68, 74, '6.00', 1469591244, 1469591244),
(369, 10012, 68, 75, '5.00', 1469591244, 1469591244),
(370, 10012, 68, 76, '4.50', 1469591244, 1469591244),
(371, 10012, 68, 77, '4.00', 1469591244, 1469591244),
(372, 10012, 69, 71, '138.00', 1469591244, 1469591244),
(373, 10012, 69, 72, '120.00', 1469591244, 1469591244),
(374, 10012, 69, 73, '100.00', 1469591244, 1469591244),
(375, 10012, 69, 74, '85.00', 1469591244, 1469591244),
(376, 10012, 69, 75, '65.00', 1469591244, 1469591244),
(377, 10012, 69, 76, '50.00', 1469591244, 1469591244),
(378, 10012, 69, 77, '40.00', 1469591244, 1469591244),
(379, 10012, 70, 71, '148.00', 1469591244, 1469591244),
(380, 10012, 70, 72, '120.00', 1469591244, 1469591244),
(381, 10012, 70, 73, '95.00', 1469591244, 1469591244),
(382, 10012, 70, 74, '85.00', 1469591244, 1469591244),
(383, 10012, 70, 75, '75.00', 1469591244, 1469591244),
(384, 10012, 70, 76, '65.00', 1469591244, 1469591244),
(385, 10012, 70, 77, '55.00', 1469591244, 1469591244),
(386, 10012, 71, 71, '168.00', 1469591244, 1469591244),
(387, 10012, 71, 72, '130.00', 1469591244, 1469591244),
(388, 10012, 71, 73, '100.00', 1469591244, 1469591244),
(389, 10012, 71, 74, '85.00', 1469591244, 1469591244),
(390, 10012, 71, 75, '75.00', 1469591244, 1469591244),
(391, 10012, 71, 76, '65.00', 1469591244, 1469591244),
(392, 10012, 71, 77, '55.00', 1469591244, 1469591244),
(393, 10000, 72, 1, '108.00', 1471448823, 1471433830),
(394, 10000, 72, 2, '108.00', 1471448823, 1471433830),
(395, 10000, 72, 3, '88.00', 1471448823, 1471433830),
(396, 10000, 72, 4, '78.00', 1471448823, 1471433830),
(397, 10000, 72, 5, '68.00', 1471448823, 1471433830),
(398, 10000, 72, 6, '58.00', 1471448823, 1471433830),
(399, 10000, 72, 7, '48.00', 1471448823, 1471433830),
(400, 10000, 73, 1, '78.00', 1475254201, 1475254201),
(401, 10000, 73, 2, '78.00', 1475254201, 1475254201),
(402, 10000, 73, 3, '52.00', 1475254201, 1475254201),
(403, 10000, 73, 4, '42.00', 1475254201, 1475254201),
(404, 10000, 73, 5, '32.00', 1475254201, 1475254201),
(405, 10000, 73, 6, '27.00', 1475254201, 1475254201),
(406, 10000, 74, 1, '78.00', 1475254242, 1475254242),
(407, 10000, 74, 2, '78.00', 1475254242, 1475254242),
(408, 10000, 74, 3, '57.00', 1475254242, 1475254242),
(409, 10000, 74, 4, '47.00', 1475254242, 1475254242),
(410, 10000, 74, 5, '37.00', 1475254242, 1475254242),
(411, 10000, 74, 6, '32.00', 1475254242, 1475254242),
(412, 10000, 75, 1, '78.00', 1475254279, 1475254279),
(413, 10000, 75, 2, '78.00', 1475254279, 1475254279),
(414, 10000, 75, 3, '57.00', 1475254279, 1475254279),
(415, 10000, 75, 4, '47.00', 1475254279, 1475254279),
(416, 10000, 75, 5, '37.00', 1475254279, 1475254279),
(417, 10000, 75, 6, '32.00', 1475254279, 1475254279),
(418, 10000, 76, 1, '78.00', 1475254310, 1475254310),
(419, 10000, 76, 2, '78.00', 1475254310, 1475254310),
(420, 10000, 76, 3, '57.00', 1475254310, 1475254310),
(421, 10000, 76, 4, '47.00', 1475254310, 1475254310),
(422, 10000, 76, 5, '37.00', 1475254310, 1475254310),
(423, 10000, 76, 6, '32.00', 1475254310, 1475254310),
(424, 10000, 77, 1, '109.00', 1475254358, 1475254358),
(425, 10000, 77, 2, '109.00', 1475254358, 1475254358),
(426, 10000, 77, 3, '85.00', 1475254358, 1475254358),
(427, 10000, 77, 4, '75.00', 1475254358, 1475254358),
(428, 10000, 77, 5, '65.00', 1475254358, 1475254358),
(429, 10000, 77, 6, '60.00', 1475254358, 1475254358),
(430, 10000, 78, 1, '109.00', 1475254568, 1475254395),
(431, 10000, 78, 2, '109.00', 1475254568, 1475254395),
(432, 10000, 78, 3, '85.00', 1475254568, 1475254395),
(433, 10000, 78, 4, '75.00', 1475254568, 1475254395),
(434, 10000, 78, 5, '65.00', 1475254568, 1475254395),
(435, 10000, 78, 6, '60.00', 1475254568, 1475254395),
(436, 10000, 79, 1, '198.00', 1475254427, 1475254427),
(437, 10000, 79, 2, '198.00', 1475254427, 1475254427),
(438, 10000, 79, 3, '160.00', 1475254427, 1475254427),
(439, 10000, 79, 4, '140.00', 1475254427, 1475254427),
(440, 10000, 79, 5, '130.00', 1475254427, 1475254427),
(441, 10000, 79, 6, '120.00', 1475254427, 1475254427),
(442, 10013, 80, 78, '60.00', 1477323968, 1477323968),
(443, 10013, 80, 79, '40.00', 1477323968, 1477323968),
(444, 10013, 80, 80, '25.00', 1477323968, 1477323968),
(445, 10013, 80, 81, '18.00', 1477323968, 1477323968),
(446, 10013, 80, 82, '14.00', 1477323968, 1477323968),
(447, 10013, 80, 83, '13.00', 1477323968, 1477323968),
(448, 10013, 80, 84, '12.00', 1477323968, 1477323968),
(449, 10013, 81, 78, '60.00', 1477323968, 1477323968),
(450, 10013, 81, 79, '40.00', 1477323968, 1477323968),
(451, 10013, 81, 80, '25.00', 1477323968, 1477323968),
(452, 10013, 81, 81, '16.00', 1477323968, 1477323968),
(453, 10013, 81, 82, '12.00', 1477323968, 1477323968),
(454, 10013, 81, 83, '10.00', 1477323968, 1477323968),
(455, 10013, 81, 84, '8.00', 1477323968, 1477323968),
(456, 10013, 82, 78, '198.00', 1477323968, 1477323968),
(457, 10013, 82, 79, '160.00', 1477323968, 1477323968),
(458, 10013, 82, 80, '140.00', 1477323968, 1477323968),
(459, 10013, 82, 81, '120.00', 1477323968, 1477323968),
(460, 10013, 82, 82, '100.00', 1477323968, 1477323968),
(461, 10013, 82, 83, '85.00', 1477323968, 1477323968),
(462, 10013, 82, 84, '75.00', 1477323968, 1477323968),
(463, 10013, 83, 78, '12.80', 1477323968, 1477323968),
(464, 10013, 83, 79, '8.00', 1477323968, 1477323968),
(465, 10013, 83, 80, '7.00', 1477323968, 1477323968),
(466, 10013, 83, 81, '6.00', 1477323968, 1477323968),
(467, 10013, 83, 82, '5.00', 1477323968, 1477323968),
(468, 10013, 83, 83, '4.50', 1477323968, 1477323968),
(469, 10013, 83, 84, '4.00', 1477323968, 1477323968),
(470, 10013, 84, 78, '138.00', 1477323968, 1477323968),
(471, 10013, 84, 79, '120.00', 1477323968, 1477323968),
(472, 10013, 84, 80, '100.00', 1477323968, 1477323968),
(473, 10013, 84, 81, '85.00', 1477323968, 1477323968),
(474, 10013, 84, 82, '65.00', 1477323968, 1477323968),
(475, 10013, 84, 83, '50.00', 1477323968, 1477323968),
(476, 10013, 84, 84, '40.00', 1477323968, 1477323968),
(477, 10013, 85, 78, '148.00', 1477323968, 1477323968),
(478, 10013, 85, 79, '120.00', 1477323968, 1477323968),
(479, 10013, 85, 80, '95.00', 1477323968, 1477323968),
(480, 10013, 85, 81, '85.00', 1477323968, 1477323968),
(481, 10013, 85, 82, '75.00', 1477323968, 1477323968),
(482, 10013, 85, 83, '65.00', 1477323968, 1477323968),
(483, 10013, 85, 84, '55.00', 1477323968, 1477323968),
(484, 10013, 86, 78, '168.00', 1477323968, 1477323968),
(485, 10013, 86, 79, '130.00', 1477323968, 1477323968),
(486, 10013, 86, 80, '100.00', 1477323968, 1477323968),
(487, 10013, 86, 81, '85.00', 1477323968, 1477323968),
(488, 10013, 86, 82, '75.00', 1477323968, 1477323968),
(489, 10013, 86, 83, '65.00', 1477323968, 1477323968),
(490, 10013, 86, 84, '55.00', 1477323968, 1477323968),
(491, 10000, 87, 1, '98.00', 1480589151, 1480589151),
(492, 10000, 87, 2, '98.00', 1480589151, 1480589151),
(493, 10000, 87, 3, '72.00', 1480589151, 1480589151),
(494, 10000, 87, 4, '62.00', 1480589151, 1480589151),
(495, 10000, 87, 5, '52.00', 1480589151, 1480589151),
(496, 10000, 87, 6, '42.00', 1480589151, 1480589151),
(497, 10000, 88, 1, '298.00', 1480589249, 1480589249),
(498, 10000, 88, 2, '298.00', 1480589249, 1480589249),
(499, 10000, 88, 3, '235.00', 1480589249, 1480589249),
(500, 10000, 88, 4, '205.00', 1480589249, 1480589249),
(501, 10000, 88, 5, '180.00', 1480589249, 1480589249),
(502, 10000, 88, 6, '160.00', 1480589249, 1480589249),
(503, 10000, 89, 1, '148.00', 1480589325, 1480589325),
(504, 10000, 89, 2, '148.00', 1480589325, 1480589325),
(505, 10000, 89, 3, '128.00', 1480589325, 1480589325),
(506, 10000, 89, 4, '108.00', 1480589325, 1480589325),
(507, 10000, 89, 5, '98.00', 1480589325, 1480589325),
(508, 10000, 89, 6, '88.00', 1480589325, 1480589325),
(509, 10000, 90, 1, '98.00', 1480589359, 1480589359),
(510, 10000, 90, 2, '98.00', 1480589359, 1480589359),
(511, 10000, 90, 3, '77.00', 1480589359, 1480589359),
(512, 10000, 90, 4, '67.00', 1480589359, 1480589359),
(513, 10000, 90, 5, '57.00', 1480589359, 1480589359),
(514, 10000, 90, 6, '47.00', 1480589359, 1480589359),
(515, 10000, 91, 1, '31.00', 1482238197, 1482238197),
(516, 10000, 91, 2, '31.00', 1482238197, 1482238197),
(517, 10000, 91, 3, '25.00', 1482238197, 1482238197),
(518, 10000, 91, 4, '23.00', 1482238197, 1482238197),
(519, 10000, 91, 5, '20.00', 1482238197, 1482238197),
(520, 10000, 91, 6, '18.00', 1482238197, 1482238197),
(521, 10000, 91, 7, '16.50', 1482238197, 1482238197),
(522, 10000, 92, 1, '9.90', 1494736715, 1489032327),
(523, 10000, 92, 2, '9.90', 1494736715, 1489032328),
(524, 10000, 92, 3, '9.00', 1494736715, 1489032328),
(525, 10000, 92, 4, '7.10', 1494736715, 1489032328),
(526, 10000, 92, 5, '6.10', 1494736715, 1489032328),
(527, 10000, 92, 6, '5.10', 1494736715, 1489032328),
(528, 10000, 92, 7, '4.30', 1494736715, 1489032328);

-- --------------------------------------------------------

--
-- 表的结构 `thank_role`
--

CREATE TABLE IF NOT EXISTS `thank_role` (
  `id` mediumint(8) unsigned NOT NULL,
  `title` varchar(100) NOT NULL DEFAULT '' COMMENT '角色名称',
  `remark` varchar(255) NOT NULL DEFAULT '' COMMENT '备注',
  `status` tinyint(1) NOT NULL DEFAULT '1' COMMENT '状态：为1正常，为0禁用',
  `rules` varchar(500) NOT NULL DEFAULT '' COMMENT '规则'
) ENGINE=InnoDB AUTO_INCREMENT=3 DEFAULT CHARSET=utf8 COMMENT='角色表';

--
-- 转存表中的数据 `thank_role`
--

INSERT INTO `thank_role` (`id`, `title`, `remark`, `status`, `rules`) VALUES
(1, '超级管理员', '拥有最高权限！', 1, ''),
(2, '普通管理员', '拥有部分权限', 1, '1,2,6,7,25,85,86,5,30,33,39,45,46,62,31,50,51,52,65,71,72,73,75,76,66,67,68,69,70,32,48,54,55,63,49,57,58,64,82,83,84');

-- --------------------------------------------------------

--
-- 表的结构 `thank_user`
--

CREATE TABLE IF NOT EXISTS `thank_user` (
  `id` smallint(5) unsigned NOT NULL,
  `username` varchar(100) NOT NULL DEFAULT '' COMMENT '用户名',
  `truename` varchar(50) NOT NULL DEFAULT '' COMMENT '昵称/姓名',
  `password` varchar(50) NOT NULL COMMENT '密码',
  `last_login_time` int(11) unsigned NOT NULL DEFAULT '0' COMMENT '上次登录时间',
  `last_login_ip` varchar(50) NOT NULL DEFAULT '' COMMENT '上次登录IP',
  `verify` varchar(50) NOT NULL DEFAULT '' COMMENT '证验码',
  `email` varchar(50) NOT NULL DEFAULT '' COMMENT '邮箱',
  `remark` varchar(1000) NOT NULL DEFAULT '' COMMENT '备注',
  `create_time` int(11) unsigned NOT NULL COMMENT '创建时间',
  `update_time` int(11) unsigned NOT NULL COMMENT '更新时间',
  `status` tinyint(1) NOT NULL DEFAULT '0' COMMENT '状态'
) ENGINE=InnoDB AUTO_INCREMENT=2 DEFAULT CHARSET=utf8 COMMENT='后台用户表';

--
-- 转存表中的数据 `thank_user`
--

INSERT INTO `thank_user` (`id`, `username`, `truename`, `password`, `last_login_time`, `last_login_ip`, `verify`, `email`, `remark`, `create_time`, `update_time`, `status`) VALUES
(1, 'ztao', '张涛', '9e3008a34f8ffcb85752c5b4bdd0a8ee', 1486704140, '116.228.88.119', 'SgqZIN', 'ztao8@qq.com', '备注3', 1435807894, 1463990065, 1);

--
-- Indexes for dumped tables
--

--
-- Indexes for table `thank_access`
--
ALTER TABLE `thank_access`
  ADD UNIQUE KEY `uid_role_id` (`uid`,`role_id`),
  ADD KEY `uid` (`uid`),
  ADD KEY `role_id` (`role_id`);

--
-- Indexes for table `thank_agent`
--
ALTER TABLE `thank_agent`
  ADD PRIMARY KEY (`id`),
  ADD KEY `member_id` (`member_id`) USING BTREE COMMENT '会员id',
  ADD KEY `grade` (`grade`) USING BTREE COMMENT '代理级别';

--
-- Indexes for table `thank_agent_extend`
--
ALTER TABLE `thank_agent_extend`
  ADD PRIMARY KEY (`id`),
  ADD KEY `province_id` (`province_id`),
  ADD KEY `city_id` (`city_id`),
  ADD KEY `name` (`name`),
  ADD KEY `agent_id` (`agent_id`) USING BTREE COMMENT '代理id',
  ADD KEY `member_id` (`member_id`) USING BTREE COMMENT '会员id';

--
-- Indexes for table `thank_area`
--
ALTER TABLE `thank_area`
  ADD PRIMARY KEY (`id`),
  ADD KEY `city_id` (`city_id`),
  ADD KEY `listorder` (`listorder`);

--
-- Indexes for table `thank_category`
--
ALTER TABLE `thank_category`
  ADD PRIMARY KEY (`id`),
  ADD KEY `parentid` (`parentid`),
  ADD KEY `listorder` (`listorder`),
  ADD KEY `status` (`status`);

--
-- Indexes for table `thank_city`
--
ALTER TABLE `thank_city`
  ADD PRIMARY KEY (`id`),
  ADD KEY `seo` (`seo`),
  ADD KEY `ishot` (`ishot`),
  ADD KEY `listorder` (`listorder`);

--
-- Indexes for table `thank_comment`
--
ALTER TABLE `thank_comment`
  ADD PRIMARY KEY (`id`),
  ADD KEY `status` (`status`);

--
-- Indexes for table `thank_content`
--
ALTER TABLE `thank_content`
  ADD PRIMARY KEY (`id`),
  ADD KEY `listorder` (`listorder`),
  ADD KEY `istop` (`istop`),
  ADD KEY `ishot` (`ishot`),
  ADD KEY `isrecom` (`isrecom`),
  ADD KEY `status` (`status`);

--
-- Indexes for table `thank_express`
--
ALTER TABLE `thank_express`
  ADD PRIMARY KEY (`id`),
  ADD KEY `name` (`name`);

--
-- Indexes for table `thank_feedback`
--
ALTER TABLE `thank_feedback`
  ADD PRIMARY KEY (`id`),
  ADD KEY `member_id` (`member_id`),
  ADD KEY `status` (`status`);

--
-- Indexes for table `thank_grade`
--
ALTER TABLE `thank_grade`
  ADD PRIMARY KEY (`id`),
  ADD KEY `title` (`title`),
  ADD KEY `member_id` (`member_id`) USING BTREE,
  ADD KEY `listorder` (`listorder`) USING BTREE COMMENT '排序';

--
-- Indexes for table `thank_loginlog`
--
ALTER TABLE `thank_loginlog`
  ADD PRIMARY KEY (`id`);

--
-- Indexes for table `thank_member`
--
ALTER TABLE `thank_member`
  ADD PRIMARY KEY (`id`),
  ADD UNIQUE KEY `email` (`email`),
  ADD KEY `phone` (`phone`),
  ADD KEY `recom_id` (`recom_id`),
  ADD KEY `status` (`status`);

--
-- Indexes for table `thank_member_config`
--
ALTER TABLE `thank_member_config`
  ADD UNIQUE KEY `member_id` (`member_id`);

--
-- Indexes for table `thank_member_limit`
--
ALTER TABLE `thank_member_limit`
  ADD UNIQUE KEY `member_id` (`member_id`),
  ADD KEY `limit_type` (`limit_type`);

--
-- Indexes for table `thank_member_loginlog`
--
ALTER TABLE `thank_member_loginlog`
  ADD PRIMARY KEY (`id`);

--
-- Indexes for table `thank_member_viplog`
--
ALTER TABLE `thank_member_viplog`
  ADD PRIMARY KEY (`id`),
  ADD KEY `member_id` (`member_id`);

--
-- Indexes for table `thank_menu`
--
ALTER TABLE `thank_menu`
  ADD PRIMARY KEY (`id`);

--
-- Indexes for table `thank_operationlog`
--
ALTER TABLE `thank_operationlog`
  ADD PRIMARY KEY (`id`),
  ADD KEY `status` (`status`),
  ADD KEY `username` (`uid`);

--
-- Indexes for table `thank_order`
--
ALTER TABLE `thank_order`
  ADD PRIMARY KEY (`id`),
  ADD KEY `member_id` (`member_id`) USING BTREE;

--
-- Indexes for table `thank_order_goods`
--
ALTER TABLE `thank_order_goods`
  ADD PRIMARY KEY (`id`),
  ADD UNIQUE KEY `unico` (`member_id`,`order_id`,`product_id`) USING BTREE,
  ADD KEY `order_id` (`order_id`),
  ADD KEY `product_id` (`product_id`),
  ADD KEY `grade` (`grade`);

--
-- Indexes for table `thank_product`
--
ALTER TABLE `thank_product`
  ADD PRIMARY KEY (`id`),
  ADD KEY `title` (`title`(255));

--
-- Indexes for table `thank_product_extend`
--
ALTER TABLE `thank_product_extend`
  ADD PRIMARY KEY (`id`),
  ADD UNIQUE KEY `unico` (`member_id`,`product_id`,`grade`) USING BTREE,
  ADD KEY `product_id` (`product_id`),
  ADD KEY `grade` (`grade`);

--
-- Indexes for table `thank_role`
--
ALTER TABLE `thank_role`
  ADD PRIMARY KEY (`id`);

--
-- Indexes for table `thank_user`
--
ALTER TABLE `thank_user`
  ADD PRIMARY KEY (`id`),
  ADD UNIQUE KEY `account` (`username`);

--
-- AUTO_INCREMENT for dumped tables
--

--
-- AUTO_INCREMENT for table `thank_agent`
--
ALTER TABLE `thank_agent`
  MODIFY `id` int(11) unsigned NOT NULL AUTO_INCREMENT COMMENT 'ID',AUTO_INCREMENT=114;
--
-- AUTO_INCREMENT for table `thank_agent_extend`
--
ALTER TABLE `thank_agent_extend`
  MODIFY `id` int(11) unsigned NOT NULL AUTO_INCREMENT COMMENT 'ID',AUTO_INCREMENT=119;
--
-- AUTO_INCREMENT for table `thank_area`
--
ALTER TABLE `thank_area`
  MODIFY `id` int(11) unsigned NOT NULL AUTO_INCREMENT COMMENT 'ID',AUTO_INCREMENT=3;
--
-- AUTO_INCREMENT for table `thank_category`
--
ALTER TABLE `thank_category`
  MODIFY `id` int(11) unsigned NOT NULL AUTO_INCREMENT COMMENT 'ID',AUTO_INCREMENT=7;
--
-- AUTO_INCREMENT for table `thank_city`
--
ALTER TABLE `thank_city`
  MODIFY `id` int(11) unsigned NOT NULL AUTO_INCREMENT COMMENT 'ID',AUTO_INCREMENT=355;
--
-- AUTO_INCREMENT for table `thank_comment`
--
ALTER TABLE `thank_comment`
  MODIFY `id` int(11) unsigned NOT NULL AUTO_INCREMENT COMMENT 'ID';
--
-- AUTO_INCREMENT for table `thank_content`
--
ALTER TABLE `thank_content`
  MODIFY `id` int(11) unsigned NOT NULL AUTO_INCREMENT COMMENT 'ID',AUTO_INCREMENT=5;
--
-- AUTO_INCREMENT for table `thank_express`
--
ALTER TABLE `thank_express`
  MODIFY `id` int(11) unsigned NOT NULL AUTO_INCREMENT COMMENT 'ID',AUTO_INCREMENT=14;
--
-- AUTO_INCREMENT for table `thank_feedback`
--
ALTER TABLE `thank_feedback`
  MODIFY `id` int(11) unsigned NOT NULL AUTO_INCREMENT COMMENT 'ID',AUTO_INCREMENT=3;
--
-- AUTO_INCREMENT for table `thank_grade`
--
ALTER TABLE `thank_grade`
  MODIFY `id` int(11) unsigned NOT NULL AUTO_INCREMENT COMMENT 'ID',AUTO_INCREMENT=85;
--
-- AUTO_INCREMENT for table `thank_loginlog`
--
ALTER TABLE `thank_loginlog`
  MODIFY `id` int(11) NOT NULL AUTO_INCREMENT COMMENT '日志ID',AUTO_INCREMENT=99;
--
-- AUTO_INCREMENT for table `thank_member`
--
ALTER TABLE `thank_member`
  MODIFY `id` int(11) unsigned NOT NULL AUTO_INCREMENT COMMENT 'ID',AUTO_INCREMENT=10014;
--
-- AUTO_INCREMENT for table `thank_member_loginlog`
--
ALTER TABLE `thank_member_loginlog`
  MODIFY `id` int(11) NOT NULL AUTO_INCREMENT COMMENT '日志ID',AUTO_INCREMENT=327;
--
-- AUTO_INCREMENT for table `thank_member_viplog`
--
ALTER TABLE `thank_member_viplog`
  MODIFY `id` int(11) unsigned NOT NULL AUTO_INCREMENT COMMENT 'ID',AUTO_INCREMENT=28;
--
-- AUTO_INCREMENT for table `thank_menu`
--
ALTER TABLE `thank_menu`
  MODIFY `id` mediumint(8) unsigned NOT NULL AUTO_INCREMENT,AUTO_INCREMENT=88;
--
-- AUTO_INCREMENT for table `thank_operationlog`
--
ALTER TABLE `thank_operationlog`
  MODIFY `id` int(11) NOT NULL AUTO_INCREMENT COMMENT '日志ID',AUTO_INCREMENT=546;
--
-- AUTO_INCREMENT for table `thank_order`
--
ALTER TABLE `thank_order`
  MODIFY `id` int(11) unsigned NOT NULL AUTO_INCREMENT COMMENT 'ID',AUTO_INCREMENT=353;
--
-- AUTO_INCREMENT for table `thank_order_goods`
--
ALTER TABLE `thank_order_goods`
  MODIFY `id` int(11) unsigned NOT NULL AUTO_INCREMENT COMMENT 'ID',AUTO_INCREMENT=1004;
--
-- AUTO_INCREMENT for table `thank_product`
--
ALTER TABLE `thank_product`
  MODIFY `id` int(11) unsigned NOT NULL AUTO_INCREMENT COMMENT 'ID',AUTO_INCREMENT=93;
--
-- AUTO_INCREMENT for table `thank_product_extend`
--
ALTER TABLE `thank_product_extend`
  MODIFY `id` int(11) unsigned NOT NULL AUTO_INCREMENT COMMENT 'ID',AUTO_INCREMENT=529;
--
-- AUTO_INCREMENT for table `thank_role`
--
ALTER TABLE `thank_role`
  MODIFY `id` mediumint(8) unsigned NOT NULL AUTO_INCREMENT,AUTO_INCREMENT=3;
--
-- AUTO_INCREMENT for table `thank_user`
--
ALTER TABLE `thank_user`
  MODIFY `id` smallint(5) unsigned NOT NULL AUTO_INCREMENT,AUTO_INCREMENT=2;
/*!40101 SET CHARACTER_SET_CLIENT=@OLD_CHARACTER_SET_CLIENT */;
/*!40101 SET CHARACTER_SET_RESULTS=@OLD_CHARACTER_SET_RESULTS */;
/*!40101 SET COLLATION_CONNECTION=@OLD_COLLATION_CONNECTION */;
